[2026-07-24T06:07:40.773Z] {"timestamp":1784873260664,"kind":"focusin","url":"http://localhost:3000/","viewport":{"width":1396,"height":663},"payload":{"target":{"tag":"button","id":null,"name":null,"type":null,"role":"switch","ariaLabel":"Toggle dark mode","testId":null,"dataLoc":"client\\src\\components\\AnimatedToggle.tsx:114","href":null,"text":"","selectorHint":"[data-loc=\"client\\src\\components\\AnimatedToggle.tsx:114\"]"}}}
[2026-07-24T06:07:42.805Z] {"timestamp":1784873260889,"kind":"click","url":"http://localhost:3000/","viewport":{"width":1396,"height":663},"payload":{"target":{"tag":"button","id":null,"name":null,"type":null,"role":"switch","ariaLabel":"Toggle dark mode","testId":null,"dataLoc":"client\\src\\components\\AnimatedToggle.tsx:114","href":null,"text":"","selectorHint":"[data-loc=\"client\\src\\components\\AnimatedToggle.tsx:114\"]"},"x":1166,"y":37}}
[2026-07-24T06:07:42.805Z] {"timestamp":1784873261966,"kind":"click","url":"http://localhost:3000/","viewport":{"width":1396,"height":663},"payload":{"target":{"tag":"button","id":null,"name":null,"type":null,"role":"switch","ariaLabel":"Toggle dark mode","testId":null,"dataLoc":"client\\src\\components\\AnimatedToggle.tsx:114","href":null,"text":"","selectorHint":"[data-loc=\"client\\src\\components\\AnimatedToggle.tsx:114\"]"},"x":1166,"y":37}}
[2026-07-24T06:07:44.770Z] {"timestamp":1784873263414,"kind":"scroll","url":"http://localhost:3000/","viewport":{"width":1396,"height":663},"payload":{"scrollX":0,"scrollY":11.636363983154297,"documentHeight":11370,"viewportHeight":663}}
[2026-07-24T06:07:44.770Z] {"timestamp":1784873263915,"kind":"scroll","url":"http://localhost:3000/","viewport":{"width":1396,"height":663},"payload":{"scrollX":0,"scrollY":541.8181762695312,"documentHeight":11370,"viewportHeight":663}}
[2026-07-24T06:07:44.770Z] {"timestamp":1784873264482,"kind":"scroll","url":"http://localhost:3000/","viewport":{"width":1396,"height":663},"payload":{"scrollX":0,"scrollY":580.3636474609375,"documentHeight":11370,"viewportHeight":663}}
[2026-07-24T06:07:46.772Z] {"timestamp":1784873264984,"kind":"scroll","url":"http://localhost:3000/","viewport":{"width":1396,"height":663},"payload":{"scrollX":0,"scrollY":1053.8182373046875,"documentHeight":11370,"viewportHeight":663}}
[2026-07-24T06:07:46.772Z] {"timestamp":1784873265950,"kind":"scroll","url":"http://localhost:3000/","viewport":{"width":1396,"height":663},"payload":{"scrollX":0,"scrollY":1091.6363525390625,"documentHeight":11370,"viewportHeight":663}}
[2026-07-24T06:07:46.772Z] {"timestamp":1784873266450,"kind":"scroll","url":"http://localhost:3000/","viewport":{"width":1396,"height":663},"payload":{"scrollX":0,"scrollY":1697.45458984375,"documentHeight":11370,"viewportHeight":663}}
[2026-07-24T06:07:48.765Z] {"timestamp":1784873267683,"kind":"scroll","url":"http://localhost:3000/","viewport":{"width":1396,"height":663},"payload":{"scrollX":0,"scrollY":1716.3636474609375,"documentHeight":11370,"viewportHeight":663}}
[2026-07-24T06:07:48.765Z] {"timestamp":1784873268648,"kind":"scroll","url":"http://localhost:3000/","viewport":{"width":1396,"height":663},"payload":{"scrollX":0,"scrollY":2261.0908203125,"documentHeight":11370,"viewportHeight":663}}
[2026-07-24T06:07:50.766Z] {"timestamp":1784873269215,"kind":"scroll","url":"http://localhost:3000/","viewport":{"width":1396,"height":663},"payload":{"scrollX":0,"scrollY":2329.45458984375,"documentHeight":11370,"viewportHeight":663}}
[2026-07-24T06:07:50.766Z] {"timestamp":1784873269849,"kind":"scroll","url":"http://localhost:3000/","viewport":{"width":1396,"height":663},"payload":{"scrollX":0,"scrollY":2862.54541015625,"documentHeight":11370,"viewportHeight":663}}
[2026-07-24T06:07:50.766Z] {"timestamp":1784873270548,"kind":"scroll","url":"http://localhost:3000/","viewport":{"width":1396,"height":663},"payload":{"scrollX":0,"scrollY":3347.636474609375,"documentHeight":11370,"viewportHeight":663}}
[2026-07-24T06:07:52.771Z] {"timestamp":1784873271781,"kind":"scroll","url":"http://localhost:3000/","viewport":{"width":1396,"height":663},"payload":{"scrollX":0,"scrollY":3530.9091796875,"documentHeight":11370,"viewportHeight":663}}
[2026-07-24T06:07:54.766Z] {"timestamp":1784873272982,"kind":"scroll","url":"http://localhost:3000/","viewport":{"width":1396,"height":663},"payload":{"scrollX":0,"scrollY":3760.727294921875,"documentHeight":11370,"viewportHeight":663}}
[2026-07-24T06:07:54.766Z] {"timestamp":1784873273515,"kind":"scroll","url":"http://localhost:3000/","viewport":{"width":1396,"height":663},"payload":{"scrollX":0,"scrollY":4044.363525390625,"documentHeight":11370,"viewportHeight":663}}
[2026-07-24T06:07:54.766Z] {"timestamp":1784873274115,"kind":"scroll","url":"http://localhost:3000/","viewport":{"width":1396,"height":663},"payload":{"scrollX":0,"scrollY":4399.27294921875,"documentHeight":11370,"viewportHeight":663}}
[2026-07-24T06:07:54.766Z] {"timestamp":1784873274649,"kind":"scroll","url":"http://localhost:3000/","viewport":{"width":1396,"height":663},"payload":{"scrollX":0,"scrollY":4675.63623046875,"documentHeight":11370,"viewportHeight":663}}
[2026-07-24T06:07:56.767Z] {"timestamp":1784873275183,"kind":"scroll","url":"http://localhost:3000/","viewport":{"width":1396,"height":663},"payload":{"scrollX":0,"scrollY":4469.0908203125,"documentHeight":11370,"viewportHeight":663}}
[2026-07-24T06:07:56.767Z] {"timestamp":1784873275713,"kind":"scroll","url":"http://localhost:3000/","viewport":{"width":1396,"height":663},"payload":{"scrollX":0,"scrollY":4495.27294921875,"documentHeight":11370,"viewportHeight":663}}
[2026-07-24T06:07:56.767Z] {"timestamp":1784873276481,"kind":"scroll","url":"http://localhost:3000/","viewport":{"width":1396,"height":663},"payload":{"scrollX":0,"scrollY":4592.72705078125,"documentHeight":11370,"viewportHeight":663}}
[2026-07-24T06:07:58.771Z] {"timestamp":1784873277180,"kind":"scroll","url":"http://localhost:3000/","viewport":{"width":1396,"height":663},"payload":{"scrollX":0,"scrollY":4802.181640625,"documentHeight":11370,"viewportHeight":663}}
[2026-07-24T06:07:58.771Z] {"timestamp":1784873278019,"kind":"scroll","url":"http://localhost:3000/","viewport":{"width":1396,"height":663},"payload":{"scrollX":0,"scrollY":5239.27294921875,"documentHeight":11370,"viewportHeight":663}}
[2026-07-24T06:07:58.771Z] {"timestamp":1784873278553,"kind":"scroll","url":"http://localhost:3000/","viewport":{"width":1396,"height":663},"payload":{"scrollX":0,"scrollY":5566.54541015625,"documentHeight":11370,"viewportHeight":663}}
[2026-07-24T06:08:00.766Z] {"timestamp":1784873279084,"kind":"scroll","url":"http://localhost:3000/","viewport":{"width":1396,"height":663},"payload":{"scrollX":0,"scrollY":6104,"documentHeight":11370,"viewportHeight":663}}
[2026-07-24T06:08:00.766Z] {"timestamp":1784873279694,"kind":"scroll","url":"http://localhost:3000/","viewport":{"width":1396,"height":663},"payload":{"scrollX":0,"scrollY":6509.0908203125,"documentHeight":11370,"viewportHeight":663}}
[2026-07-24T06:08:02.768Z] {"timestamp":1784873280780,"kind":"scroll","url":"http://localhost:3000/","viewport":{"width":1396,"height":663},"payload":{"scrollX":0,"scrollY":6900.36376953125,"documentHeight":11370,"viewportHeight":663}}
[2026-07-24T06:08:02.768Z] {"timestamp":1784873281534,"kind":"scroll","url":"http://localhost:3000/","viewport":{"width":1396,"height":663},"payload":{"scrollX":0,"scrollY":7595.63623046875,"documentHeight":11370,"viewportHeight":663}}
[2026-07-24T06:08:02.768Z] {"timestamp":1784873282132,"kind":"scroll","url":"http://localhost:3000/","viewport":{"width":1396,"height":663},"payload":{"scrollX":0,"scrollY":7864,"documentHeight":11370,"viewportHeight":663}}
[2026-07-24T06:08:02.768Z] {"timestamp":1784873282699,"kind":"scroll","url":"http://localhost:3000/","viewport":{"width":1396,"height":663},"payload":{"scrollX":0,"scrollY":8593.4541015625,"documentHeight":11370,"viewportHeight":663}}
[2026-07-24T06:08:04.768Z] {"timestamp":1784873283200,"kind":"scroll","url":"http://localhost:3000/","viewport":{"width":1396,"height":663},"payload":{"scrollX":0,"scrollY":8998.5458984375,"documentHeight":11370,"viewportHeight":663}}
[2026-07-24T06:08:04.768Z] {"timestamp":1784873283734,"kind":"scroll","url":"http://localhost:3000/","viewport":{"width":1396,"height":663},"payload":{"scrollX":0,"scrollY":9803.63671875,"documentHeight":11370,"viewportHeight":663}}
[2026-07-24T06:08:04.768Z] {"timestamp":1784873284266,"kind":"scroll","url":"http://localhost:3000/","viewport":{"width":1396,"height":663},"payload":{"scrollX":0,"scrollY":9929.4541015625,"documentHeight":11370,"viewportHeight":663}}
[2026-07-24T06:08:06.771Z] {"timestamp":1784873285067,"kind":"scroll","url":"http://localhost:3000/","viewport":{"width":1396,"height":663},"payload":{"scrollX":0,"scrollY":10398.5458984375,"documentHeight":11370,"viewportHeight":663}}
[2026-07-24T06:08:06.771Z] {"timestamp":1784873285568,"kind":"scroll","url":"http://localhost:3000/","viewport":{"width":1396,"height":663},"payload":{"scrollX":0,"scrollY":8485.818359375,"documentHeight":11370,"viewportHeight":663}}
[2026-07-24T06:08:06.771Z] {"timestamp":1784873286100,"kind":"scroll","url":"http://localhost:3000/","viewport":{"width":1396,"height":663},"payload":{"scrollX":0,"scrollY":6320.72705078125,"documentHeight":11370,"viewportHeight":663}}
[2026-07-24T06:08:06.771Z] {"timestamp":1784873286601,"kind":"scroll","url":"http://localhost:3000/","viewport":{"width":1396,"height":663},"payload":{"scrollX":0,"scrollY":4367.27294921875,"documentHeight":11370,"viewportHeight":663}}
[2026-07-24T06:08:08.768Z] {"timestamp":1784873287134,"kind":"scroll","url":"http://localhost:3000/","viewport":{"width":1396,"height":663},"payload":{"scrollX":0,"scrollY":1825.45458984375,"documentHeight":11370,"viewportHeight":663}}
[2026-07-24T06:08:08.768Z] {"timestamp":1784873288565,"kind":"scroll","url":"http://localhost:3000/","viewport":{"width":1396,"height":663},"payload":{"scrollX":0,"scrollY":10.181818008422852,"documentHeight":11370,"viewportHeight":663}}
[2026-07-24T06:08:12.771Z] {"timestamp":1784873291676,"kind":"focusout","url":"http://localhost:3000/","viewport":{"width":1396,"height":663},"payload":{"target":{"tag":"button","id":null,"name":null,"type":null,"role":"switch","ariaLabel":"Toggle dark mode","testId":null,"dataLoc":"client\\src\\components\\AnimatedToggle.tsx:114","href":null,"text":"","selectorHint":"[data-loc=\"client\\src\\components\\AnimatedToggle.tsx:114\"]"},"value":null}}
[2026-07-24T06:08:32.774Z] {"timestamp":1784873310818,"kind":"focusin","url":"http://localhost:3000/","viewport":{"width":1396,"height":663},"payload":{"target":{"tag":"button","id":null,"name":null,"type":null,"role":"switch","ariaLabel":"Toggle dark mode","testId":null,"dataLoc":"client\\src\\components\\AnimatedToggle.tsx:114","href":null,"text":"","selectorHint":"[data-loc=\"client\\src\\components\\AnimatedToggle.tsx:114\"]"}}}
[2026-07-24T06:08:32.774Z] {"timestamp":1784873310829,"kind":"focusout","url":"http://localhost:3000/","viewport":{"width":1396,"height":663},"payload":{"target":{"tag":"button","id":null,"name":null,"type":null,"role":"switch","ariaLabel":"Toggle dark mode","testId":null,"dataLoc":"client\\src\\components\\AnimatedToggle.tsx:114","href":null,"text":"","selectorHint":"[data-loc=\"client\\src\\components\\AnimatedToggle.tsx:114\"]"},"value":null}}
[2026-07-24T06:08:32.774Z] {"timestamp":1784873310850,"kind":"focusin","url":"http://localhost:3000/","viewport":{"width":1396,"height":663},"payload":{"target":{"tag":"button","id":null,"name":null,"type":null,"role":"switch","ariaLabel":"Toggle dark mode","testId":null,"dataLoc":"client\\src\\components\\AnimatedToggle.tsx:114","href":null,"text":"","selectorHint":"[data-loc=\"client\\src\\components\\AnimatedToggle.tsx:114\"]"}}}
[2026-07-24T06:08:32.774Z] {"timestamp":1784873311579,"kind":"focusout","url":"http://localhost:3000/","viewport":{"width":1396,"height":663},"payload":{"target":{"tag":"button","id":null,"name":null,"type":null,"role":"switch","ariaLabel":"Toggle dark mode","testId":null,"dataLoc":"client\\src\\components\\AnimatedToggle.tsx:114","href":null,"text":"","selectorHint":"[data-loc=\"client\\src\\components\\AnimatedToggle.tsx:114\"]"},"value":null}}
[2026-07-24T06:08:32.774Z] {"timestamp":1784873312439,"kind":"focusin","url":"http://localhost:3000/","viewport":{"width":1396,"height":663},"payload":{"target":{"tag":"button","id":null,"name":null,"type":null,"role":"switch","ariaLabel":"Toggle dark mode","testId":null,"dataLoc":"client\\src\\components\\AnimatedToggle.tsx:114","href":null,"text":"","selectorHint":"[data-loc=\"client\\src\\components\\AnimatedToggle.tsx:114\"]"}}}
[2026-07-24T06:08:36.769Z] {"timestamp":1784873315847,"kind":"click","url":"http://localhost:3000/","viewport":{"width":1396,"height":663},"payload":{"target":{"tag":"button","id":null,"name":null,"type":null,"role":"switch","ariaLabel":"Toggle dark mode","testId":null,"dataLoc":"client\\src\\components\\AnimatedToggle.tsx:114","href":null,"text":"","selectorHint":"[data-loc=\"client\\src\\components\\AnimatedToggle.tsx:114\"]"},"x":1165,"y":31}}
[2026-07-24T06:08:38.773Z] {"timestamp":1784873317049,"kind":"click","url":"http://localhost:3000/","viewport":{"width":1396,"height":663},"payload":{"target":{"tag":"button","id":null,"name":null,"type":null,"role":"switch","ariaLabel":"Toggle dark mode","testId":null,"dataLoc":"client\\src\\components\\AnimatedToggle.tsx:114","href":null,"text":"","selectorHint":"[data-loc=\"client\\src\\components\\AnimatedToggle.tsx:114\"]"},"x":1165,"y":31}}
[2026-07-24T06:08:38.773Z] {"timestamp":1784873318450,"kind":"scroll","url":"http://localhost:3000/","viewport":{"width":1396,"height":663},"payload":{"scrollX":0,"scrollY":105.45454406738281,"documentHeight":11370,"viewportHeight":663}}
[2026-07-24T06:08:40.771Z] {"timestamp":1784873318952,"kind":"scroll","url":"http://localhost:3000/","viewport":{"width":1396,"height":663},"payload":{"scrollX":0,"scrollY":546.1818237304688,"documentHeight":11370,"viewportHeight":663}}
[2026-07-24T06:08:40.771Z] {"timestamp":1784873319484,"kind":"scroll","url":"http://localhost:3000/","viewport":{"width":1396,"height":663},"payload":{"scrollX":0,"scrollY":807.272705078125,"documentHeight":11370,"viewportHeight":663}}
[2026-07-24T06:08:40.771Z] {"timestamp":1784873320350,"kind":"scroll","url":"http://localhost:3000/","viewport":{"width":1396,"height":663},"payload":{"scrollX":0,"scrollY":1061.8182373046875,"documentHeight":11370,"viewportHeight":663}}
[2026-07-24T06:08:42.774Z] {"timestamp":1784873320884,"kind":"scroll","url":"http://localhost:3000/","viewport":{"width":1396,"height":663},"payload":{"scrollX":0,"scrollY":1585.45458984375,"documentHeight":11370,"viewportHeight":663}}
[2026-07-24T06:08:42.774Z] {"timestamp":1784873321384,"kind":"scroll","url":"http://localhost:3000/","viewport":{"width":1396,"height":663},"payload":{"scrollX":0,"scrollY":1723.6363525390625,"documentHeight":11370,"viewportHeight":663}}
[2026-07-24T06:08:42.774Z] {"timestamp":1784873321887,"kind":"scroll","url":"http://localhost:3000/","viewport":{"width":1396,"height":663},"payload":{"scrollX":0,"scrollY":2086.54541015625,"documentHeight":11370,"viewportHeight":663}}
[2026-07-24T06:08:42.774Z] {"timestamp":1784873322419,"kind":"scroll","url":"http://localhost:3000/","viewport":{"width":1396,"height":663},"payload":{"scrollX":0,"scrollY":2287.272705078125,"documentHeight":11370,"viewportHeight":663}}
[2026-07-24T06:08:44.775Z] {"timestamp":1784873323517,"kind":"scroll","url":"http://localhost:3000/","viewport":{"width":1396,"height":663},"payload":{"scrollX":0,"scrollY":2409.45458984375,"documentHeight":11370,"viewportHeight":663}}
[2026-07-24T06:08:46.770Z] {"timestamp":1784873324807,"kind":"focusout","url":"http://localhost:3000/","viewport":{"width":1396,"height":663},"payload":{"target":{"tag":"button","id":null,"name":null,"type":null,"role":"switch","ariaLabel":"Toggle dark mode","testId":null,"dataLoc":"client\\src\\components\\AnimatedToggle.tsx:114","href":null,"text":"","selectorHint":"[data-loc=\"client\\src\\components\\AnimatedToggle.tsx:114\"]"},"value":null}}
[2026-07-24T06:08:46.770Z] {"timestamp":1784873324807,"kind":"focusin","url":"http://localhost:3000/","viewport":{"width":1396,"height":663},"payload":{"target":{"tag":"button","id":null,"name":null,"type":null,"role":"tab","ariaLabel":null,"testId":null,"dataLoc":"client\\src\\components\\EventsSection.tsx:46","href":null,"text":"Upcoming","selectorHint":"[data-loc=\"client\\src\\components\\EventsSection.tsx:46\"]"}}}
[2026-07-24T06:08:46.770Z] {"timestamp":1784873325023,"kind":"click","url":"http://localhost:3000/","viewport":{"width":1396,"height":663},"payload":{"target":{"tag":"button","id":null,"name":null,"type":null,"role":"tab","ariaLabel":null,"testId":null,"dataLoc":"client\\src\\components\\EventsSection.tsx:46","href":null,"text":"Upcoming","selectorHint":"[data-loc=\"client\\src\\components\\EventsSection.tsx:46\"]"},"x":1189,"y":155}}
[2026-07-24T06:08:46.770Z] {"timestamp":1784873326003,"kind":"scroll","url":"http://localhost:3000/","viewport":{"width":1396,"height":663},"payload":{"scrollX":0,"scrollY":2475.636474609375,"documentHeight":10975,"viewportHeight":663}}
[2026-07-24T06:08:46.770Z] {"timestamp":1784873326537,"kind":"scroll","url":"http://localhost:3000/","viewport":{"width":1396,"height":663},"payload":{"scrollX":0,"scrollY":2901.818115234375,"documentHeight":10975,"viewportHeight":663}}
[2026-07-24T06:08:48.770Z] {"timestamp":1784873327069,"kind":"scroll","url":"http://localhost:3000/","viewport":{"width":1396,"height":663},"payload":{"scrollX":0,"scrollY":3265.45458984375,"documentHeight":10975,"viewportHeight":663}}
[2026-07-24T06:08:48.771Z] {"timestamp":1784873327901,"kind":"scroll","url":"http://localhost:3000/","viewport":{"width":1396,"height":663},"payload":{"scrollX":0,"scrollY":3308.363525390625,"documentHeight":10975,"viewportHeight":663}}
[2026-07-24T06:08:48.771Z] {"timestamp":1784873328667,"kind":"scroll","url":"http://localhost:3000/","viewport":{"width":1396,"height":663},"payload":{"scrollX":0,"scrollY":3378.181884765625,"documentHeight":10975,"viewportHeight":663}}
[2026-07-24T06:08:50.773Z] {"timestamp":1784873329200,"kind":"scroll","url":"http://localhost:3000/","viewport":{"width":1396,"height":663},"payload":{"scrollX":0,"scrollY":3450.181884765625,"documentHeight":10975,"viewportHeight":663}}
[2026-07-24T06:08:50.773Z] {"timestamp":1784873329702,"kind":"scroll","url":"http://localhost:3000/","viewport":{"width":1396,"height":663},"payload":{"scrollX":0,"scrollY":3882.9091796875,"documentHeight":10975,"viewportHeight":663}}
[2026-07-24T06:08:50.773Z] {"timestamp":1784873330234,"kind":"scroll","url":"http://localhost:3000/","viewport":{"width":1396,"height":663},"payload":{"scrollX":0,"scrollY":4239.27294921875,"documentHeight":10975,"viewportHeight":663}}
[2026-07-24T06:08:54.771Z] {"timestamp":1784873334534,"kind":"scroll","url":"http://localhost:3000/","viewport":{"width":1396,"height":663},"payload":{"scrollX":0,"scrollY":4290.181640625,"documentHeight":10975,"viewportHeight":663}}
[2026-07-24T06:08:56.769Z] {"timestamp":1784873336690,"kind":"focusout","url":"http://localhost:3000/","viewport":{"width":1396,"height":663},"payload":{"target":{"tag":"button","id":null,"name":null,"type":null,"role":"tab","ariaLabel":null,"testId":null,"dataLoc":"client\\src\\components\\EventsSection.tsx:46","href":null,"text":"Upcoming","selectorHint":"[data-loc=\"client\\src\\components\\EventsSection.tsx:46\"]"},"value":null}}
[2026-07-24T06:08:58.779Z] {"timestamp":1784873336909,"kind":"click","url":"http://localhost:3000/","viewport":{"width":1396,"height":663},"payload":{"target":{"tag":"div","id":null,"name":null,"type":null,"role":null,"ariaLabel":null,"testId":null,"dataLoc":"client\\src\\components\\GallerySection.tsx:47","href":null,"text":"Talk","selectorHint":"[data-loc=\"client\\src\\components\\GallerySection.tsx:47\"]"},"x":925,"y":441}}
[2026-07-24T06:08:58.779Z] {"timestamp":1784873337502,"kind":"scroll","url":"http://localhost:3000/","viewport":{"width":1396,"height":663},"payload":{"scrollX":0,"scrollY":4821.818359375,"documentHeight":10975,"viewportHeight":663}}
[2026-07-24T06:08:58.779Z] {"timestamp":1784873338048,"kind":"scroll","url":"http://localhost:3000/","viewport":{"width":1396,"height":663},"payload":{"scrollX":0,"scrollY":5176.72705078125,"documentHeight":10975,"viewportHeight":663}}
[2026-07-24T06:08:58.779Z] {"timestamp":1784873338567,"kind":"scroll","url":"http://localhost:3000/","viewport":{"width":1396,"height":663},"payload":{"scrollX":0,"scrollY":5613.0908203125,"documentHeight":10975,"viewportHeight":663}}
[2026-07-24T06:09:00.765Z] {"timestamp":1784873339068,"kind":"scroll","url":"http://localhost:3000/","viewport":{"width":1396,"height":663},"payload":{"scrollX":0,"scrollY":5992,"documentHeight":10975,"viewportHeight":663}}
[2026-07-24T06:09:00.765Z] {"timestamp":1784873340433,"kind":"scroll","url":"http://localhost:3000/","viewport":{"width":1396,"height":663},"payload":{"scrollX":0,"scrollY":6093.818359375,"documentHeight":10975,"viewportHeight":663}}
[2026-07-24T06:09:02.765Z] {"timestamp":1784873340934,"kind":"scroll","url":"http://localhost:3000/","viewport":{"width":1396,"height":663},"payload":{"scrollX":0,"scrollY":6200.72705078125,"documentHeight":10975,"viewportHeight":663}}
[2026-07-24T06:09:04.771Z] {"timestamp":1784873343349,"kind":"click","url":"http://localhost:3000/","viewport":{"width":1396,"height":663},"payload":{"target":{"tag":"div","id":null,"name":null,"type":null,"role":null,"ariaLabel":null,"testId":null,"dataLoc":"client\\src\\components\\ui\\animated-testimonials.tsx:128","href":null,"text":"","selectorHint":"[data-loc=\"client\\src\\components\\ui\\animated-testimonials.tsx:128\"]"},"x":758,"y":577}}
[2026-07-24T06:09:04.771Z] {"timestamp":1784873343820,"kind":"focusin","url":"http://localhost:3000/","viewport":{"width":1396,"height":663},"payload":{"target":{"tag":"button","id":null,"name":null,"type":null,"role":null,"ariaLabel":"Next testimonial","testId":null,"dataLoc":"client\\src\\components\\ui\\animated-testimonials.tsx:153","href":null,"text":"","selectorHint":"[data-loc=\"client\\src\\components\\ui\\animated-testimonials.tsx:153\"]"}}}
[2026-07-24T06:09:04.771Z] {"timestamp":1784873344038,"kind":"click","url":"http://localhost:3000/","viewport":{"width":1396,"height":663},"payload":{"target":{"tag":"svg","id":null,"name":null,"type":null,"role":null,"ariaLabel":null,"testId":null,"dataLoc":"client\\src\\components\\ui\\animated-testimonials.tsx:158","href":null,"text":"","selectorHint":"[data-loc=\"client\\src\\components\\ui\\animated-testimonials.tsx:158\"]"},"x":766,"y":574}}
[2026-07-24T06:09:04.771Z] {"timestamp":1784873344645,"kind":"scroll","url":"http://localhost:3000/","viewport":{"width":1396,"height":663},"payload":{"scrollX":0,"scrollY":6376.72705078125,"documentHeight":10975,"viewportHeight":663}}
[2026-07-24T06:09:06.771Z] {"timestamp":1784873345169,"kind":"scroll","url":"http://localhost:3000/","viewport":{"width":1396,"height":663},"payload":{"scrollX":0,"scrollY":6849.45458984375,"documentHeight":10975,"viewportHeight":663}}
[2026-07-24T06:09:06.771Z] {"timestamp":1784873345670,"kind":"scroll","url":"http://localhost:3000/","viewport":{"width":1396,"height":663},"payload":{"scrollX":0,"scrollY":7146.181640625,"documentHeight":10975,"viewportHeight":663}}
[2026-07-24T06:09:08.771Z] {"timestamp":1784873347385,"kind":"scroll","url":"http://localhost:3000/","viewport":{"width":1396,"height":663},"payload":{"scrollX":0,"scrollY":7178.9091796875,"documentHeight":10975,"viewportHeight":663}}
[2026-07-24T06:09:08.771Z] {"timestamp":1784873347927,"kind":"focusout","url":"http://localhost:3000/","viewport":{"width":1396,"height":663},"payload":{"target":{"tag":"button","id":null,"name":null,"type":null,"role":null,"ariaLabel":"Next testimonial","testId":null,"dataLoc":"client\\src\\components\\ui\\animated-testimonials.tsx:153","href":null,"text":"","selectorHint":"[data-loc=\"client\\src\\components\\ui\\animated-testimonials.tsx:153\"]"},"value":null}}
[2026-07-24T06:09:08.771Z] {"timestamp":1784873348143,"kind":"click","url":"http://localhost:3000/","viewport":{"width":1396,"height":663},"payload":{"target":{"tag":"img","id":null,"name":null,"type":null,"role":null,"ariaLabel":null,"testId":null,"dataLoc":"client\\src\\components\\TeamSection.tsx:53","href":null,"text":"","selectorHint":"[data-loc=\"client\\src\\components\\TeamSection.tsx:53\"]"},"x":792,"y":424}}
[2026-07-24T06:09:08.771Z] {"timestamp":1784873348551,"kind":"scroll","url":"http://localhost:3000/","viewport":{"width":1396,"height":663},"payload":{"scrollX":0,"scrollY":7297.45458984375,"documentHeight":10975,"viewportHeight":663}}
[2026-07-24T06:09:10.777Z] {"timestamp":1784873350454,"kind":"scroll","url":"http://localhost:3000/","viewport":{"width":1396,"height":663},"payload":{"scrollX":0,"scrollY":7547.63623046875,"documentHeight":10975,"viewportHeight":663}}
[2026-07-24T06:09:12.774Z] {"timestamp":1784873351685,"kind":"scroll","url":"http://localhost:3000/","viewport":{"width":1396,"height":663},"payload":{"scrollX":0,"scrollY":7913.45458984375,"documentHeight":10975,"viewportHeight":663}}
[2026-07-24T06:09:12.774Z] {"timestamp":1784873352186,"kind":"scroll","url":"http://localhost:3000/","viewport":{"width":1396,"height":663},"payload":{"scrollX":0,"scrollY":8210.9091796875,"documentHeight":10975,"viewportHeight":663}}
[2026-07-24T06:09:14.766Z] {"timestamp":1784873354052,"kind":"scroll","url":"http://localhost:3000/","viewport":{"width":1396,"height":663},"payload":{"scrollX":0,"scrollY":8251.63671875,"documentHeight":10975,"viewportHeight":663}}
[2026-07-24T06:09:14.766Z] {"timestamp":1784873354652,"kind":"scroll","url":"http://localhost:3000/","viewport":{"width":1396,"height":663},"payload":{"scrollX":0,"scrollY":8864.7275390625,"documentHeight":10975,"viewportHeight":663}}
[2026-07-24T06:09:16.771Z] {"timestamp":1784873355152,"kind":"scroll","url":"http://localhost:3000/","viewport":{"width":1396,"height":663},"payload":{"scrollX":0,"scrollY":9145.4541015625,"documentHeight":10975,"viewportHeight":663}}
[2026-07-24T06:09:16.771Z] {"timestamp":1784873355817,"kind":"scroll","url":"http://localhost:3000/","viewport":{"width":1396,"height":663},"payload":{"scrollX":0,"scrollY":9456.7275390625,"documentHeight":10975,"viewportHeight":663}}
[2026-07-24T06:09:16.771Z] {"timestamp":1784873356351,"kind":"scroll","url":"http://localhost:3000/","viewport":{"width":1396,"height":663},"payload":{"scrollX":0,"scrollY":9897.4541015625,"documentHeight":10975,"viewportHeight":663}}
[2026-07-24T06:09:18.765Z] {"timestamp":1784873356852,"kind":"scroll","url":"http://localhost:3000/","viewport":{"width":1396,"height":663},"payload":{"scrollX":0,"scrollY":10210.9091796875,"documentHeight":10975,"viewportHeight":663}}
[2026-07-24T06:09:18.765Z] {"timestamp":1784873357354,"kind":"scroll","url":"http://localhost:3000/","viewport":{"width":1396,"height":663},"payload":{"scrollX":0,"scrollY":10290.181640625,"documentHeight":10975,"viewportHeight":663}}
[2026-07-24T06:25:55.936Z] {"timestamp":1784874355486,"kind":"focusin","url":"http://localhost:3000/","viewport":{"width":882,"height":682},"payload":{"target":{"tag":"button","id":null,"name":null,"type":null,"role":"switch","ariaLabel":"Toggle dark mode","testId":null,"dataLoc":"client\\src\\components\\AnimatedToggle.tsx:114","href":null,"text":"","selectorHint":"[data-loc=\"client\\src\\components\\AnimatedToggle.tsx:114\"]"}}}
[2026-07-24T06:25:55.936Z] {"timestamp":1784874355704,"kind":"click","url":"http://localhost:3000/","viewport":{"width":882,"height":682},"payload":{"target":{"tag":"button","id":null,"name":null,"type":null,"role":"switch","ariaLabel":"Toggle dark mode","testId":null,"dataLoc":"client\\src\\components\\AnimatedToggle.tsx:114","href":null,"text":"","selectorHint":"[data-loc=\"client\\src\\components\\AnimatedToggle.tsx:114\"]"},"x":705,"y":39}}
[2026-07-24T06:26:08.831Z] {"timestamp":1784874366615,"kind":"focusout","url":"http://localhost:3000/","viewport":{"width":882,"height":682},"payload":{"target":{"tag":"button","id":null,"name":null,"type":null,"role":"switch","ariaLabel":"Toggle dark mode","testId":null,"dataLoc":"client\\src\\components\\AnimatedToggle.tsx:114","href":null,"text":"","selectorHint":"[data-loc=\"client\\src\\components\\AnimatedToggle.tsx:114\"]"},"value":null}}
[2026-07-24T06:26:19.834Z] {"timestamp":1784874379581,"kind":"focusin","url":"http://localhost:3000/","viewport":{"width":882,"height":682},"payload":{"target":{"tag":"button","id":null,"name":null,"type":null,"role":"switch","ariaLabel":"Toggle dark mode","testId":null,"dataLoc":"client\\src\\components\\AnimatedToggle.tsx:114","href":null,"text":"","selectorHint":"[data-loc=\"client\\src\\components\\AnimatedToggle.tsx:114\"]"}}}
[2026-07-24T06:26:19.834Z] {"timestamp":1784874379583,"kind":"focusout","url":"http://localhost:3000/","viewport":{"width":882,"height":682},"payload":{"target":{"tag":"button","id":null,"name":null,"type":null,"role":"switch","ariaLabel":"Toggle dark mode","testId":null,"dataLoc":"client\\src\\components\\AnimatedToggle.tsx:114","href":null,"text":"","selectorHint":"[data-loc=\"client\\src\\components\\AnimatedToggle.tsx:114\"]"},"value":null}}
[2026-07-24T06:26:19.834Z] {"timestamp":1784874379601,"kind":"focusin","url":"http://localhost:3000/","viewport":{"width":882,"height":682},"payload":{"target":{"tag":"button","id":null,"name":null,"type":null,"role":"switch","ariaLabel":"Toggle dark mode","testId":null,"dataLoc":"client\\src\\components\\AnimatedToggle.tsx:114","href":null,"text":"","selectorHint":"[data-loc=\"client\\src\\components\\AnimatedToggle.tsx:114\"]"}}}
[2026-07-24T06:26:21.837Z] {"timestamp":1784874381300,"kind":"scroll","url":"http://localhost:3000/","viewport":{"width":882,"height":682},"payload":{"scrollX":0,"scrollY":7.199999809265137,"documentHeight":11993,"viewportHeight":682}}
[2026-07-24T06:26:21.837Z] {"timestamp":1784874381816,"kind":"scroll","url":"http://localhost:3000/","viewport":{"width":882,"height":682},"payload":{"scrollX":0,"scrollY":364,"documentHeight":11993,"viewportHeight":682}}
[2026-07-24T06:26:23.848Z] {"timestamp":1784874382316,"kind":"scroll","url":"http://localhost:3000/","viewport":{"width":882,"height":682},"payload":{"scrollX":0,"scrollY":863.2000122070312,"documentHeight":11993,"viewportHeight":682}}
[2026-07-24T06:26:23.848Z] {"timestamp":1784874382866,"kind":"scroll","url":"http://localhost:3000/","viewport":{"width":882,"height":682},"payload":{"scrollX":0,"scrollY":1298.4000244140625,"documentHeight":11993,"viewportHeight":682}}
[2026-07-24T06:26:23.848Z] {"timestamp":1784874383368,"kind":"scroll","url":"http://localhost:3000/","viewport":{"width":882,"height":682},"payload":{"scrollX":0,"scrollY":50.400001525878906,"documentHeight":11982,"viewportHeight":682}}
[2026-07-24T06:26:27.843Z] {"timestamp":1784874386634,"kind":"focusout","url":"http://localhost:3000/","viewport":{"width":882,"height":682},"payload":{"target":{"tag":"button","id":null,"name":null,"type":null,"role":"switch","ariaLabel":"Toggle dark mode","testId":null,"dataLoc":"client\\src\\components\\AnimatedToggle.tsx:114","href":null,"text":"","selectorHint":"[data-loc=\"client\\src\\components\\AnimatedToggle.tsx:114\"]"},"value":null}}
[2026-07-24T06:28:41.842Z] {"timestamp":1784874520156,"kind":"focusin","url":"http://localhost:3000/","viewport":{"width":882,"height":682},"payload":{"target":{"tag":"button","id":null,"name":null,"type":null,"role":"switch","ariaLabel":"Toggle dark mode","testId":null,"dataLoc":"client\\src\\components\\AnimatedToggle.tsx:114","href":null,"text":"","selectorHint":"[data-loc=\"client\\src\\components\\AnimatedToggle.tsx:114\"]"}}}
[2026-07-24T06:28:41.842Z] {"timestamp":1784874520157,"kind":"focusout","url":"http://localhost:3000/","viewport":{"width":882,"height":682},"payload":{"target":{"tag":"button","id":null,"name":null,"type":null,"role":"switch","ariaLabel":"Toggle dark mode","testId":null,"dataLoc":"client\\src\\components\\AnimatedToggle.tsx:114","href":null,"text":"","selectorHint":"[data-loc=\"client\\src\\components\\AnimatedToggle.tsx:114\"]"},"value":null}}
[2026-07-24T06:28:41.842Z] {"timestamp":1784874520171,"kind":"focusin","url":"http://localhost:3000/","viewport":{"width":882,"height":682},"payload":{"target":{"tag":"button","id":null,"name":null,"type":null,"role":"switch","ariaLabel":"Toggle dark mode","testId":null,"dataLoc":"client\\src\\components\\AnimatedToggle.tsx:114","href":null,"text":"","selectorHint":"[data-loc=\"client\\src\\components\\AnimatedToggle.tsx:114\"]"}}}
[2026-07-24T06:28:41.842Z] {"timestamp":1784874521360,"kind":"scroll","url":"http://localhost:3000/","viewport":{"width":882,"height":682},"payload":{"scrollX":0,"scrollY":56.79999923706055,"documentHeight":12025,"viewportHeight":682}}
[2026-07-24T06:28:43.837Z] {"timestamp":1784874521890,"kind":"scroll","url":"http://localhost:3000/","viewport":{"width":882,"height":682},"payload":{"scrollX":0,"scrollY":308.79998779296875,"documentHeight":12025,"viewportHeight":682}}
[2026-07-24T06:28:43.837Z] {"timestamp":1784874522424,"kind":"scroll","url":"http://localhost:3000/","viewport":{"width":882,"height":682},"payload":{"scrollX":0,"scrollY":44.79999923706055,"documentHeight":12025,"viewportHeight":682}}
[2026-07-24T06:28:45.837Z] {"timestamp":1784874524789,"kind":"scroll","url":"http://localhost:3000/","viewport":{"width":882,"height":682},"payload":{"scrollX":0,"scrollY":104,"documentHeight":11982,"viewportHeight":682}}
[2026-07-24T06:28:45.837Z] {"timestamp":1784874525305,"kind":"scroll","url":"http://localhost:3000/","viewport":{"width":882,"height":682},"payload":{"scrollX":0,"scrollY":508,"documentHeight":12025,"viewportHeight":682}}
[2026-07-24T06:28:45.837Z] {"timestamp":1784874525822,"kind":"scroll","url":"http://localhost:3000/","viewport":{"width":882,"height":682},"payload":{"scrollX":0,"scrollY":902.4000244140625,"documentHeight":12025,"viewportHeight":682}}
[2026-07-24T06:28:47.843Z] {"timestamp":1784874526322,"kind":"scroll","url":"http://localhost:3000/","viewport":{"width":882,"height":682},"payload":{"scrollX":0,"scrollY":1178.4000244140625,"documentHeight":12025,"viewportHeight":682}}
[2026-07-24T06:28:47.843Z] {"timestamp":1784874526975,"kind":"scroll","url":"http://localhost:3000/","viewport":{"width":882,"height":682},"payload":{"scrollX":0,"scrollY":1144,"documentHeight":11982,"viewportHeight":682}}
[2026-07-24T06:28:47.843Z] {"timestamp":1784874527810,"kind":"scroll","url":"http://localhost:3000/","viewport":{"width":882,"height":682},"payload":{"scrollX":0,"scrollY":1196.800048828125,"documentHeight":11950,"viewportHeight":682}}
[2026-07-24T06:28:49.836Z] {"timestamp":1784874528324,"kind":"scroll","url":"http://localhost:3000/","viewport":{"width":882,"height":682},"payload":{"scrollX":0,"scrollY":1799.199951171875,"documentHeight":11950,"viewportHeight":682}}
[2026-07-24T06:28:51.841Z] {"timestamp":1784874530407,"kind":"scroll","url":"http://localhost:3000/","viewport":{"width":882,"height":682},"payload":{"scrollX":0,"scrollY":2169.60009765625,"documentHeight":11950,"viewportHeight":682}}
[2026-07-24T06:28:51.841Z] {"timestamp":1784874530909,"kind":"scroll","url":"http://localhost:3000/","viewport":{"width":882,"height":682},"payload":{"scrollX":0,"scrollY":2677.60009765625,"documentHeight":11950,"viewportHeight":682}}
[2026-07-24T06:28:51.841Z] {"timestamp":1784874531409,"kind":"scroll","url":"http://localhost:3000/","viewport":{"width":882,"height":682},"payload":{"scrollX":0,"scrollY":3095.199951171875,"documentHeight":11950,"viewportHeight":682}}
[2026-07-24T06:28:53.841Z] {"timestamp":1784874531909,"kind":"scroll","url":"http://localhost:3000/","viewport":{"width":882,"height":682},"payload":{"scrollX":0,"scrollY":3516.800048828125,"documentHeight":11950,"viewportHeight":682}}
[2026-07-24T06:28:53.841Z] {"timestamp":1784874532408,"kind":"scroll","url":"http://localhost:3000/","viewport":{"width":882,"height":682},"payload":{"scrollX":0,"scrollY":3951.199951171875,"documentHeight":11950,"viewportHeight":682}}
[2026-07-24T06:28:53.841Z] {"timestamp":1784874533406,"kind":"scroll","url":"http://localhost:3000/","viewport":{"width":882,"height":682},"payload":{"scrollX":0,"scrollY":4111.2001953125,"documentHeight":12025,"viewportHeight":682}}
[2026-07-24T06:28:55.841Z] {"timestamp":1784874533907,"kind":"scroll","url":"http://localhost:3000/","viewport":{"width":882,"height":682},"payload":{"scrollX":0,"scrollY":4772,"documentHeight":12025,"viewportHeight":682}}
[2026-07-24T06:28:55.841Z] {"timestamp":1784874534641,"kind":"scroll","url":"http://localhost:3000/","viewport":{"width":882,"height":682},"payload":{"scrollX":0,"scrollY":4815.2001953125,"documentHeight":11982,"viewportHeight":682}}
[2026-07-24T06:28:55.841Z] {"timestamp":1784874535274,"kind":"scroll","url":"http://localhost:3000/","viewport":{"width":882,"height":682},"payload":{"scrollX":0,"scrollY":5339.2001953125,"documentHeight":11982,"viewportHeight":682}}
[2026-07-24T06:28:55.841Z] {"timestamp":1784874535782,"kind":"scroll","url":"http://localhost:3000/","viewport":{"width":882,"height":682},"payload":{"scrollX":0,"scrollY":5813.60009765625,"documentHeight":11982,"viewportHeight":682}}
[2026-07-24T06:28:57.848Z] {"timestamp":1784874536239,"kind":"focusout","url":"http://localhost:3000/","viewport":{"width":882,"height":682},"payload":{"target":{"tag":"button","id":null,"name":null,"type":null,"role":"switch","ariaLabel":"Toggle dark mode","testId":null,"dataLoc":"client\\src\\components\\AnimatedToggle.tsx:114","href":null,"text":"","selectorHint":"[data-loc=\"client\\src\\components\\AnimatedToggle.tsx:114\"]"},"value":null}}
[2026-07-24T06:28:57.848Z] {"timestamp":1784874536300,"kind":"click","url":"http://localhost:3000/","viewport":{"width":882,"height":682},"payload":{"target":{"tag":"section","id":"testimonials","name":null,"type":null,"role":null,"ariaLabel":null,"testId":null,"dataLoc":"client\\src\\components\\TestimonialsSection.tsx:7","href":null,"text":"SUCCESS STORIES Hear from Our Leaders Meet the passionate individuals driving th…","selectorHint":"[data-loc=\"client\\src\\components\\TestimonialsSection.tsx:7\"]"},"x":465,"y":521}}
[2026-07-24T06:28:57.848Z] {"timestamp":1784874536374,"kind":"scroll","url":"http://localhost:3000/","viewport":{"width":882,"height":682},"payload":{"scrollX":0,"scrollY":6155.2001953125,"documentHeight":11982,"viewportHeight":682}}
[2026-07-24T06:28:57.848Z] {"timestamp":1784874537257,"kind":"scroll","url":"http://localhost:3000/","viewport":{"width":882,"height":682},"payload":{"scrollX":0,"scrollY":5870.39990234375,"documentHeight":12025,"viewportHeight":682}}
[2026-07-24T06:28:59.836Z] {"timestamp":1784874538390,"kind":"scroll","url":"http://localhost:3000/","viewport":{"width":882,"height":682},"payload":{"scrollX":0,"scrollY":5648,"documentHeight":11982,"viewportHeight":682}}
[2026-07-24T06:29:01.835Z] {"timestamp":1784874540040,"kind":"scroll","url":"http://localhost:3000/","viewport":{"width":882,"height":682},"payload":{"scrollX":0,"scrollY":5661.60009765625,"documentHeight":11982,"viewportHeight":682}}
[2026-07-24T06:29:01.835Z] {"timestamp":1784874540865,"kind":"click","url":"http://localhost:3000/","viewport":{"width":882,"height":682},"payload":{"target":{"tag":"div","id":null,"name":null,"type":null,"role":null,"ariaLabel":null,"testId":null,"dataLoc":"client\\src\\components\\GallerySection.tsx:47","href":null,"text":"Workshop","selectorHint":"[data-loc=\"client\\src\\components\\GallerySection.tsx:47\"]"},"x":360,"y":353}}
[2026-07-24T06:29:01.835Z] {"timestamp":1784874541106,"kind":"scroll","url":"http://localhost:3000/","viewport":{"width":882,"height":682},"payload":{"scrollX":0,"scrollY":5772,"documentHeight":12025,"viewportHeight":682}}
[2026-07-24T06:29:03.838Z] {"timestamp":1784874542393,"kind":"scroll","url":"http://localhost:3000/","viewport":{"width":882,"height":682},"payload":{"scrollX":0,"scrollY":5919.2001953125,"documentHeight":11982,"viewportHeight":682}}
[2026-07-24T06:29:05.844Z] {"timestamp":1784874545430,"kind":"scroll","url":"http://localhost:3000/","viewport":{"width":882,"height":682},"payload":{"scrollX":0,"scrollY":5916.7998046875,"documentHeight":11950,"viewportHeight":682}}
[2026-07-24T06:29:09.837Z] {"timestamp":1784874548123,"kind":"scroll","url":"http://localhost:3000/","viewport":{"width":882,"height":682},"payload":{"scrollX":0,"scrollY":5776.7998046875,"documentHeight":11993,"viewportHeight":682}}
[2026-07-24T06:29:11.836Z] {"timestamp":1784874550190,"kind":"scroll","url":"http://localhost:3000/","viewport":{"width":882,"height":682},"payload":{"scrollX":0,"scrollY":5733.60009765625,"documentHeight":11950,"viewportHeight":682}}
[2026-07-24T06:29:11.836Z] {"timestamp":1784874550691,"kind":"scroll","url":"http://localhost:3000/","viewport":{"width":882,"height":682},"payload":{"scrollX":0,"scrollY":5263.2001953125,"documentHeight":11950,"viewportHeight":682}}
[2026-07-24T06:29:13.834Z] {"timestamp":1784874552057,"kind":"scroll","url":"http://localhost:3000/","viewport":{"width":882,"height":682},"payload":{"scrollX":0,"scrollY":5302.39990234375,"documentHeight":12025,"viewportHeight":682}}
[2026-07-24T06:29:15.836Z] {"timestamp":1784874553957,"kind":"scroll","url":"http://localhost:3000/","viewport":{"width":882,"height":682},"payload":{"scrollX":0,"scrollY":5259.2001953125,"documentHeight":11982,"viewportHeight":682}}
[2026-07-24T06:29:18.828Z] {"timestamp":1784874555940,"kind":"scroll","url":"http://localhost:3000/","viewport":{"width":882,"height":682},"payload":{"scrollX":0,"scrollY":5302.39990234375,"documentHeight":12025,"viewportHeight":682}}
[2026-07-24T06:29:19.835Z] {"timestamp":1784874559498,"kind":"scroll","url":"http://localhost:3000/","viewport":{"width":882,"height":682},"payload":{"scrollX":0,"scrollY":5259.2001953125,"documentHeight":11982,"viewportHeight":682}}
[2026-07-24T06:29:21.835Z] {"timestamp":1784874560219,"kind":"scroll","url":"http://localhost:3000/","viewport":{"width":882,"height":682},"payload":{"scrollX":0,"scrollY":5096,"documentHeight":11950,"viewportHeight":682}}
[2026-07-24T06:29:21.835Z] {"timestamp":1784874560735,"kind":"scroll","url":"http://localhost:3000/","viewport":{"width":882,"height":682},"payload":{"scrollX":0,"scrollY":4608,"documentHeight":11950,"viewportHeight":682}}
[2026-07-24T06:29:21.835Z] {"timestamp":1784874561237,"kind":"scroll","url":"http://localhost:3000/","viewport":{"width":882,"height":682},"payload":{"scrollX":0,"scrollY":5783.2001953125,"documentHeight":11950,"viewportHeight":682}}
[2026-07-24T06:29:21.836Z] {"timestamp":1784874561751,"kind":"scroll","url":"http://localhost:3000/","viewport":{"width":882,"height":682},"payload":{"scrollX":0,"scrollY":5739.2001953125,"documentHeight":11950,"viewportHeight":682}}
[2026-07-24T06:29:25.839Z] {"timestamp":1784874565082,"kind":"scroll","url":"http://localhost:3000/","viewport":{"width":882,"height":682},"payload":{"scrollX":0,"scrollY":5780,"documentHeight":12025,"viewportHeight":682}}
[2026-07-24T06:29:27.834Z] {"timestamp":1784874567133,"kind":"scroll","url":"http://localhost:3000/","viewport":{"width":882,"height":682},"payload":{"scrollX":0,"scrollY":5736.7998046875,"documentHeight":11982,"viewportHeight":682}}
[2026-07-24T06:29:29.838Z] {"timestamp":1784874568949,"kind":"scroll","url":"http://localhost:3000/","viewport":{"width":882,"height":682},"payload":{"scrollX":0,"scrollY":5780,"documentHeight":12025,"viewportHeight":682}}
[2026-07-24T06:29:31.842Z] {"timestamp":1784874570849,"kind":"scroll","url":"http://localhost:3000/","viewport":{"width":882,"height":682},"payload":{"scrollX":0,"scrollY":5736.7998046875,"documentHeight":11982,"viewportHeight":682}}
[2026-07-24T06:29:33.837Z] {"timestamp":1784874572815,"kind":"scroll","url":"http://localhost:3000/","viewport":{"width":882,"height":682},"payload":{"scrollX":0,"scrollY":5780,"documentHeight":12025,"viewportHeight":682}}
[2026-07-24T06:29:35.835Z] {"timestamp":1784874574800,"kind":"scroll","url":"http://localhost:3000/","viewport":{"width":882,"height":682},"payload":{"scrollX":0,"scrollY":5736.7998046875,"documentHeight":11982,"viewportHeight":682}}
[2026-07-24T06:29:41.836Z] {"timestamp":1784874580399,"kind":"scroll","url":"http://localhost:3000/","viewport":{"width":882,"height":682},"payload":{"scrollX":0,"scrollY":5780,"documentHeight":11993,"viewportHeight":682}}
[2026-07-24T06:29:43.836Z] {"timestamp":1784874582500,"kind":"scroll","url":"http://localhost:3000/","viewport":{"width":882,"height":682},"payload":{"scrollX":0,"scrollY":5736.7998046875,"documentHeight":11982,"viewportHeight":682}}
[2026-07-24T06:29:45.837Z] {"timestamp":1784874584467,"kind":"scroll","url":"http://localhost:3000/","viewport":{"width":882,"height":682},"payload":{"scrollX":0,"scrollY":5780,"documentHeight":12025,"viewportHeight":682}}
[2026-07-24T06:29:47.838Z] {"timestamp":1784874586400,"kind":"scroll","url":"http://localhost:3000/","viewport":{"width":882,"height":682},"payload":{"scrollX":0,"scrollY":5736.7998046875,"documentHeight":11982,"viewportHeight":682}}
[2026-07-24T06:29:49.837Z] {"timestamp":1784874588516,"kind":"scroll","url":"http://localhost:3000/","viewport":{"width":882,"height":682},"payload":{"scrollX":0,"scrollY":5780,"documentHeight":11993,"viewportHeight":682}}
[2026-07-24T06:29:51.840Z] {"timestamp":1784874590534,"kind":"scroll","url":"http://localhost:3000/","viewport":{"width":882,"height":682},"payload":{"scrollX":0,"scrollY":5736.7998046875,"documentHeight":11950,"viewportHeight":682}}
[2026-07-24T06:29:57.837Z] {"timestamp":1784874596367,"kind":"scroll","url":"http://localhost:3000/","viewport":{"width":882,"height":682},"payload":{"scrollX":0,"scrollY":5780,"documentHeight":12025,"viewportHeight":682}}
[2026-07-24T06:29:59.837Z] {"timestamp":1784874598450,"kind":"scroll","url":"http://localhost:3000/","viewport":{"width":882,"height":682},"payload":{"scrollX":0,"scrollY":5736.7998046875,"documentHeight":11982,"viewportHeight":682}}
[2026-07-24T06:30:01.835Z] {"timestamp":1784874600417,"kind":"scroll","url":"http://localhost:3000/","viewport":{"width":882,"height":682},"payload":{"scrollX":0,"scrollY":5780,"documentHeight":12025,"viewportHeight":682}}
[2026-07-24T06:30:03.835Z] {"timestamp":1784874602317,"kind":"scroll","url":"http://localhost:3000/","viewport":{"width":882,"height":682},"payload":{"scrollX":0,"scrollY":5736.7998046875,"documentHeight":11982,"viewportHeight":682}}
[2026-07-24T06:30:05.839Z] {"timestamp":1784874604267,"kind":"scroll","url":"http://localhost:3000/","viewport":{"width":882,"height":682},"payload":{"scrollX":0,"scrollY":5780,"documentHeight":12025,"viewportHeight":682}}
[2026-07-24T06:30:07.834Z] {"timestamp":1784874606251,"kind":"scroll","url":"http://localhost:3000/","viewport":{"width":882,"height":682},"payload":{"scrollX":0,"scrollY":5736.7998046875,"documentHeight":11950,"viewportHeight":682}}
[2026-07-24T06:30:11.837Z] {"timestamp":1784874611834,"kind":"scroll","url":"http://localhost:3000/","viewport":{"width":882,"height":682},"payload":{"scrollX":0,"scrollY":5780,"documentHeight":12025,"viewportHeight":682}}
[2026-07-24T06:30:15.834Z] {"timestamp":1784874613885,"kind":"scroll","url":"http://localhost:3000/","viewport":{"width":882,"height":682},"payload":{"scrollX":0,"scrollY":5736.7998046875,"documentHeight":11982,"viewportHeight":682}}
[2026-07-24T06:30:15.834Z] {"timestamp":1784874615735,"kind":"scroll","url":"http://localhost:3000/","viewport":{"width":882,"height":682},"payload":{"scrollX":0,"scrollY":5780,"documentHeight":12025,"viewportHeight":682}}
[2026-07-24T06:30:17.841Z] {"timestamp":1784874617637,"kind":"scroll","url":"http://localhost:3000/","viewport":{"width":882,"height":682},"payload":{"scrollX":0,"scrollY":5736.7998046875,"documentHeight":11950,"viewportHeight":682}}
[2026-07-24T06:30:19.835Z] {"timestamp":1784874619602,"kind":"scroll","url":"http://localhost:3000/","viewport":{"width":882,"height":682},"payload":{"scrollX":0,"scrollY":5780,"documentHeight":11993,"viewportHeight":682}}
[2026-07-24T06:30:21.855Z] {"timestamp":1784874621602,"kind":"scroll","url":"http://localhost:3000/","viewport":{"width":882,"height":682},"payload":{"scrollX":0,"scrollY":5736.7998046875,"documentHeight":11950,"viewportHeight":682}}
[2026-07-24T06:30:27.843Z] {"timestamp":1784874627486,"kind":"scroll","url":"http://localhost:3000/","viewport":{"width":882,"height":682},"payload":{"scrollX":0,"scrollY":5780,"documentHeight":12025,"viewportHeight":682}}
[2026-07-24T06:30:29.840Z] {"timestamp":1784874629571,"kind":"scroll","url":"http://localhost:3000/","viewport":{"width":882,"height":682},"payload":{"scrollX":0,"scrollY":5736.7998046875,"documentHeight":11982,"viewportHeight":682}}
[2026-07-24T06:30:31.908Z] {"timestamp":1784874631586,"kind":"scroll","url":"http://localhost:3000/","viewport":{"width":882,"height":682},"payload":{"scrollX":0,"scrollY":5780,"documentHeight":12025,"viewportHeight":682}}
[2026-07-24T06:30:33.841Z] {"timestamp":1784874633503,"kind":"scroll","url":"http://localhost:3000/","viewport":{"width":882,"height":682},"payload":{"scrollX":0,"scrollY":5736.7998046875,"documentHeight":11982,"viewportHeight":682}}
[2026-07-24T06:30:35.839Z] {"timestamp":1784874635620,"kind":"scroll","url":"http://localhost:3000/","viewport":{"width":882,"height":682},"payload":{"scrollX":0,"scrollY":5780,"documentHeight":11993,"viewportHeight":682}}
[2026-07-24T06:30:37.837Z] {"timestamp":1784874637620,"kind":"scroll","url":"http://localhost:3000/","viewport":{"width":882,"height":682},"payload":{"scrollX":0,"scrollY":5736.7998046875,"documentHeight":11950,"viewportHeight":682}}
[2026-07-24T06:30:43.845Z] {"timestamp":1784874643553,"kind":"scroll","url":"http://localhost:3000/","viewport":{"width":882,"height":682},"payload":{"scrollX":0,"scrollY":5780,"documentHeight":12025,"viewportHeight":682}}
[2026-07-24T06:30:45.857Z] {"timestamp":1784874645637,"kind":"scroll","url":"http://localhost:3000/","viewport":{"width":882,"height":682},"payload":{"scrollX":0,"scrollY":5736.7998046875,"documentHeight":11982,"viewportHeight":682}}
[2026-07-24T06:30:47.839Z] {"timestamp":1784874647605,"kind":"scroll","url":"http://localhost:3000/","viewport":{"width":882,"height":682},"payload":{"scrollX":0,"scrollY":5780,"documentHeight":11993,"viewportHeight":682}}
[2026-07-24T06:30:49.834Z] {"timestamp":1784874649504,"kind":"scroll","url":"http://localhost:3000/","viewport":{"width":882,"height":682},"payload":{"scrollX":0,"scrollY":5736.7998046875,"documentHeight":11950,"viewportHeight":682}}
[2026-07-24T06:30:51.837Z] {"timestamp":1784874651453,"kind":"scroll","url":"http://localhost:3000/","viewport":{"width":882,"height":682},"payload":{"scrollX":0,"scrollY":5780,"documentHeight":11993,"viewportHeight":682}}
[2026-07-24T06:30:53.835Z] {"timestamp":1784874653421,"kind":"scroll","url":"http://localhost:3000/","viewport":{"width":882,"height":682},"payload":{"scrollX":0,"scrollY":5736.7998046875,"documentHeight":11982,"viewportHeight":682}}
[2026-07-24T06:30:59.834Z] {"timestamp":1784874658938,"kind":"scroll","url":"http://localhost:3000/","viewport":{"width":882,"height":682},"payload":{"scrollX":0,"scrollY":5780,"documentHeight":12025,"viewportHeight":682}}
[2026-07-24T06:31:01.835Z] {"timestamp":1784874661004,"kind":"scroll","url":"http://localhost:3000/","viewport":{"width":882,"height":682},"payload":{"scrollX":0,"scrollY":5736.7998046875,"documentHeight":11982,"viewportHeight":682}}
[2026-07-24T06:31:03.835Z] {"timestamp":1784874662855,"kind":"scroll","url":"http://localhost:3000/","viewport":{"width":882,"height":682},"payload":{"scrollX":0,"scrollY":5780,"documentHeight":12025,"viewportHeight":682}}
[2026-07-24T06:31:05.834Z] {"timestamp":1784874664754,"kind":"scroll","url":"http://localhost:3000/","viewport":{"width":882,"height":682},"payload":{"scrollX":0,"scrollY":5736.7998046875,"documentHeight":11982,"viewportHeight":682}}
[2026-07-24T06:31:07.837Z] {"timestamp":1784874666705,"kind":"scroll","url":"http://localhost:3000/","viewport":{"width":882,"height":682},"payload":{"scrollX":0,"scrollY":5780,"documentHeight":11993,"viewportHeight":682}}
[2026-07-24T06:31:09.841Z] {"timestamp":1784874668704,"kind":"scroll","url":"http://localhost:3000/","viewport":{"width":882,"height":682},"payload":{"scrollX":0,"scrollY":5736.7998046875,"documentHeight":11950,"viewportHeight":682}}
[2026-07-24T06:31:36.820Z] {"timestamp":1784874694844,"kind":"scroll","url":"http://localhost:3000/","viewport":{"width":882,"height":682},"payload":{"scrollX":0,"scrollY":5780,"documentHeight":12025,"viewportHeight":682}}
[2026-07-24T06:31:44.830Z] {"timestamp":1784874702854,"kind":"scroll","url":"http://localhost:3000/","viewport":{"width":882,"height":682},"payload":{"scrollX":0,"scrollY":5736.7998046875,"documentHeight":11982,"viewportHeight":682}}
[2026-07-24T06:32:26.818Z] {"timestamp":1784874744856,"kind":"scroll","url":"http://localhost:3000/","viewport":{"width":882,"height":682},"payload":{"scrollX":0,"scrollY":5780,"documentHeight":12025,"viewportHeight":682}}
[2026-07-24T06:32:29.838Z] {"timestamp":1784874748427,"kind":"scroll","url":"http://localhost:3000/","viewport":{"width":882,"height":682},"payload":{"scrollX":0,"scrollY":5736.7998046875,"documentHeight":11982,"viewportHeight":682}}
[2026-07-24T06:32:31.837Z] {"timestamp":1784874750433,"kind":"scroll","url":"http://localhost:3000/","viewport":{"width":882,"height":682},"payload":{"scrollX":0,"scrollY":5780,"documentHeight":12025,"viewportHeight":682}}
[2026-07-24T06:32:33.836Z] {"timestamp":1784874752417,"kind":"scroll","url":"http://localhost:3000/","viewport":{"width":882,"height":682},"payload":{"scrollX":0,"scrollY":5736.7998046875,"documentHeight":11982,"viewportHeight":682}}
[2026-07-24T06:32:39.839Z] {"timestamp":1784874758017,"kind":"scroll","url":"http://localhost:3000/","viewport":{"width":882,"height":682},"payload":{"scrollX":0,"scrollY":5780,"documentHeight":11993,"viewportHeight":682}}
[2026-07-24T06:32:41.841Z] {"timestamp":1784874760084,"kind":"scroll","url":"http://localhost:3000/","viewport":{"width":882,"height":682},"payload":{"scrollX":0,"scrollY":5736.7998046875,"documentHeight":11950,"viewportHeight":682}}
[2026-07-24T06:32:43.849Z] {"timestamp":1784874761967,"kind":"scroll","url":"http://localhost:3000/","viewport":{"width":882,"height":682},"payload":{"scrollX":0,"scrollY":5780,"documentHeight":12025,"viewportHeight":682}}
[2026-07-24T06:32:45.836Z] {"timestamp":1784874763867,"kind":"scroll","url":"http://localhost:3000/","viewport":{"width":882,"height":682},"payload":{"scrollX":0,"scrollY":5736.7998046875,"documentHeight":11982,"viewportHeight":682}}
[2026-07-24T06:32:47.835Z] {"timestamp":1784874765901,"kind":"scroll","url":"http://localhost:3000/","viewport":{"width":882,"height":682},"payload":{"scrollX":0,"scrollY":5780,"documentHeight":12025,"viewportHeight":682}}
[2026-07-24T06:32:49.843Z] {"timestamp":1784874767900,"kind":"scroll","url":"http://localhost:3000/","viewport":{"width":882,"height":682},"payload":{"scrollX":0,"scrollY":5736.7998046875,"documentHeight":11950,"viewportHeight":682}}
[2026-07-24T06:32:55.848Z] {"timestamp":1784874773865,"kind":"scroll","url":"http://localhost:3000/","viewport":{"width":882,"height":682},"payload":{"scrollX":0,"scrollY":5780,"documentHeight":12025,"viewportHeight":682}}
[2026-07-24T06:32:57.837Z] {"timestamp":1784874775936,"kind":"scroll","url":"http://localhost:3000/","viewport":{"width":882,"height":682},"payload":{"scrollX":0,"scrollY":5736.7998046875,"documentHeight":11982,"viewportHeight":682}}
[2026-07-24T06:32:59.842Z] {"timestamp":1784874777884,"kind":"scroll","url":"http://localhost:3000/","viewport":{"width":882,"height":682},"payload":{"scrollX":0,"scrollY":5780,"documentHeight":12025,"viewportHeight":682}}
[2026-07-24T06:32:59.842Z] {"timestamp":1784874779785,"kind":"scroll","url":"http://localhost:3000/","viewport":{"width":882,"height":682},"payload":{"scrollX":0,"scrollY":5736.7998046875,"documentHeight":11982,"viewportHeight":682}}
[2026-07-24T06:33:01.838Z] {"timestamp":1784874781818,"kind":"scroll","url":"http://localhost:3000/","viewport":{"width":882,"height":682},"payload":{"scrollX":0,"scrollY":5780,"documentHeight":12025,"viewportHeight":682}}
[2026-07-24T06:33:03.849Z] {"timestamp":1784874783784,"kind":"scroll","url":"http://localhost:3000/","viewport":{"width":882,"height":682},"payload":{"scrollX":0,"scrollY":5736.7998046875,"documentHeight":11982,"viewportHeight":682}}
[2026-07-24T06:33:09.837Z] {"timestamp":1784874789451,"kind":"scroll","url":"http://localhost:3000/","viewport":{"width":882,"height":682},"payload":{"scrollX":0,"scrollY":5780,"documentHeight":11993,"viewportHeight":682}}
[2026-07-24T06:33:11.848Z] {"timestamp":1784874791503,"kind":"scroll","url":"http://localhost:3000/","viewport":{"width":882,"height":682},"payload":{"scrollX":0,"scrollY":5736.7998046875,"documentHeight":11982,"viewportHeight":682}}
[2026-07-24T06:33:13.836Z] {"timestamp":1784874793402,"kind":"scroll","url":"http://localhost:3000/","viewport":{"width":882,"height":682},"payload":{"scrollX":0,"scrollY":5780,"documentHeight":12025,"viewportHeight":682}}
[2026-07-24T06:33:15.852Z] {"timestamp":1784874795302,"kind":"scroll","url":"http://localhost:3000/","viewport":{"width":882,"height":682},"payload":{"scrollX":0,"scrollY":5736.7998046875,"documentHeight":11982,"viewportHeight":682}}
[2026-07-24T06:33:17.841Z] {"timestamp":1784874797321,"kind":"scroll","url":"http://localhost:3000/","viewport":{"width":882,"height":682},"payload":{"scrollX":0,"scrollY":5780,"documentHeight":11993,"viewportHeight":682}}
[2026-07-24T06:33:19.851Z] {"timestamp":1784874799308,"kind":"scroll","url":"http://localhost:3000/","viewport":{"width":882,"height":682},"payload":{"scrollX":0,"scrollY":5736.7998046875,"documentHeight":11950,"viewportHeight":682}}
[2026-07-24T06:33:25.836Z] {"timestamp":1784874804919,"kind":"scroll","url":"http://localhost:3000/","viewport":{"width":882,"height":682},"payload":{"scrollX":0,"scrollY":5780,"documentHeight":12025,"viewportHeight":682}}
[2026-07-24T06:33:27.841Z] {"timestamp":1784874806969,"kind":"scroll","url":"http://localhost:3000/","viewport":{"width":882,"height":682},"payload":{"scrollX":0,"scrollY":5736.7998046875,"documentHeight":11982,"viewportHeight":682}}
[2026-07-24T06:33:29.838Z] {"timestamp":1784874808803,"kind":"scroll","url":"http://localhost:3000/","viewport":{"width":882,"height":682},"payload":{"scrollX":0,"scrollY":5780,"documentHeight":12025,"viewportHeight":682}}
[2026-07-24T06:33:31.836Z] {"timestamp":1784874810703,"kind":"scroll","url":"http://localhost:3000/","viewport":{"width":882,"height":682},"payload":{"scrollX":0,"scrollY":5736.7998046875,"documentHeight":11982,"viewportHeight":682}}
[2026-07-24T06:33:34.184Z] {"timestamp":1784874812686,"kind":"scroll","url":"http://localhost:3000/","viewport":{"width":882,"height":682},"payload":{"scrollX":0,"scrollY":5780,"documentHeight":12025,"viewportHeight":682}}
[2026-07-24T06:33:38.450Z] {"timestamp":1784874816339,"kind":"scroll","url":"http://localhost:3000/","viewport":{"width":882,"height":682},"payload":{"scrollX":0,"scrollY":5736.7998046875,"documentHeight":11950,"viewportHeight":682}}
[2026-07-24T06:34:07.844Z] {"timestamp":1784874847505,"kind":"scroll","url":"http://localhost:3000/","viewport":{"width":882,"height":682},"payload":{"scrollX":0,"scrollY":5780,"documentHeight":11993,"viewportHeight":682}}
[2026-07-24T06:34:10.510Z] {"timestamp":1784874848890,"kind":"scroll","url":"http://localhost:3000/","viewport":{"width":882,"height":682},"payload":{"scrollX":0,"scrollY":5707.2001953125,"documentHeight":11993,"viewportHeight":682}}
[2026-07-24T06:34:10.510Z] {"timestamp":1784874849390,"kind":"scroll","url":"http://localhost:3000/","viewport":{"width":882,"height":682},"payload":{"scrollX":0,"scrollY":5156.7998046875,"documentHeight":11993,"viewportHeight":682}}
[2026-07-24T06:34:30.533Z] {"timestamp":1784874868440,"kind":"scroll","url":"http://localhost:3000/","viewport":{"width":882,"height":682},"payload":{"scrollX":0,"scrollY":5122.39990234375,"documentHeight":12025,"viewportHeight":682}}
[2026-07-24T06:34:34.770Z] {"timestamp":1784874872673,"kind":"scroll","url":"http://localhost:3000/","viewport":{"width":882,"height":682},"payload":{"scrollX":0,"scrollY":5079.2001953125,"documentHeight":11982,"viewportHeight":682}}
[2026-07-24T06:35:00.081Z] {"timestamp":1784874897960,"kind":"scroll","url":"http://localhost:3000/","viewport":{"width":882,"height":682},"payload":{"scrollX":0,"scrollY":5122.39990234375,"documentHeight":12025,"viewportHeight":682}}
[2026-07-24T06:35:04.318Z] {"timestamp":1784874902218,"kind":"scroll","url":"http://localhost:3000/","viewport":{"width":882,"height":682},"payload":{"scrollX":0,"scrollY":5079.2001953125,"documentHeight":11982,"viewportHeight":682}}
[2026-07-24T06:35:41.837Z] {"timestamp":1784874941529,"kind":"scroll","url":"http://localhost:3000/","viewport":{"width":882,"height":682},"payload":{"scrollX":0,"scrollY":5122.39990234375,"documentHeight":12025,"viewportHeight":682}}
[2026-07-24T06:35:43.836Z] {"timestamp":1784874943577,"kind":"scroll","url":"http://localhost:3000/","viewport":{"width":882,"height":682},"payload":{"scrollX":0,"scrollY":5079.2001953125,"documentHeight":11982,"viewportHeight":682}}
[2026-07-24T06:35:45.836Z] {"timestamp":1784874945444,"kind":"scroll","url":"http://localhost:3000/","viewport":{"width":882,"height":682},"payload":{"scrollX":0,"scrollY":5122.39990234375,"documentHeight":12025,"viewportHeight":682}}
[2026-07-24T06:35:48.724Z] {"timestamp":1784874947346,"kind":"scroll","url":"http://localhost:3000/","viewport":{"width":882,"height":682},"payload":{"scrollX":0,"scrollY":5079.2001953125,"documentHeight":11950,"viewportHeight":682}}
[2026-07-24T06:36:07.838Z] {"timestamp":1784874967228,"kind":"scroll","url":"http://localhost:3000/","viewport":{"width":882,"height":682},"payload":{"scrollX":0,"scrollY":5122.39990234375,"documentHeight":11993,"viewportHeight":682}}
[2026-07-24T06:36:09.846Z] {"timestamp":1784874969097,"kind":"scroll","url":"http://localhost:3000/","viewport":{"width":882,"height":682},"payload":{"scrollX":0,"scrollY":5119.2001953125,"documentHeight":11993,"viewportHeight":682}}
[2026-07-24T06:36:09.846Z] {"timestamp":1784874969663,"kind":"scroll","url":"http://localhost:3000/","viewport":{"width":882,"height":682},"payload":{"scrollX":0,"scrollY":4943.2001953125,"documentHeight":11950,"viewportHeight":682}}
[2026-07-24T06:36:11.838Z] {"timestamp":1784874970200,"kind":"scroll","url":"http://localhost:3000/","viewport":{"width":882,"height":682},"payload":{"scrollX":0,"scrollY":4661.60009765625,"documentHeight":11950,"viewportHeight":682}}
[2026-07-24T06:36:11.838Z] {"timestamp":1784874970700,"kind":"scroll","url":"http://localhost:3000/","viewport":{"width":882,"height":682},"payload":{"scrollX":0,"scrollY":4511.2001953125,"documentHeight":11950,"viewportHeight":682}}
[2026-07-24T06:36:11.838Z] {"timestamp":1784874971296,"kind":"scroll","url":"http://localhost:3000/","viewport":{"width":882,"height":682},"payload":{"scrollX":0,"scrollY":4260,"documentHeight":11982,"viewportHeight":682}}
[2026-07-24T06:36:11.838Z] {"timestamp":1784874971799,"kind":"scroll","url":"http://localhost:3000/","viewport":{"width":882,"height":682},"payload":{"scrollX":0,"scrollY":3975.199951171875,"documentHeight":11982,"viewportHeight":682}}
[2026-07-24T06:36:13.839Z] {"timestamp":1784874972299,"kind":"scroll","url":"http://localhost:3000/","viewport":{"width":882,"height":682},"payload":{"scrollX":0,"scrollY":3680,"documentHeight":11982,"viewportHeight":682}}
[2026-07-24T06:36:13.839Z] {"timestamp":1784874972913,"kind":"scroll","url":"http://localhost:3000/","viewport":{"width":882,"height":682},"payload":{"scrollX":0,"scrollY":3312.800048828125,"documentHeight":11982,"viewportHeight":682}}
[2026-07-24T06:36:13.839Z] {"timestamp":1784874973598,"kind":"scroll","url":"http://localhost:3000/","viewport":{"width":882,"height":682},"payload":{"scrollX":0,"scrollY":2943.199951171875,"documentHeight":11982,"viewportHeight":682}}
[2026-07-24T06:36:16.028Z] {"timestamp":1784874974185,"kind":"scroll","url":"http://localhost:3000/","viewport":{"width":882,"height":682},"payload":{"scrollX":0,"scrollY":2780.800048828125,"documentHeight":11982,"viewportHeight":682}}
[2026-07-24T06:36:18.172Z] {"timestamp":1784874977127,"kind":"scroll","url":"http://localhost:3000/","viewport":{"width":882,"height":682},"payload":{"scrollX":0,"scrollY":2700,"documentHeight":12025,"viewportHeight":682}}
[2026-07-24T06:36:24.557Z] {"timestamp":1784874982447,"kind":"scroll","url":"http://localhost:3000/","viewport":{"width":882,"height":682},"payload":{"scrollX":0,"scrollY":2656.800048828125,"documentHeight":11950,"viewportHeight":682}}
[2026-07-24T06:36:45.985Z] {"timestamp":1784875003883,"kind":"scroll","url":"http://localhost:3000/","viewport":{"width":882,"height":682},"payload":{"scrollX":0,"scrollY":2700,"documentHeight":12025,"viewportHeight":682}}
[2026-07-24T06:36:50.273Z] {"timestamp":1784875008137,"kind":"scroll","url":"http://localhost:3000/","viewport":{"width":882,"height":682},"payload":{"scrollX":0,"scrollY":2656.800048828125,"documentHeight":11950,"viewportHeight":682}}
[2026-07-24T06:37:14.754Z] {"timestamp":1784875032630,"kind":"scroll","url":"http://localhost:3000/","viewport":{"width":882,"height":682},"payload":{"scrollX":0,"scrollY":2700,"documentHeight":12025,"viewportHeight":682}}
[2026-07-24T06:37:17.962Z] {"timestamp":1784875036903,"kind":"scroll","url":"http://localhost:3000/","viewport":{"width":882,"height":682},"payload":{"scrollX":0,"scrollY":2656.800048828125,"documentHeight":11982,"viewportHeight":682}}
[2026-07-24T06:37:45.839Z] {"timestamp":1784875064535,"kind":"scroll","url":"http://localhost:3000/","viewport":{"width":882,"height":682},"payload":{"scrollX":0,"scrollY":2700,"documentHeight":12025,"viewportHeight":682}}
[2026-07-24T06:37:47.837Z] {"timestamp":1784875066603,"kind":"scroll","url":"http://localhost:3000/","viewport":{"width":882,"height":682},"payload":{"scrollX":0,"scrollY":2656.800048828125,"documentHeight":11982,"viewportHeight":682}}
[2026-07-24T06:37:49.836Z] {"timestamp":1784875068517,"kind":"scroll","url":"http://localhost:3000/","viewport":{"width":882,"height":682},"payload":{"scrollX":0,"scrollY":2700,"documentHeight":11993,"viewportHeight":682}}
[2026-07-24T06:37:51.835Z] {"timestamp":1784875070435,"kind":"scroll","url":"http://localhost:3000/","viewport":{"width":882,"height":682},"payload":{"scrollX":0,"scrollY":2656.800048828125,"documentHeight":11950,"viewportHeight":682}}
[2026-07-24T06:37:53.836Z] {"timestamp":1784875072385,"kind":"scroll","url":"http://localhost:3000/","viewport":{"width":882,"height":682},"payload":{"scrollX":0,"scrollY":2700,"documentHeight":11993,"viewportHeight":682}}
[2026-07-24T06:37:55.837Z] {"timestamp":1784875074368,"kind":"scroll","url":"http://localhost:3000/","viewport":{"width":882,"height":682},"payload":{"scrollX":0,"scrollY":2656.800048828125,"documentHeight":11982,"viewportHeight":682}}
[2026-07-24T06:38:01.836Z] {"timestamp":1784875079969,"kind":"scroll","url":"http://localhost:3000/","viewport":{"width":882,"height":682},"payload":{"scrollX":0,"scrollY":2700,"documentHeight":12025,"viewportHeight":682}}
[2026-07-24T06:38:03.836Z] {"timestamp":1784875082019,"kind":"scroll","url":"http://localhost:3000/","viewport":{"width":882,"height":682},"payload":{"scrollX":0,"scrollY":2656.800048828125,"documentHeight":11982,"viewportHeight":682}}
[2026-07-24T06:38:05.837Z] {"timestamp":1784875083868,"kind":"scroll","url":"http://localhost:3000/","viewport":{"width":882,"height":682},"payload":{"scrollX":0,"scrollY":2700,"documentHeight":12025,"viewportHeight":682}}
[2026-07-24T06:38:05.837Z] {"timestamp":1784875085770,"kind":"scroll","url":"http://localhost:3000/","viewport":{"width":882,"height":682},"payload":{"scrollX":0,"scrollY":2656.800048828125,"documentHeight":11950,"viewportHeight":682}}
[2026-07-24T06:38:07.838Z] {"timestamp":1784875087786,"kind":"scroll","url":"http://localhost:3000/","viewport":{"width":882,"height":682},"payload":{"scrollX":0,"scrollY":2700,"documentHeight":11993,"viewportHeight":682}}
[2026-07-24T06:38:09.856Z] {"timestamp":1784875089786,"kind":"scroll","url":"http://localhost:3000/","viewport":{"width":882,"height":682},"payload":{"scrollX":0,"scrollY":2656.800048828125,"documentHeight":11950,"viewportHeight":682}}
[2026-07-24T06:38:15.838Z] {"timestamp":1784875095686,"kind":"scroll","url":"http://localhost:3000/","viewport":{"width":882,"height":682},"payload":{"scrollX":0,"scrollY":2700,"documentHeight":12025,"viewportHeight":682}}
[2026-07-24T06:38:17.843Z] {"timestamp":1784875097772,"kind":"scroll","url":"http://localhost:3000/","viewport":{"width":882,"height":682},"payload":{"scrollX":0,"scrollY":2656.800048828125,"documentHeight":11950,"viewportHeight":682}}
[2026-07-24T06:38:19.839Z] {"timestamp":1784875099720,"kind":"scroll","url":"http://localhost:3000/","viewport":{"width":882,"height":682},"payload":{"scrollX":0,"scrollY":2700,"documentHeight":11993,"viewportHeight":682}}
[2026-07-24T06:38:21.857Z] {"timestamp":1784875101637,"kind":"scroll","url":"http://localhost:3000/","viewport":{"width":882,"height":682},"payload":{"scrollX":0,"scrollY":2656.800048828125,"documentHeight":11950,"viewportHeight":682}}
[2026-07-24T06:38:23.837Z] {"timestamp":1784875103738,"kind":"scroll","url":"http://localhost:3000/","viewport":{"width":882,"height":682},"payload":{"scrollX":0,"scrollY":2700,"documentHeight":12025,"viewportHeight":682}}
[2026-07-24T06:38:25.835Z] {"timestamp":1784875105741,"kind":"scroll","url":"http://localhost:3000/","viewport":{"width":882,"height":682},"payload":{"scrollX":0,"scrollY":2656.800048828125,"documentHeight":11982,"viewportHeight":682}}
[2026-07-24T06:39:02.115Z] {"timestamp":1784875140034,"kind":"scroll","url":"http://localhost:3000/","viewport":{"width":882,"height":682},"payload":{"scrollX":0,"scrollY":2700,"documentHeight":12025,"viewportHeight":682}}
[2026-07-24T06:39:06.339Z] {"timestamp":1784875145300,"kind":"scroll","url":"http://localhost:3000/","viewport":{"width":882,"height":682},"payload":{"scrollX":0,"scrollY":2656.800048828125,"documentHeight":11982,"viewportHeight":682}}
[2026-07-24T06:39:31.846Z] {"timestamp":1784875169839,"kind":"scroll","url":"http://localhost:3000/","viewport":{"width":882,"height":682},"payload":{"scrollX":0,"scrollY":2700,"documentHeight":12025,"viewportHeight":682}}
[2026-07-24T06:39:31.846Z] {"timestamp":1784875171751,"kind":"scroll","url":"http://localhost:3000/","viewport":{"width":882,"height":682},"payload":{"scrollX":0,"scrollY":2656.800048828125,"documentHeight":11982,"viewportHeight":682}}
[2026-07-24T06:39:33.847Z] {"timestamp":1784875173727,"kind":"scroll","url":"http://localhost:3000/","viewport":{"width":882,"height":682},"payload":{"scrollX":0,"scrollY":2700,"documentHeight":12025,"viewportHeight":682}}
[2026-07-24T06:39:35.849Z] {"timestamp":1784875174596,"kind":"scroll","url":"http://localhost:3000/","viewport":{"width":882,"height":682},"payload":{"scrollX":0,"scrollY":2788.800048828125,"documentHeight":12025,"viewportHeight":682}}
[2026-07-24T06:39:35.849Z] {"timestamp":1784875175129,"kind":"scroll","url":"http://localhost:3000/","viewport":{"width":882,"height":682},"payload":{"scrollX":0,"scrollY":3382.39990234375,"documentHeight":11993,"viewportHeight":682}}
[2026-07-24T06:39:35.849Z] {"timestamp":1784875175632,"kind":"scroll","url":"http://localhost:3000/","viewport":{"width":882,"height":682},"payload":{"scrollX":0,"scrollY":4592,"documentHeight":11993,"viewportHeight":682}}
[2026-07-24T06:39:37.839Z] {"timestamp":1784875176313,"kind":"scroll","url":"http://localhost:3000/","viewport":{"width":882,"height":682},"payload":{"scrollX":0,"scrollY":5196.7998046875,"documentHeight":11950,"viewportHeight":682}}
[2026-07-24T06:39:37.839Z] {"timestamp":1784875176813,"kind":"scroll","url":"http://localhost:3000/","viewport":{"width":882,"height":682},"payload":{"scrollX":0,"scrollY":5741.60009765625,"documentHeight":11950,"viewportHeight":682}}
[2026-07-24T06:39:37.839Z] {"timestamp":1784875177412,"kind":"scroll","url":"http://localhost:3000/","viewport":{"width":882,"height":682},"payload":{"scrollX":0,"scrollY":5824.7998046875,"documentHeight":11950,"viewportHeight":682}}
[2026-07-24T06:39:41.846Z] {"timestamp":1784875181330,"kind":"scroll","url":"http://localhost:3000/","viewport":{"width":882,"height":682},"payload":{"scrollX":0,"scrollY":5868,"documentHeight":12025,"viewportHeight":682}}
[2026-07-24T06:39:43.847Z] {"timestamp":1784875183379,"kind":"scroll","url":"http://localhost:3000/","viewport":{"width":882,"height":682},"payload":{"scrollX":0,"scrollY":5824.7998046875,"documentHeight":11982,"viewportHeight":682}}
[2026-07-24T06:39:45.840Z] {"timestamp":1784875185295,"kind":"scroll","url":"http://localhost:3000/","viewport":{"width":882,"height":682},"payload":{"scrollX":0,"scrollY":5868,"documentHeight":12025,"viewportHeight":682}}
[2026-07-24T06:39:47.835Z] {"timestamp":1784875187196,"kind":"scroll","url":"http://localhost:3000/","viewport":{"width":882,"height":682},"payload":{"scrollX":0,"scrollY":5824.7998046875,"documentHeight":11950,"viewportHeight":682}}
[2026-07-24T06:39:49.851Z] {"timestamp":1784875189195,"kind":"scroll","url":"http://localhost:3000/","viewport":{"width":882,"height":682},"payload":{"scrollX":0,"scrollY":5868,"documentHeight":11993,"viewportHeight":682}}
[2026-07-24T06:39:51.836Z] {"timestamp":1784875191197,"kind":"scroll","url":"http://localhost:3000/","viewport":{"width":882,"height":682},"payload":{"scrollX":0,"scrollY":5824.7998046875,"documentHeight":11950,"viewportHeight":682}}
[2026-07-24T06:40:20.549Z] {"timestamp":1784875219503,"kind":"scroll","url":"http://localhost:3000/","viewport":{"width":882,"height":682},"payload":{"scrollX":0,"scrollY":5868,"documentHeight":11993,"viewportHeight":682}}
[2026-07-24T06:40:25.866Z] {"timestamp":1784875224816,"kind":"scroll","url":"http://localhost:3000/","viewport":{"width":882,"height":682},"payload":{"scrollX":0,"scrollY":5824.7998046875,"documentHeight":11982,"viewportHeight":682}}
[2026-07-24T06:40:50.590Z] {"timestamp":1784875247927,"kind":"scroll","url":"http://localhost:3000/","viewport":{"width":882,"height":682},"payload":{"scrollX":0,"scrollY":5868,"documentHeight":11993,"viewportHeight":682}}
[2026-07-24T06:40:52.781Z] {"timestamp":1784875251668,"kind":"scroll","url":"http://localhost:3000/","viewport":{"width":882,"height":682},"payload":{"scrollX":0,"scrollY":5824.7998046875,"documentHeight":11950,"viewportHeight":682}}
[2026-07-24T06:41:08.546Z] {"timestamp":1784875267459,"kind":"scroll","url":"http://localhost:3000/","viewport":{"width":882,"height":682},"payload":{"scrollX":0,"scrollY":5868,"documentHeight":11993,"viewportHeight":682}}
[2026-07-24T06:41:14.172Z] {"timestamp":1784875271978,"kind":"scroll","url":"http://localhost:3000/","viewport":{"width":882,"height":682},"payload":{"scrollX":0,"scrollY":5824.7998046875,"documentHeight":11982,"viewportHeight":682}}
[2026-07-24T06:41:45.866Z] {"timestamp":1784875304694,"kind":"scroll","url":"http://localhost:3000/","viewport":{"width":882,"height":682},"payload":{"scrollX":0,"scrollY":5868,"documentHeight":12025,"viewportHeight":682}}
[2026-07-24T06:41:50.274Z] {"timestamp":1784875309138,"kind":"scroll","url":"http://localhost:3000/","viewport":{"width":882,"height":682},"payload":{"scrollX":0,"scrollY":5824.7998046875,"documentHeight":11950,"viewportHeight":682}}
[2026-07-24T06:42:03.844Z] {"timestamp":1784875323787,"kind":"scroll","url":"http://localhost:3000/","viewport":{"width":882,"height":682},"payload":{"scrollX":0,"scrollY":5868,"documentHeight":12025,"viewportHeight":682}}
[2026-07-24T06:42:08.215Z] {"timestamp":1784875326044,"kind":"scroll","url":"http://localhost:3000/","viewport":{"width":882,"height":682},"payload":{"scrollX":0,"scrollY":5824.7998046875,"documentHeight":11950,"viewportHeight":682}}
[2026-07-24T06:42:24.059Z] {"timestamp":1784875341857,"kind":"scroll","url":"http://localhost:3000/","viewport":{"width":882,"height":682},"payload":{"scrollX":0,"scrollY":5868,"documentHeight":11993,"viewportHeight":682}}
[2026-07-24T06:42:28.593Z] {"timestamp":1784875346321,"kind":"scroll","url":"http://localhost:3000/","viewport":{"width":882,"height":682},"payload":{"scrollX":0,"scrollY":5824.7998046875,"documentHeight":11982,"viewportHeight":682}}
[2026-07-24T06:42:46.260Z] {"timestamp":1784875364839,"kind":"scroll","url":"http://localhost:3000/","viewport":{"width":882,"height":682},"payload":{"scrollX":0,"scrollY":5868,"documentHeight":12025,"viewportHeight":682}}
[2026-07-24T06:42:50.530Z] {"timestamp":1784875368418,"kind":"scroll","url":"http://localhost:3000/","viewport":{"width":882,"height":682},"payload":{"scrollX":0,"scrollY":5824.7998046875,"documentHeight":11950,"viewportHeight":682}}
[2026-07-24T06:43:10.802Z] {"timestamp":1784875388697,"kind":"scroll","url":"http://localhost:3000/","viewport":{"width":882,"height":682},"payload":{"scrollX":0,"scrollY":5868,"documentHeight":11993,"viewportHeight":682}}
[2026-07-24T06:43:14.009Z] {"timestamp":1784875391878,"kind":"scroll","url":"http://localhost:3000/","viewport":{"width":882,"height":682},"payload":{"scrollX":0,"scrollY":5824.7998046875,"documentHeight":11982,"viewportHeight":682}}
[2026-07-24T06:43:38.356Z] {"timestamp":1784875416398,"kind":"scroll","url":"http://localhost:3000/","viewport":{"width":882,"height":682},"payload":{"scrollX":0,"scrollY":5868,"documentHeight":11993,"viewportHeight":682}}
[2026-07-24T06:43:39.835Z] {"timestamp":1784875418292,"kind":"scroll","url":"http://localhost:3000/","viewport":{"width":882,"height":682},"payload":{"scrollX":0,"scrollY":5824.7998046875,"documentHeight":11950,"viewportHeight":682}}
[2026-07-24T06:43:45.893Z] {"timestamp":1784875424834,"kind":"scroll","url":"http://localhost:3000/","viewport":{"width":882,"height":682},"payload":{"scrollX":0,"scrollY":5868,"documentHeight":12025,"viewportHeight":682}}
[2026-07-24T06:43:52.292Z] {"timestamp":1784875431217,"kind":"scroll","url":"http://localhost:3000/","viewport":{"width":882,"height":682},"payload":{"scrollX":0,"scrollY":5824.7998046875,"documentHeight":11950,"viewportHeight":682}}
[2026-07-24T06:43:59.847Z] {"timestamp":1784875439227,"kind":"scroll","url":"http://localhost:3000/","viewport":{"width":882,"height":682},"payload":{"scrollX":0,"scrollY":5868,"documentHeight":12025,"viewportHeight":682}}
[2026-07-24T06:44:04.014Z] {"timestamp":1784875442960,"kind":"scroll","url":"http://localhost:3000/","viewport":{"width":882,"height":682},"payload":{"scrollX":0,"scrollY":5824.7998046875,"documentHeight":11982,"viewportHeight":682}}
[2026-07-24T06:44:11.836Z] {"timestamp":1784875450827,"kind":"scroll","url":"http://localhost:3000/","viewport":{"width":882,"height":682},"payload":{"scrollX":0,"scrollY":5868,"documentHeight":11993,"viewportHeight":682}}
[2026-07-24T06:44:13.849Z] {"timestamp":1784875453144,"kind":"scroll","url":"http://localhost:3000/","viewport":{"width":882,"height":682},"payload":{"scrollX":0,"scrollY":5824.7998046875,"documentHeight":11982,"viewportHeight":682}}
[2026-07-24T06:44:19.838Z] {"timestamp":1784875458728,"kind":"scroll","url":"http://localhost:3000/","viewport":{"width":882,"height":682},"payload":{"scrollX":0,"scrollY":5868,"documentHeight":11993,"viewportHeight":682}}
[2026-07-24T06:44:21.835Z] {"timestamp":1784875460778,"kind":"scroll","url":"http://localhost:3000/","viewport":{"width":882,"height":682},"payload":{"scrollX":0,"scrollY":5824.7998046875,"documentHeight":11950,"viewportHeight":682}}
[2026-07-24T06:44:24.824Z] {"timestamp":1784875462678,"kind":"scroll","url":"http://localhost:3000/","viewport":{"width":882,"height":682},"payload":{"scrollX":0,"scrollY":5868,"documentHeight":11993,"viewportHeight":682}}
[2026-07-24T06:44:31.835Z] {"timestamp":1784875470164,"kind":"scroll","url":"http://localhost:3000/","viewport":{"width":882,"height":682},"payload":{"scrollX":0,"scrollY":5824.7998046875,"documentHeight":11982,"viewportHeight":682}}
[2026-07-24T06:44:33.842Z] {"timestamp":1784875472079,"kind":"scroll","url":"http://localhost:3000/","viewport":{"width":882,"height":682},"payload":{"scrollX":0,"scrollY":5868,"documentHeight":12025,"viewportHeight":682}}
[2026-07-24T06:44:35.835Z] {"timestamp":1784875474046,"kind":"scroll","url":"http://localhost:3000/","viewport":{"width":882,"height":682},"payload":{"scrollX":0,"scrollY":5824.7998046875,"documentHeight":11982,"viewportHeight":682}}
[2026-07-24T06:44:43.835Z] {"timestamp":1784875482029,"kind":"scroll","url":"http://localhost:3000/","viewport":{"width":882,"height":682},"payload":{"scrollX":0,"scrollY":5868,"documentHeight":12025,"viewportHeight":682}}
[2026-07-24T06:44:45.835Z] {"timestamp":1784875484098,"kind":"scroll","url":"http://localhost:3000/","viewport":{"width":882,"height":682},"payload":{"scrollX":0,"scrollY":5824.7998046875,"documentHeight":11982,"viewportHeight":682}}
[2026-07-24T06:44:48.828Z] {"timestamp":1784875485980,"kind":"scroll","url":"http://localhost:3000/","viewport":{"width":882,"height":682},"payload":{"scrollX":0,"scrollY":5868,"documentHeight":12025,"viewportHeight":682}}
[2026-07-24T06:45:06.824Z] {"timestamp":1784875503982,"kind":"scroll","url":"http://localhost:3000/","viewport":{"width":882,"height":682},"payload":{"scrollX":0,"scrollY":5824.7998046875,"documentHeight":11950,"viewportHeight":682}}
[2026-07-24T06:45:35.851Z] {"timestamp":1784875535029,"kind":"scroll","url":"http://localhost:3000/","viewport":{"width":882,"height":682},"payload":{"scrollX":0,"scrollY":5868,"documentHeight":12025,"viewportHeight":682}}
[2026-07-24T06:45:37.835Z] {"timestamp":1784875537028,"kind":"scroll","url":"http://localhost:3000/","viewport":{"width":882,"height":682},"payload":{"scrollX":0,"scrollY":5824.7998046875,"documentHeight":11950,"viewportHeight":682}}
[2026-07-24T06:45:43.834Z] {"timestamp":1784875542611,"kind":"scroll","url":"http://localhost:3000/","viewport":{"width":882,"height":682},"payload":{"scrollX":0,"scrollY":5868,"documentHeight":12025,"viewportHeight":682}}
[2026-07-24T06:45:45.842Z] {"timestamp":1784875544661,"kind":"scroll","url":"http://localhost:3000/","viewport":{"width":882,"height":682},"payload":{"scrollX":0,"scrollY":5824.7998046875,"documentHeight":11982,"viewportHeight":682}}
[2026-07-24T06:45:47.835Z] {"timestamp":1784875546512,"kind":"scroll","url":"http://localhost:3000/","viewport":{"width":882,"height":682},"payload":{"scrollX":0,"scrollY":5868,"documentHeight":12025,"viewportHeight":682}}
[2026-07-24T06:45:50.826Z] {"timestamp":1784875548412,"kind":"scroll","url":"http://localhost:3000/","viewport":{"width":882,"height":682},"payload":{"scrollX":0,"scrollY":5824.7998046875,"documentHeight":11950,"viewportHeight":682}}
[2026-07-24T06:45:51.835Z] {"timestamp":1784875551746,"kind":"scroll","url":"http://localhost:3000/","viewport":{"width":882,"height":682},"payload":{"scrollX":0,"scrollY":5868,"documentHeight":11993,"viewportHeight":682}}
[2026-07-24T06:45:53.841Z] {"timestamp":1784875553730,"kind":"scroll","url":"http://localhost:3000/","viewport":{"width":882,"height":682},"payload":{"scrollX":0,"scrollY":5824.7998046875,"documentHeight":11982,"viewportHeight":682}}
[2026-07-24T06:46:20.171Z] {"timestamp":1784875578060,"kind":"scroll","url":"http://localhost:3000/","viewport":{"width":882,"height":682},"payload":{"scrollX":0,"scrollY":5868,"documentHeight":11993,"viewportHeight":682}}
[2026-07-24T06:46:21.850Z] {"timestamp":1784875580325,"kind":"scroll","url":"http://localhost:3000/","viewport":{"width":882,"height":682},"payload":{"scrollX":0,"scrollY":5824.7998046875,"documentHeight":11950,"viewportHeight":682}}
[2026-07-24T06:46:30.253Z] {"timestamp":1784875589023,"kind":"scroll","url":"http://localhost:3000/","viewport":{"width":882,"height":682},"payload":{"scrollX":0,"scrollY":5868,"documentHeight":12025,"viewportHeight":682}}
[2026-07-24T06:46:32.646Z] {"timestamp":1784875591467,"kind":"scroll","url":"http://localhost:3000/","viewport":{"width":882,"height":682},"payload":{"scrollX":0,"scrollY":5824.7998046875,"documentHeight":11982,"viewportHeight":682}}
[2026-07-24T06:46:44.823Z] {"timestamp":1784875602455,"kind":"scroll","url":"http://localhost:3000/","viewport":{"width":882,"height":682},"payload":{"scrollX":0,"scrollY":5868,"documentHeight":12025,"viewportHeight":682}}
[2026-07-24T06:46:48.238Z] {"timestamp":1784875605928,"kind":"scroll","url":"http://localhost:3000/","viewport":{"width":882,"height":682},"payload":{"scrollX":0,"scrollY":5824.7998046875,"documentHeight":11982,"viewportHeight":682}}
[2026-07-24T06:47:10.173Z] {"timestamp":1784875629079,"kind":"scroll","url":"http://localhost:3000/","viewport":{"width":882,"height":682},"payload":{"scrollX":0,"scrollY":5868,"documentHeight":11993,"viewportHeight":682}}
[2026-07-24T06:47:13.841Z] {"timestamp":1784875632703,"kind":"scroll","url":"http://localhost:3000/","viewport":{"width":882,"height":682},"payload":{"scrollX":0,"scrollY":5824.7998046875,"documentHeight":11982,"viewportHeight":682}}
[2026-07-24T06:47:22.719Z] {"timestamp":1784875641605,"kind":"scroll","url":"http://localhost:3000/","viewport":{"width":882,"height":682},"payload":{"scrollX":0,"scrollY":5868,"documentHeight":11993,"viewportHeight":682}}
[2026-07-24T06:47:23.966Z] {"timestamp":1784875642835,"kind":"scroll","url":"http://localhost:3000/","viewport":{"width":882,"height":682},"payload":{"scrollX":0,"scrollY":5824.7998046875,"documentHeight":11950,"viewportHeight":682}}
[2026-07-24T06:47:36.178Z] {"timestamp":1784875654703,"kind":"scroll","url":"http://localhost:3000/","viewport":{"width":882,"height":682},"payload":{"scrollX":0,"scrollY":5868,"documentHeight":12025,"viewportHeight":682}}
[2026-07-24T06:47:38.546Z] {"timestamp":1784875657403,"kind":"scroll","url":"http://localhost:3000/","viewport":{"width":882,"height":682},"payload":{"scrollX":0,"scrollY":5824.7998046875,"documentHeight":11950,"viewportHeight":682}}
[2026-07-24T06:48:02.476Z] {"timestamp":1784875681320,"kind":"scroll","url":"http://localhost:3000/","viewport":{"width":882,"height":682},"payload":{"scrollX":0,"scrollY":5868,"documentHeight":12025,"viewportHeight":682}}
[2026-07-24T06:48:04.818Z] {"timestamp":1784875683787,"kind":"scroll","url":"http://localhost:3000/","viewport":{"width":882,"height":682},"payload":{"scrollX":0,"scrollY":5824.7998046875,"documentHeight":11982,"viewportHeight":682}}
[2026-07-24T06:48:13.898Z] {"timestamp":1784875692660,"kind":"scroll","url":"http://localhost:3000/","viewport":{"width":882,"height":682},"payload":{"scrollX":0,"scrollY":5868,"documentHeight":12025,"viewportHeight":682}}
[2026-07-24T06:48:16.267Z] {"timestamp":1784875695091,"kind":"scroll","url":"http://localhost:3000/","viewport":{"width":882,"height":682},"payload":{"scrollX":0,"scrollY":5824.7998046875,"documentHeight":11982,"viewportHeight":682}}
[2026-07-24T06:48:26.218Z] {"timestamp":1784875705161,"kind":"scroll","url":"http://localhost:3000/","viewport":{"width":882,"height":682},"payload":{"scrollX":0,"scrollY":5868,"documentHeight":12025,"viewportHeight":682}}
[2026-07-24T06:48:29.845Z] {"timestamp":1784875708725,"kind":"scroll","url":"http://localhost:3000/","viewport":{"width":882,"height":682},"payload":{"scrollX":0,"scrollY":5824.7998046875,"documentHeight":11982,"viewportHeight":682}}
[2026-07-24T06:48:52.191Z] {"timestamp":1784875729900,"kind":"scroll","url":"http://localhost:3000/","viewport":{"width":882,"height":682},"payload":{"scrollX":0,"scrollY":5868,"documentHeight":11993,"viewportHeight":682}}
[2026-07-24T06:48:53.835Z] {"timestamp":1784875733829,"kind":"scroll","url":"http://localhost:3000/","viewport":{"width":882,"height":682},"payload":{"scrollX":0,"scrollY":5824.7998046875,"documentHeight":11982,"viewportHeight":682}}
[2026-07-24T06:49:06.621Z] {"timestamp":1784875745576,"kind":"scroll","url":"http://localhost:3000/","viewport":{"width":882,"height":682},"payload":{"scrollX":0,"scrollY":5868,"documentHeight":12025,"viewportHeight":682}}
[2026-07-24T06:49:07.850Z] {"timestamp":1784875747788,"kind":"scroll","url":"http://localhost:3000/","viewport":{"width":882,"height":682},"payload":{"scrollX":0,"scrollY":5824.7998046875,"documentHeight":11950,"viewportHeight":682}}
[2026-07-24T06:49:19.841Z] {"timestamp":1784875758641,"kind":"scroll","url":"http://localhost:3000/","viewport":{"width":882,"height":682},"payload":{"scrollX":0,"scrollY":5868,"documentHeight":11993,"viewportHeight":682}}
[2026-07-24T06:49:22.099Z] {"timestamp":1784875761044,"kind":"scroll","url":"http://localhost:3000/","viewport":{"width":882,"height":682},"payload":{"scrollX":0,"scrollY":5824.7998046875,"documentHeight":11950,"viewportHeight":682}}
[2026-07-24T07:12:42.816Z] {"timestamp":1784877161043,"kind":"scroll","url":"http://localhost:3000/","viewport":{"width":882,"height":682},"payload":{"scrollX":0,"scrollY":5844.7998046875,"documentHeight":11982,"viewportHeight":682}}
[2026-07-24T07:12:46.661Z] {"timestamp":1784877165573,"kind":"scroll","url":"http://localhost:3000/","viewport":{"width":882,"height":682},"payload":{"scrollX":0,"scrollY":5888,"documentHeight":12025,"viewportHeight":682}}
[2026-07-24T07:12:48.662Z] {"timestamp":1784877167573,"kind":"scroll","url":"http://localhost:3000/","viewport":{"width":882,"height":682},"payload":{"scrollX":0,"scrollY":5844.7998046875,"documentHeight":11982,"viewportHeight":682}}
[2026-07-24T07:12:54.661Z] {"timestamp":1784877173190,"kind":"scroll","url":"http://localhost:3000/","viewport":{"width":882,"height":682},"payload":{"scrollX":0,"scrollY":5888,"documentHeight":12025,"viewportHeight":682}}
[2026-07-24T07:12:56.661Z] {"timestamp":1784877175240,"kind":"scroll","url":"http://localhost:3000/","viewport":{"width":882,"height":682},"payload":{"scrollX":0,"scrollY":5844.7998046875,"documentHeight":11950,"viewportHeight":682}}
[2026-07-24T07:12:58.661Z] {"timestamp":1784877177073,"kind":"scroll","url":"http://localhost:3000/","viewport":{"width":882,"height":682},"payload":{"scrollX":0,"scrollY":5888,"documentHeight":11993,"viewportHeight":682}}
[2026-07-24T07:13:00.659Z] {"timestamp":1784877178991,"kind":"scroll","url":"http://localhost:3000/","viewport":{"width":882,"height":682},"payload":{"scrollX":0,"scrollY":5844.7998046875,"documentHeight":11950,"viewportHeight":682}}
[2026-07-24T07:13:02.661Z] {"timestamp":1784877180956,"kind":"scroll","url":"http://localhost:3000/","viewport":{"width":882,"height":682},"payload":{"scrollX":0,"scrollY":5888,"documentHeight":12025,"viewportHeight":682}}
[2026-07-24T07:13:05.400Z] {"timestamp":1784877182926,"kind":"scroll","url":"http://localhost:3000/","viewport":{"width":882,"height":682},"payload":{"scrollX":0,"scrollY":5844.7998046875,"documentHeight":11982,"viewportHeight":682}}
[2026-07-24T07:13:05.401Z] {"timestamp":1784877183120,"kind":"click","url":"http://localhost:3000/","viewport":{"width":882,"height":682},"payload":{"target":{"tag":"div","id":null,"name":null,"type":null,"role":null,"ariaLabel":null,"testId":null,"dataLoc":"client\\src\\components\\GallerySection.tsx:29","href":null,"text":"Hackathon Workshop Talk Community Workshop Community Hackathon Talk","selectorHint":"[data-loc=\"client\\src\\components\\GallerySection.tsx:29\"]"},"x":783,"y":537}}
[2026-07-24T07:13:08.660Z] {"timestamp":1784877188491,"kind":"scroll","url":"http://localhost:3000/","viewport":{"width":882,"height":682},"payload":{"scrollX":0,"scrollY":5888,"documentHeight":11993,"viewportHeight":682}}
[2026-07-24T07:13:10.673Z] {"timestamp":1784877190542,"kind":"scroll","url":"http://localhost:3000/","viewport":{"width":882,"height":682},"payload":{"scrollX":0,"scrollY":5844.7998046875,"documentHeight":11950,"viewportHeight":682}}
[2026-07-24T07:13:12.661Z] {"timestamp":1784877192425,"kind":"scroll","url":"http://localhost:3000/","viewport":{"width":882,"height":682},"payload":{"scrollX":0,"scrollY":5888,"documentHeight":12025,"viewportHeight":682}}
[2026-07-24T07:13:14.661Z] {"timestamp":1784877194341,"kind":"scroll","url":"http://localhost:3000/","viewport":{"width":882,"height":682},"payload":{"scrollX":0,"scrollY":5844.7998046875,"documentHeight":11982,"viewportHeight":682}}
[2026-07-24T07:13:16.662Z] {"timestamp":1784877196258,"kind":"scroll","url":"http://localhost:3000/","viewport":{"width":882,"height":682},"payload":{"scrollX":0,"scrollY":5888,"documentHeight":12025,"viewportHeight":682}}
[2026-07-24T07:13:18.661Z] {"timestamp":1784877198242,"kind":"scroll","url":"http://localhost:3000/","viewport":{"width":882,"height":682},"payload":{"scrollX":0,"scrollY":5844.7998046875,"documentHeight":11982,"viewportHeight":682}}
[2026-07-24T07:13:24.661Z] {"timestamp":1784877203809,"kind":"scroll","url":"http://localhost:3000/","viewport":{"width":882,"height":682},"payload":{"scrollX":0,"scrollY":5888,"documentHeight":11993,"viewportHeight":682}}
[2026-07-24T07:13:30.662Z] {"timestamp":1784877208758,"kind":"scroll","url":"http://localhost:3000/","viewport":{"width":882,"height":682},"payload":{"scrollX":0,"scrollY":5844.7998046875,"documentHeight":11950,"viewportHeight":682}}
[2026-07-24T07:13:30.662Z] {"timestamp":1784877210642,"kind":"scroll","url":"http://localhost:3000/","viewport":{"width":882,"height":682},"payload":{"scrollX":0,"scrollY":5888,"documentHeight":12025,"viewportHeight":682}}
[2026-07-24T07:13:32.661Z] {"timestamp":1784877212542,"kind":"scroll","url":"http://localhost:3000/","viewport":{"width":882,"height":682},"payload":{"scrollX":0,"scrollY":5844.7998046875,"documentHeight":11982,"viewportHeight":682}}
[2026-07-24T07:13:34.663Z] {"timestamp":1784877214526,"kind":"scroll","url":"http://localhost:3000/","viewport":{"width":882,"height":682},"payload":{"scrollX":0,"scrollY":5888,"documentHeight":12025,"viewportHeight":682}}
[2026-07-24T07:13:36.663Z] {"timestamp":1784877216509,"kind":"scroll","url":"http://localhost:3000/","viewport":{"width":882,"height":682},"payload":{"scrollX":0,"scrollY":5844.7998046875,"documentHeight":11950,"viewportHeight":682}}
[2026-07-24T07:13:42.662Z] {"timestamp":1784877222143,"kind":"scroll","url":"http://localhost:3000/","viewport":{"width":882,"height":682},"payload":{"scrollX":0,"scrollY":5888,"documentHeight":12025,"viewportHeight":682}}
[2026-07-24T07:13:44.673Z] {"timestamp":1784877224193,"kind":"scroll","url":"http://localhost:3000/","viewport":{"width":882,"height":682},"payload":{"scrollX":0,"scrollY":5844.7998046875,"documentHeight":11982,"viewportHeight":682}}
[2026-07-24T07:13:46.666Z] {"timestamp":1784877226260,"kind":"scroll","url":"http://localhost:3000/","viewport":{"width":882,"height":682},"payload":{"scrollX":0,"scrollY":5888,"documentHeight":12025,"viewportHeight":682}}
[2026-07-24T07:13:48.663Z] {"timestamp":1784877228177,"kind":"scroll","url":"http://localhost:3000/","viewport":{"width":882,"height":682},"payload":{"scrollX":0,"scrollY":5844.7998046875,"documentHeight":11982,"viewportHeight":682}}
[2026-07-24T07:13:50.662Z] {"timestamp":1784877230093,"kind":"scroll","url":"http://localhost:3000/","viewport":{"width":882,"height":682},"payload":{"scrollX":0,"scrollY":5888,"documentHeight":12025,"viewportHeight":682}}
[2026-07-24T07:13:52.666Z] {"timestamp":1784877232077,"kind":"scroll","url":"http://localhost:3000/","viewport":{"width":882,"height":682},"payload":{"scrollX":0,"scrollY":5844.7998046875,"documentHeight":11982,"viewportHeight":682}}
[2026-07-24T07:13:58.665Z] {"timestamp":1784877237644,"kind":"scroll","url":"http://localhost:3000/","viewport":{"width":882,"height":682},"payload":{"scrollX":0,"scrollY":5888,"documentHeight":11993,"viewportHeight":682}}
[2026-07-24T07:14:00.664Z] {"timestamp":1784877239693,"kind":"scroll","url":"http://localhost:3000/","viewport":{"width":882,"height":682},"payload":{"scrollX":0,"scrollY":5844.7998046875,"documentHeight":11982,"viewportHeight":682}}
[2026-07-24T07:14:00.664Z] {"timestamp":1784877240395,"kind":"scroll","url":"http://localhost:3000/","viewport":{"width":882,"height":682},"payload":{"scrollX":0,"scrollY":6429.60009765625,"documentHeight":11982,"viewportHeight":682}}
[2026-07-24T07:14:02.662Z] {"timestamp":1784877240912,"kind":"scroll","url":"http://localhost:3000/","viewport":{"width":882,"height":682},"payload":{"scrollX":0,"scrollY":6132,"documentHeight":11982,"viewportHeight":682}}
[2026-07-24T07:14:02.662Z] {"timestamp":1784877241428,"kind":"scroll","url":"http://localhost:3000/","viewport":{"width":882,"height":682},"payload":{"scrollX":0,"scrollY":6039.2001953125,"documentHeight":11982,"viewportHeight":682}}
[2026-07-24T07:14:02.662Z] {"timestamp":1784877241929,"kind":"scroll","url":"http://localhost:3000/","viewport":{"width":882,"height":682},"payload":{"scrollX":0,"scrollY":5594.39990234375,"documentHeight":12025,"viewportHeight":682}}
[2026-07-24T07:14:02.662Z] {"timestamp":1784877242445,"kind":"scroll","url":"http://localhost:3000/","viewport":{"width":882,"height":682},"payload":{"scrollX":0,"scrollY":5415.2001953125,"documentHeight":12025,"viewportHeight":682}}
[2026-07-24T07:14:04.662Z] {"timestamp":1784877242961,"kind":"scroll","url":"http://localhost:3000/","viewport":{"width":882,"height":682},"payload":{"scrollX":0,"scrollY":5394.39990234375,"documentHeight":12025,"viewportHeight":682}}
[2026-07-24T07:14:06.662Z] {"timestamp":1784877245360,"kind":"scroll","url":"http://localhost:3000/","viewport":{"width":882,"height":682},"payload":{"scrollX":0,"scrollY":5394.39990234375,"documentHeight":12025,"viewportHeight":682}}
[2026-07-24T07:14:08.665Z] {"timestamp":1784877247344,"kind":"scroll","url":"http://localhost:3000/","viewport":{"width":882,"height":682},"payload":{"scrollX":0,"scrollY":5839.2001953125,"documentHeight":11950,"viewportHeight":682}}
[2026-07-24T07:14:12.663Z] {"timestamp":1784877251045,"kind":"scroll","url":"http://localhost:3000/","viewport":{"width":882,"height":682},"payload":{"scrollX":0,"scrollY":5871.2001953125,"documentHeight":11950,"viewportHeight":682}}
[2026-07-24T07:14:14.820Z] {"timestamp":1784877252961,"kind":"scroll","url":"http://localhost:3000/","viewport":{"width":882,"height":682},"payload":{"scrollX":0,"scrollY":6068.7998046875,"documentHeight":12025,"viewportHeight":682}}
[2026-07-24T07:14:18.818Z] {"timestamp":1784877257227,"kind":"scroll","url":"http://localhost:3000/","viewport":{"width":882,"height":682},"payload":{"scrollX":0,"scrollY":6025.60009765625,"documentHeight":11982,"viewportHeight":682}}
[2026-07-24T07:14:34.665Z] {"timestamp":1784877273795,"kind":"scroll","url":"http://localhost:3000/","viewport":{"width":882,"height":682},"payload":{"scrollX":0,"scrollY":6068.7998046875,"documentHeight":12025,"viewportHeight":682}}
[2026-07-24T07:14:36.826Z] {"timestamp":1784877275695,"kind":"scroll","url":"http://localhost:3000/","viewport":{"width":882,"height":682},"payload":{"scrollX":0,"scrollY":6025.60009765625,"documentHeight":11950,"viewportHeight":682}}
[2026-07-24T07:14:40.213Z] {"timestamp":1784877278464,"kind":"scroll","url":"http://localhost:3000/","viewport":{"width":882,"height":682},"payload":{"scrollX":0,"scrollY":87.19999694824219,"documentHeight":12025,"viewportHeight":682}}
[2026-07-24T07:14:40.213Z] {"timestamp":1784877278964,"kind":"scroll","url":"http://localhost:3000/","viewport":{"width":882,"height":682},"payload":{"scrollX":0,"scrollY":500,"documentHeight":12025,"viewportHeight":682}}
[2026-07-24T07:14:40.213Z] {"timestamp":1784877279565,"kind":"scroll","url":"http://localhost:3000/","viewport":{"width":882,"height":682},"payload":{"scrollX":0,"scrollY":1078.4000244140625,"documentHeight":12025,"viewportHeight":682}}
[2026-07-24T07:14:40.213Z] {"timestamp":1784877280065,"kind":"scroll","url":"http://localhost:3000/","viewport":{"width":882,"height":682},"payload":{"scrollX":0,"scrollY":1760.800048828125,"documentHeight":12025,"viewportHeight":682}}
[2026-07-24T07:14:42.197Z] {"timestamp":1784877280581,"kind":"scroll","url":"http://localhost:3000/","viewport":{"width":882,"height":682},"payload":{"scrollX":0,"scrollY":2408,"documentHeight":11982,"viewportHeight":682}}
[2026-07-24T07:14:42.197Z] {"timestamp":1784877281114,"kind":"scroll","url":"http://localhost:3000/","viewport":{"width":882,"height":682},"payload":{"scrollX":0,"scrollY":2755.199951171875,"documentHeight":11982,"viewportHeight":682}}
[2026-07-24T07:14:42.197Z] {"timestamp":1784877281617,"kind":"scroll","url":"http://localhost:3000/","viewport":{"width":882,"height":682},"payload":{"scrollX":0,"scrollY":3064,"documentHeight":11982,"viewportHeight":682}}
[2026-07-24T07:14:44.201Z] {"timestamp":1784877282197,"kind":"scroll","url":"http://localhost:3000/","viewport":{"width":882,"height":682},"payload":{"scrollX":0,"scrollY":3436.800048828125,"documentHeight":11982,"viewportHeight":682}}
[2026-07-24T07:14:44.201Z] {"timestamp":1784877282730,"kind":"scroll","url":"http://localhost:3000/","viewport":{"width":882,"height":682},"payload":{"scrollX":0,"scrollY":3896.800048828125,"documentHeight":11982,"viewportHeight":682}}
[2026-07-24T07:14:44.201Z] {"timestamp":1784877283231,"kind":"scroll","url":"http://localhost:3000/","viewport":{"width":882,"height":682},"payload":{"scrollX":0,"scrollY":4613.60009765625,"documentHeight":11982,"viewportHeight":682}}
[2026-07-24T07:14:44.201Z] {"timestamp":1784877283732,"kind":"scroll","url":"http://localhost:3000/","viewport":{"width":882,"height":682},"payload":{"scrollX":0,"scrollY":5193.60009765625,"documentHeight":11982,"viewportHeight":682}}
[2026-07-24T07:14:46.196Z] {"timestamp":1784877284664,"kind":"scroll","url":"http://localhost:3000/","viewport":{"width":882,"height":682},"payload":{"scrollX":0,"scrollY":5268,"documentHeight":11982,"viewportHeight":682}}
[2026-07-24T07:14:46.196Z] {"timestamp":1784877286113,"kind":"scroll","url":"http://localhost:3000/","viewport":{"width":882,"height":682},"payload":{"scrollX":0,"scrollY":5620.7998046875,"documentHeight":12025,"viewportHeight":682}}
[2026-07-24T07:14:48.198Z] {"timestamp":1784877288164,"kind":"scroll","url":"http://localhost:3000/","viewport":{"width":882,"height":682},"payload":{"scrollX":0,"scrollY":5577.60009765625,"documentHeight":11982,"viewportHeight":682}}
[2026-07-24T07:14:50.198Z] {"timestamp":1784877290046,"kind":"scroll","url":"http://localhost:3000/","viewport":{"width":882,"height":682},"payload":{"scrollX":0,"scrollY":5620.7998046875,"documentHeight":11993,"viewportHeight":682}}
[2026-07-24T07:14:56.833Z] {"timestamp":1784877294847,"kind":"scroll","url":"http://localhost:3000/","viewport":{"width":882,"height":682},"payload":{"scrollX":0,"scrollY":5577.60009765625,"documentHeight":11950,"viewportHeight":682}}
[2026-07-24T07:15:00.203Z] {"timestamp":1784877300147,"kind":"scroll","url":"http://localhost:3000/","viewport":{"width":882,"height":682},"payload":{"scrollX":0,"scrollY":5620.7998046875,"documentHeight":12025,"viewportHeight":682}}
[2026-07-24T07:15:02.208Z] {"timestamp":1784877302049,"kind":"scroll","url":"http://localhost:3000/","viewport":{"width":882,"height":682},"payload":{"scrollX":0,"scrollY":5878.39990234375,"documentHeight":11993,"viewportHeight":682}}
[2026-07-24T07:15:04.197Z] {"timestamp":1784877302783,"kind":"scroll","url":"http://localhost:3000/","viewport":{"width":882,"height":682},"payload":{"scrollX":0,"scrollY":5879.2001953125,"documentHeight":11950,"viewportHeight":682}}
[2026-07-24T07:15:08.197Z] {"timestamp":1784877307714,"kind":"scroll","url":"http://localhost:3000/","viewport":{"width":882,"height":682},"payload":{"scrollX":0,"scrollY":5919.2001953125,"documentHeight":12025,"viewportHeight":682}}
[2026-07-24T07:15:10.209Z] {"timestamp":1784877309764,"kind":"scroll","url":"http://localhost:3000/","viewport":{"width":882,"height":682},"payload":{"scrollX":0,"scrollY":5876,"documentHeight":11982,"viewportHeight":682}}
[2026-07-24T07:15:12.196Z] {"timestamp":1784877311598,"kind":"scroll","url":"http://localhost:3000/","viewport":{"width":882,"height":682},"payload":{"scrollX":0,"scrollY":5919.2001953125,"documentHeight":12025,"viewportHeight":682}}
[2026-07-24T07:15:14.196Z] {"timestamp":1784877313514,"kind":"scroll","url":"http://localhost:3000/","viewport":{"width":882,"height":682},"payload":{"scrollX":0,"scrollY":5876,"documentHeight":11982,"viewportHeight":682}}
[2026-07-24T07:15:16.203Z] {"timestamp":1784877315498,"kind":"scroll","url":"http://localhost:3000/","viewport":{"width":882,"height":682},"payload":{"scrollX":0,"scrollY":5919.2001953125,"documentHeight":12025,"viewportHeight":682}}
[2026-07-24T07:15:18.212Z] {"timestamp":1784877317481,"kind":"scroll","url":"http://localhost:3000/","viewport":{"width":882,"height":682},"payload":{"scrollX":0,"scrollY":5876,"documentHeight":11982,"viewportHeight":682}}
[2026-07-24T07:15:24.204Z] {"timestamp":1784877323582,"kind":"scroll","url":"http://localhost:3000/","viewport":{"width":882,"height":682},"payload":{"scrollX":0,"scrollY":5919.2001953125,"documentHeight":11993,"viewportHeight":682}}
[2026-07-24T07:15:26.212Z] {"timestamp":1784877325832,"kind":"scroll","url":"http://localhost:3000/","viewport":{"width":882,"height":682},"payload":{"scrollX":0,"scrollY":5876,"documentHeight":11982,"viewportHeight":682}}
[2026-07-24T07:15:28.202Z] {"timestamp":1784877327815,"kind":"scroll","url":"http://localhost:3000/","viewport":{"width":882,"height":682},"payload":{"scrollX":0,"scrollY":5919.2001953125,"documentHeight":12025,"viewportHeight":682}}
[2026-07-24T07:15:30.204Z] {"timestamp":1784877329732,"kind":"scroll","url":"http://localhost:3000/","viewport":{"width":882,"height":682},"payload":{"scrollX":0,"scrollY":5876,"documentHeight":11982,"viewportHeight":682}}
[2026-07-24T07:15:32.203Z] {"timestamp":1784877331782,"kind":"scroll","url":"http://localhost:3000/","viewport":{"width":882,"height":682},"payload":{"scrollX":0,"scrollY":5919.2001953125,"documentHeight":11993,"viewportHeight":682}}
[2026-07-24T07:15:34.197Z] {"timestamp":1784877333750,"kind":"scroll","url":"http://localhost:3000/","viewport":{"width":882,"height":682},"payload":{"scrollX":0,"scrollY":5876,"documentHeight":11950,"viewportHeight":682}}
[2026-07-24T07:15:36.196Z] {"timestamp":1784877334289,"kind":"scroll","url":"http://localhost:3000/","viewport":{"width":882,"height":682},"payload":{"scrollX":0,"scrollY":5873.60009765625,"documentHeight":11950,"viewportHeight":682}}
[2026-07-24T07:15:36.196Z] {"timestamp":1784877334806,"kind":"scroll","url":"http://localhost:3000/","viewport":{"width":882,"height":682},"payload":{"scrollX":0,"scrollY":5865.60009765625,"documentHeight":11950,"viewportHeight":682}}
[2026-07-24T07:15:36.196Z] {"timestamp":1784877335325,"kind":"scroll","url":"http://localhost:3000/","viewport":{"width":882,"height":682},"payload":{"scrollX":0,"scrollY":6260.7998046875,"documentHeight":11950,"viewportHeight":682}}
[2026-07-24T07:15:36.196Z] {"timestamp":1784877335834,"kind":"scroll","url":"http://localhost:3000/","viewport":{"width":882,"height":682},"payload":{"scrollX":0,"scrollY":6527.2001953125,"documentHeight":11950,"viewportHeight":682}}
[2026-07-24T07:15:38.196Z] {"timestamp":1784877336349,"kind":"scroll","url":"http://localhost:3000/","viewport":{"width":882,"height":682},"payload":{"scrollX":0,"scrollY":6579.2001953125,"documentHeight":11950,"viewportHeight":682}}
[2026-07-24T07:15:38.196Z] {"timestamp":1784877336852,"kind":"scroll","url":"http://localhost:3000/","viewport":{"width":882,"height":682},"payload":{"scrollX":0,"scrollY":6688,"documentHeight":11950,"viewportHeight":682}}
[2026-07-24T07:15:38.196Z] {"timestamp":1784877337367,"kind":"scroll","url":"http://localhost:3000/","viewport":{"width":882,"height":682},"payload":{"scrollX":0,"scrollY":6724,"documentHeight":11982,"viewportHeight":682}}
[2026-07-24T07:15:38.196Z] {"timestamp":1784877337868,"kind":"scroll","url":"http://localhost:3000/","viewport":{"width":882,"height":682},"payload":{"scrollX":0,"scrollY":6785.60009765625,"documentHeight":11982,"viewportHeight":682}}
[2026-07-24T07:15:40.202Z] {"timestamp":1784877339282,"kind":"scroll","url":"http://localhost:3000/","viewport":{"width":882,"height":682},"payload":{"scrollX":0,"scrollY":6858.39990234375,"documentHeight":12025,"viewportHeight":682}}
[2026-07-24T07:15:40.202Z] {"timestamp":1784877339951,"kind":"scroll","url":"http://localhost:3000/","viewport":{"width":882,"height":682},"payload":{"scrollX":0,"scrollY":6932,"documentHeight":12025,"viewportHeight":682}}
[2026-07-24T07:15:42.199Z] {"timestamp":1784877341317,"kind":"scroll","url":"http://localhost:3000/","viewport":{"width":882,"height":682},"payload":{"scrollX":0,"scrollY":6823.2001953125,"documentHeight":11982,"viewportHeight":682}}
[2026-07-24T07:15:42.199Z] {"timestamp":1784877341835,"kind":"scroll","url":"http://localhost:3000/","viewport":{"width":882,"height":682},"payload":{"scrollX":0,"scrollY":6804,"documentHeight":11982,"viewportHeight":682}}
[2026-07-24T07:15:44.204Z] {"timestamp":1784877342653,"kind":"scroll","url":"http://localhost:3000/","viewport":{"width":882,"height":682},"payload":{"scrollX":0,"scrollY":6745.60009765625,"documentHeight":11982,"viewportHeight":682}}
[2026-07-24T07:15:44.204Z] {"timestamp":1784877343191,"kind":"scroll","url":"http://localhost:3000/","viewport":{"width":882,"height":682},"payload":{"scrollX":0,"scrollY":6886.39990234375,"documentHeight":12025,"viewportHeight":682}}
[2026-07-24T07:15:46.200Z] {"timestamp":1784877345083,"kind":"scroll","url":"http://localhost:3000/","viewport":{"width":882,"height":682},"payload":{"scrollX":0,"scrollY":6843.2001953125,"documentHeight":11982,"viewportHeight":682}}
[2026-07-24T07:15:48.197Z] {"timestamp":1784877347016,"kind":"scroll","url":"http://localhost:3000/","viewport":{"width":882,"height":682},"payload":{"scrollX":0,"scrollY":6886.39990234375,"documentHeight":12025,"viewportHeight":682}}
[2026-07-24T07:15:50.196Z] {"timestamp":1784877348970,"kind":"scroll","url":"http://localhost:3000/","viewport":{"width":882,"height":682},"payload":{"scrollX":0,"scrollY":6843.2001953125,"documentHeight":11982,"viewportHeight":682}}
[2026-07-24T07:15:56.204Z] {"timestamp":1784877354750,"kind":"scroll","url":"http://localhost:3000/","viewport":{"width":882,"height":682},"payload":{"scrollX":0,"scrollY":6886.39990234375,"documentHeight":11993,"viewportHeight":682}}
[2026-07-24T07:15:58.203Z] {"timestamp":1784877356833,"kind":"scroll","url":"http://localhost:3000/","viewport":{"width":882,"height":682},"payload":{"scrollX":0,"scrollY":6843.2001953125,"documentHeight":11982,"viewportHeight":682}}
[2026-07-24T07:16:00.202Z] {"timestamp":1784877358950,"kind":"scroll","url":"http://localhost:3000/","viewport":{"width":882,"height":682},"payload":{"scrollX":0,"scrollY":6886.39990234375,"documentHeight":12025,"viewportHeight":682}}
[2026-07-24T07:16:02.200Z] {"timestamp":1784877360835,"kind":"scroll","url":"http://localhost:3000/","viewport":{"width":882,"height":682},"payload":{"scrollX":0,"scrollY":6843.2001953125,"documentHeight":11982,"viewportHeight":682}}
[2026-07-24T07:16:02.200Z] {"timestamp":1784877361369,"kind":"scroll","url":"http://localhost:3000/","viewport":{"width":882,"height":682},"payload":{"scrollX":0,"scrollY":6836,"documentHeight":11950,"viewportHeight":682}}
[2026-07-24T07:16:02.201Z] {"timestamp":1784877361870,"kind":"scroll","url":"http://localhost:3000/","viewport":{"width":882,"height":682},"payload":{"scrollX":0,"scrollY":6695.2001953125,"documentHeight":11950,"viewportHeight":682}}
[2026-07-24T07:16:16.817Z] {"timestamp":1784877374839,"kind":"scroll","url":"http://localhost:3000/","viewport":{"width":882,"height":682},"payload":{"scrollX":0,"scrollY":6734.39990234375,"documentHeight":12025,"viewportHeight":682}}
[2026-07-24T07:16:22.828Z] {"timestamp":1784877380845,"kind":"scroll","url":"http://localhost:3000/","viewport":{"width":882,"height":682},"payload":{"scrollX":0,"scrollY":6691.2001953125,"documentHeight":11950,"viewportHeight":682}}
[2026-07-24T07:17:52.822Z] {"timestamp":1784877470840,"kind":"scroll","url":"http://localhost:3000/","viewport":{"width":882,"height":682},"payload":{"scrollX":0,"scrollY":6734.39990234375,"documentHeight":11993,"viewportHeight":682}}
[2026-07-24T07:18:00.819Z] {"timestamp":1784877478840,"kind":"scroll","url":"http://localhost:3000/","viewport":{"width":882,"height":682},"payload":{"scrollX":0,"scrollY":6691.2001953125,"documentHeight":11982,"viewportHeight":682}}
[2026-07-24T07:18:40.819Z] {"timestamp":1784877518834,"kind":"scroll","url":"http://localhost:3000/","viewport":{"width":882,"height":682},"payload":{"scrollX":0,"scrollY":6734.39990234375,"documentHeight":12025,"viewportHeight":682}}
[2026-07-24T07:18:46.824Z] {"timestamp":1784877524831,"kind":"scroll","url":"http://localhost:3000/","viewport":{"width":882,"height":682},"payload":{"scrollX":0,"scrollY":6691.2001953125,"documentHeight":11982,"viewportHeight":682}}
[2026-07-24T07:19:30.821Z] {"timestamp":1784877568829,"kind":"scroll","url":"http://localhost:3000/","viewport":{"width":882,"height":682},"payload":{"scrollX":0,"scrollY":6734.39990234375,"documentHeight":12025,"viewportHeight":682}}
[2026-07-24T07:19:36.831Z] {"timestamp":1784877574829,"kind":"scroll","url":"http://localhost:3000/","viewport":{"width":882,"height":682},"payload":{"scrollX":0,"scrollY":6691.2001953125,"documentHeight":11950,"viewportHeight":682}}
[2026-07-24T07:20:56.944Z] {"timestamp":1784877656853,"kind":"scroll","url":"http://localhost:3000/","viewport":{"width":882,"height":682},"payload":{"scrollX":0,"scrollY":6711.2001953125,"documentHeight":11982,"viewportHeight":682}}
[2026-07-24T09:19:39.827Z] {"timestamp":1784884777874,"kind":"scroll","url":"http://localhost:3000/","viewport":{"width":882,"height":682},"payload":{"scrollX":0,"scrollY":6731.2001953125,"documentHeight":11982,"viewportHeight":682}}
[2026-07-24T09:20:05.824Z] {"timestamp":1784884803842,"kind":"scroll","url":"http://localhost:3000/","viewport":{"width":882,"height":682},"payload":{"scrollX":0,"scrollY":6774.39990234375,"documentHeight":11993,"viewportHeight":682}}
[2026-07-24T09:20:11.816Z] {"timestamp":1784884809826,"kind":"scroll","url":"http://localhost:3000/","viewport":{"width":882,"height":682},"payload":{"scrollX":0,"scrollY":6731.2001953125,"documentHeight":11982,"viewportHeight":682}}
[2026-07-24T09:20:43.494Z] {"timestamp":1784884843223,"kind":"scroll","url":"http://localhost:3000/","viewport":{"width":882,"height":682},"payload":{"scrollX":0,"scrollY":6732,"documentHeight":11982,"viewportHeight":682}}
[2026-07-24T09:20:45.488Z] {"timestamp":1784884843725,"kind":"scroll","url":"http://localhost:3000/","viewport":{"width":882,"height":682},"payload":{"scrollX":0,"scrollY":6315.2001953125,"documentHeight":11982,"viewportHeight":682}}
[2026-07-24T09:20:45.488Z] {"timestamp":1784884844225,"kind":"scroll","url":"http://localhost:3000/","viewport":{"width":882,"height":682},"payload":{"scrollX":0,"scrollY":5249.60009765625,"documentHeight":11982,"viewportHeight":682}}
[2026-07-24T09:20:45.488Z] {"timestamp":1784884844742,"kind":"scroll","url":"http://localhost:3000/","viewport":{"width":882,"height":682},"payload":{"scrollX":0,"scrollY":3748,"documentHeight":11982,"viewportHeight":682}}
[2026-07-24T09:20:45.488Z] {"timestamp":1784884845242,"kind":"scroll","url":"http://localhost:3000/","viewport":{"width":882,"height":682},"payload":{"scrollX":0,"scrollY":2121.60009765625,"documentHeight":11982,"viewportHeight":682}}
[2026-07-24T09:20:47.487Z] {"timestamp":1784884845760,"kind":"scroll","url":"http://localhost:3000/","viewport":{"width":882,"height":682},"payload":{"scrollX":0,"scrollY":1338.4000244140625,"documentHeight":11982,"viewportHeight":682}}
[2026-07-24T09:20:47.487Z] {"timestamp":1784884846260,"kind":"scroll","url":"http://localhost:3000/","viewport":{"width":882,"height":682},"payload":{"scrollX":0,"scrollY":333.6000061035156,"documentHeight":12025,"viewportHeight":682}}
[2026-07-24T09:23:29.488Z] {"timestamp":1784885007683,"kind":"scroll","url":"http://localhost:3000/","viewport":{"width":882,"height":682},"payload":{"scrollX":0,"scrollY":12,"documentHeight":11982,"viewportHeight":682}}
[2026-07-24T09:23:29.488Z] {"timestamp":1784885008201,"kind":"scroll","url":"http://localhost:3000/","viewport":{"width":882,"height":682},"payload":{"scrollX":0,"scrollY":232.8000030517578,"documentHeight":12025,"viewportHeight":682}}
[2026-07-24T09:23:31.488Z] {"timestamp":1784885010652,"kind":"scroll","url":"http://localhost:3000/","viewport":{"width":1182,"height":682},"payload":{"scrollX":0,"scrollY":251.1999969482422,"documentHeight":11350,"viewportHeight":682}}
[2026-07-24T09:23:33.488Z] {"timestamp":1784885011836,"kind":"scroll","url":"http://localhost:3000/","viewport":{"width":1182,"height":682},"payload":{"scrollX":0,"scrollY":89.5999984741211,"documentHeight":11350,"viewportHeight":682}}
[2026-07-24T09:23:37.490Z] {"timestamp":1784885015558,"kind":"focusin","url":"http://localhost:3000/","viewport":{"width":1182,"height":682},"payload":{"target":{"tag":"button","id":null,"name":null,"type":null,"role":"switch","ariaLabel":"Toggle dark mode","testId":null,"dataLoc":"client\\src\\components\\AnimatedToggle.tsx:114","href":null,"text":"","selectorHint":"[data-loc=\"client\\src\\components\\AnimatedToggle.tsx:114\"]"}}}
[2026-07-24T09:23:37.490Z] {"timestamp":1784885015778,"kind":"click","url":"http://localhost:3000/","viewport":{"width":1182,"height":682},"payload":{"target":{"tag":"button","id":null,"name":null,"type":null,"role":"switch","ariaLabel":"Toggle dark mode","testId":null,"dataLoc":"client\\src\\components\\AnimatedToggle.tsx:114","href":null,"text":"","selectorHint":"[data-loc=\"client\\src\\components\\AnimatedToggle.tsx:114\"]"},"x":948,"y":21}}
[2026-07-24T09:23:41.487Z] {"timestamp":1784885020773,"kind":"focusout","url":"http://localhost:3000/","viewport":{"width":1182,"height":682},"payload":{"target":{"tag":"button","id":null,"name":null,"type":null,"role":"switch","ariaLabel":"Toggle dark mode","testId":null,"dataLoc":"client\\src\\components\\AnimatedToggle.tsx:114","href":null,"text":"","selectorHint":"[data-loc=\"client\\src\\components\\AnimatedToggle.tsx:114\"]"},"value":null}}
[2026-07-24T09:23:41.487Z] {"timestamp":1784885021406,"kind":"focusin","url":"http://localhost:3000/","viewport":{"width":1182,"height":682},"payload":{"target":{"tag":"button","id":null,"name":null,"type":null,"role":"switch","ariaLabel":"Toggle dark mode","testId":null,"dataLoc":"client\\src\\components\\AnimatedToggle.tsx:114","href":null,"text":"","selectorHint":"[data-loc=\"client\\src\\components\\AnimatedToggle.tsx:114\"]"}}}
[2026-07-24T09:23:41.487Z] {"timestamp":1784885021408,"kind":"focusout","url":"http://localhost:3000/","viewport":{"width":1182,"height":682},"payload":{"target":{"tag":"button","id":null,"name":null,"type":null,"role":"switch","ariaLabel":"Toggle dark mode","testId":null,"dataLoc":"client\\src\\components\\AnimatedToggle.tsx:114","href":null,"text":"","selectorHint":"[data-loc=\"client\\src\\components\\AnimatedToggle.tsx:114\"]"},"value":null}}
[2026-07-24T09:23:41.487Z] {"timestamp":1784885021417,"kind":"focusin","url":"http://localhost:3000/","viewport":{"width":1182,"height":682},"payload":{"target":{"tag":"button","id":null,"name":null,"type":null,"role":"switch","ariaLabel":"Toggle dark mode","testId":null,"dataLoc":"client\\src\\components\\AnimatedToggle.tsx:114","href":null,"text":"","selectorHint":"[data-loc=\"client\\src\\components\\AnimatedToggle.tsx:114\"]"}}}
[2026-07-24T09:23:45.488Z] {"timestamp":1784885023821,"kind":"scroll","url":"http://localhost:3000/","viewport":{"width":1182,"height":682},"payload":{"scrollX":0,"scrollY":0.800000011920929,"documentHeight":11350,"viewportHeight":682}}
[2026-07-24T09:23:45.488Z] {"timestamp":1784885024354,"kind":"scroll","url":"http://localhost:3000/","viewport":{"width":1182,"height":682},"payload":{"scrollX":0,"scrollY":139.1999969482422,"documentHeight":11404,"viewportHeight":682}}
[2026-07-24T09:23:49.490Z] {"timestamp":1784885028186,"kind":"focusout","url":"http://localhost:3000/","viewport":{"width":1182,"height":682},"payload":{"target":{"tag":"button","id":null,"name":null,"type":null,"role":"switch","ariaLabel":"Toggle dark mode","testId":null,"dataLoc":"client\\src\\components\\AnimatedToggle.tsx:114","href":null,"text":"","selectorHint":"[data-loc=\"client\\src\\components\\AnimatedToggle.tsx:114\"]"},"value":null}}
[2026-07-24T09:23:49.490Z] {"timestamp":1784885028188,"kind":"scroll","url":"http://localhost:3000/","viewport":{"width":1182,"height":682},"payload":{"scrollX":0,"scrollY":140.8000030517578,"documentHeight":11404,"viewportHeight":682}}
[2026-07-24T09:23:49.490Z] {"timestamp":1784885028402,"kind":"click","url":"http://localhost:3000/","viewport":{"width":1182,"height":682},"payload":{"target":{"tag":"div","id":null,"name":null,"type":null,"role":null,"ariaLabel":null,"testId":null,"dataLoc":"client\\src\\components\\HeroSection.tsx:159","href":null,"text":"$ npm run build Building your future...","selectorHint":"[data-loc=\"client\\src\\components\\HeroSection.tsx:159\"]"},"x":690,"y":295}}
[2026-07-24T09:23:57.491Z] {"timestamp":1784885035972,"kind":"scroll","url":"http://localhost:3000/","viewport":{"width":1182,"height":682},"payload":{"scrollX":0,"scrollY":141.60000610351562,"documentHeight":11404,"viewportHeight":682}}
[2026-07-24T09:24:01.488Z] {"timestamp":1784885039854,"kind":"scroll","url":"http://localhost:3000/","viewport":{"width":1182,"height":682},"payload":{"scrollX":0,"scrollY":143.1999969482422,"documentHeight":11404,"viewportHeight":682}}
[2026-07-24T09:24:05.487Z] {"timestamp":1784885043769,"kind":"scroll","url":"http://localhost:3000/","viewport":{"width":1182,"height":682},"payload":{"scrollX":0,"scrollY":144.8000030517578,"documentHeight":11404,"viewportHeight":682}}
[2026-07-24T09:24:05.487Z] {"timestamp":1784885045001,"kind":"click","url":"http://localhost:3000/","viewport":{"width":1182,"height":682},"payload":{"target":{"tag":"div","id":null,"name":null,"type":null,"role":null,"ariaLabel":null,"testId":null,"dataLoc":"client\\src\\components\\HeroSection.tsx:187","href":null,"text":"Ready to ship","selectorHint":"[data-loc=\"client\\src\\components\\HeroSection.tsx:187\"]"},"x":699,"y":375}}
[2026-07-24T09:24:07.491Z] {"timestamp":1784885045855,"kind":"scroll","url":"http://localhost:3000/","viewport":{"width":1182,"height":682},"payload":{"scrollX":0,"scrollY":145.60000610351562,"documentHeight":11350,"viewportHeight":682}}
[2026-07-24T09:24:09.490Z] {"timestamp":1784885048587,"kind":"scroll","url":"http://localhost:3000/","viewport":{"width":1182,"height":682},"payload":{"scrollX":0.800000011920929,"scrollY":222.39999389648438,"documentHeight":11350,"viewportHeight":682}}
[2026-07-24T09:24:09.490Z] {"timestamp":1784885049186,"kind":"scroll","url":"http://localhost:3000/","viewport":{"width":1182,"height":682},"payload":{"scrollX":0.800000011920929,"scrollY":480,"documentHeight":11350,"viewportHeight":682}}
[2026-07-24T09:24:11.490Z] {"timestamp":1784885049837,"kind":"scroll","url":"http://localhost:3000/","viewport":{"width":1182,"height":682},"payload":{"scrollX":0.800000011920929,"scrollY":708,"documentHeight":11350,"viewportHeight":682}}
[2026-07-24T09:24:13.501Z] {"timestamp":1784885053374,"kind":"scroll","url":"http://localhost:3000/","viewport":{"width":1182,"height":682},"payload":{"scrollX":0.800000011920929,"scrollY":700,"documentHeight":11350,"viewportHeight":682}}
[2026-07-24T09:24:17.495Z] {"timestamp":1784885057287,"kind":"scroll","url":"http://localhost:3000/","viewport":{"width":1182,"height":682},"payload":{"scrollX":0.800000011920929,"scrollY":647.2000122070312,"documentHeight":11350,"viewportHeight":682}}
[2026-07-24T09:24:23.492Z] {"timestamp":1784885061586,"kind":"scroll","url":"http://localhost:3000/","viewport":{"width":1182,"height":682},"payload":{"scrollX":0.800000011920929,"scrollY":595.2000122070312,"documentHeight":11350,"viewportHeight":682}}
[2026-07-24T09:24:31.493Z] {"timestamp":1784885069587,"kind":"scroll","url":"http://localhost:3000/","viewport":{"width":1182,"height":682},"payload":{"scrollX":0.800000011920929,"scrollY":584.7999877929688,"documentHeight":11350,"viewportHeight":682}}
[2026-07-24T09:24:35.487Z] {"timestamp":1784885073504,"kind":"scroll","url":"http://localhost:3000/","viewport":{"width":1182,"height":682},"payload":{"scrollX":0.800000011920929,"scrollY":574.4000244140625,"documentHeight":11350,"viewportHeight":682}}
[2026-07-24T09:24:39.493Z] {"timestamp":1784885077654,"kind":"scroll","url":"http://localhost:3000/","viewport":{"width":1182,"height":682},"payload":{"scrollX":0.800000011920929,"scrollY":564,"documentHeight":11350,"viewportHeight":682}}
[2026-07-24T09:24:47.500Z] {"timestamp":1784885085587,"kind":"scroll","url":"http://localhost:3000/","viewport":{"width":1182,"height":682},"payload":{"scrollX":0.800000011920929,"scrollY":553.5999755859375,"documentHeight":11350,"viewportHeight":682}}
[2026-07-24T09:24:51.498Z] {"timestamp":1784885089538,"kind":"scroll","url":"http://localhost:3000/","viewport":{"width":1182,"height":682},"payload":{"scrollX":0.800000011920929,"scrollY":544,"documentHeight":11350,"viewportHeight":682}}
[2026-07-24T09:24:55.497Z] {"timestamp":1784885093673,"kind":"scroll","url":"http://localhost:3000/","viewport":{"width":1182,"height":682},"payload":{"scrollX":0.800000011920929,"scrollY":534.4000244140625,"documentHeight":11350,"viewportHeight":682}}
[2026-07-24T09:25:03.497Z] {"timestamp":1784885101656,"kind":"scroll","url":"http://localhost:3000/","viewport":{"width":1182,"height":682},"payload":{"scrollX":0.800000011920929,"scrollY":524.7999877929688,"documentHeight":11350,"viewportHeight":682}}
[2026-07-24T09:25:07.495Z] {"timestamp":1784885105622,"kind":"scroll","url":"http://localhost:3000/","viewport":{"width":1182,"height":682},"payload":{"scrollX":0.800000011920929,"scrollY":515.2000122070312,"documentHeight":11350,"viewportHeight":682}}
[2026-07-24T09:25:11.495Z] {"timestamp":1784885109756,"kind":"scroll","url":"http://localhost:3000/","viewport":{"width":1182,"height":682},"payload":{"scrollX":0.800000011920929,"scrollY":506.3999938964844,"documentHeight":11350,"viewportHeight":682}}
[2026-07-24T09:25:19.621Z] {"timestamp":1784885117690,"kind":"scroll","url":"http://localhost:3000/","viewport":{"width":1182,"height":682},"payload":{"scrollX":0.800000011920929,"scrollY":497.6000061035156,"documentHeight":11350,"viewportHeight":682}}
[2026-07-24T09:25:23.494Z] {"timestamp":1784885121789,"kind":"scroll","url":"http://localhost:3000/","viewport":{"width":1182,"height":682},"payload":{"scrollX":0.800000011920929,"scrollY":488.79998779296875,"documentHeight":11350,"viewportHeight":682}}
[2026-07-24T09:25:27.495Z] {"timestamp":1784885125907,"kind":"scroll","url":"http://localhost:3000/","viewport":{"width":1182,"height":682},"payload":{"scrollX":0.800000011920929,"scrollY":480.79998779296875,"documentHeight":11350,"viewportHeight":682}}
[2026-07-24T09:25:35.494Z] {"timestamp":1784885133857,"kind":"scroll","url":"http://localhost:3000/","viewport":{"width":1182,"height":682},"payload":{"scrollX":0.800000011920929,"scrollY":472.79998779296875,"documentHeight":11350,"viewportHeight":682}}
[2026-07-24T09:25:39.501Z] {"timestamp":1784885137825,"kind":"scroll","url":"http://localhost:3000/","viewport":{"width":1182,"height":682},"payload":{"scrollX":0.800000011920929,"scrollY":464.79998779296875,"documentHeight":11350,"viewportHeight":682}}
[2026-07-24T09:25:43.492Z] {"timestamp":1784885141975,"kind":"scroll","url":"http://localhost:3000/","viewport":{"width":1182,"height":682},"payload":{"scrollX":0.800000011920929,"scrollY":456.79998779296875,"documentHeight":11350,"viewportHeight":682}}
[2026-07-24T09:25:43.492Z] {"timestamp":1784885143160,"kind":"scroll","url":"http://localhost:3000/","viewport":{"width":1182,"height":682},"payload":{"scrollX":0.800000011920929,"scrollY":460.79998779296875,"documentHeight":11350,"viewportHeight":682}}
[2026-07-24T09:25:45.499Z] {"timestamp":1784885144997,"kind":"focusin","url":"http://localhost:3000/","viewport":{"width":1182,"height":682},"payload":{"target":{"tag":"a","id":null,"name":null,"type":null,"role":null,"ariaLabel":null,"testId":null,"dataLoc":"client\\src\\components\\Header.tsx:48","href":"#team","text":"Team","selectorHint":"[data-loc=\"client\\src\\components\\Header.tsx:48\"]"}}}
[2026-07-24T09:25:45.499Z] {"timestamp":1784885145183,"kind":"click","url":"http://localhost:3000/","viewport":{"width":1182,"height":682},"payload":{"target":{"tag":"a","id":null,"name":null,"type":null,"role":null,"ariaLabel":null,"testId":null,"dataLoc":"client\\src\\components\\Header.tsx:48","href":"#team","text":"Team","selectorHint":"[data-loc=\"client\\src\\components\\Header.tsx:48\"]"},"x":681,"y":32}}
[2026-07-24T09:25:45.499Z] {"timestamp":1784885145189,"kind":"navigate","url":"http://localhost:3000/#team","viewport":{"width":1182,"height":682},"payload":{"reason":"popstate"}}
[2026-07-24T09:25:45.499Z] {"timestamp":1784885145190,"kind":"focusout","url":"http://localhost:3000/#team","viewport":{"width":1182,"height":682},"payload":{"target":{"tag":"a","id":null,"name":null,"type":null,"role":null,"ariaLabel":null,"testId":null,"dataLoc":"client\\src\\components\\Header.tsx:48","href":"#team","text":"Team","selectorHint":"[data-loc=\"client\\src\\components\\Header.tsx:48\"]"},"value":null}}
[2026-07-24T09:25:45.499Z] {"timestamp":1784885145197,"kind":"navigate","url":"http://localhost:3000/#team","viewport":{"width":1182,"height":682},"payload":{"reason":"hashchange"}}
[2026-07-24T09:25:45.499Z] {"timestamp":1784885145225,"kind":"scroll","url":"http://localhost:3000/#team","viewport":{"width":1182,"height":682},"payload":{"scrollX":0.800000011920929,"scrollY":418.3999938964844,"documentHeight":11350,"viewportHeight":682}}
[2026-07-24T09:25:47.489Z] {"timestamp":1784885145725,"kind":"scroll","url":"http://localhost:3000/#team","viewport":{"width":1182,"height":682},"payload":{"scrollX":0,"scrollY":5199.2001953125,"documentHeight":11350,"viewportHeight":682}}
[2026-07-24T09:25:47.489Z] {"timestamp":1784885146224,"kind":"scroll","url":"http://localhost:3000/#team","viewport":{"width":1182,"height":682},"payload":{"scrollX":0,"scrollY":7186.39990234375,"documentHeight":11350,"viewportHeight":682}}
[2026-07-24T09:25:49.494Z] {"timestamp":1784885147811,"kind":"scroll","url":"http://localhost:3000/#team","viewport":{"width":1182,"height":682},"payload":{"scrollX":0,"scrollY":7564.7998046875,"documentHeight":11404,"viewportHeight":682}}
[2026-07-24T09:25:49.494Z] {"timestamp":1784885148598,"kind":"scroll","url":"http://localhost:3000/#team","viewport":{"width":1182,"height":682},"payload":{"scrollX":2.4000000953674316,"scrollY":7573.60009765625,"documentHeight":11404,"viewportHeight":682}}
[2026-07-24T09:25:49.494Z] {"timestamp":1784885149445,"kind":"scroll","url":"http://localhost:3000/#team","viewport":{"width":1182,"height":682},"payload":{"scrollX":4.800000190734863,"scrollY":7792.7998046875,"documentHeight":11404,"viewportHeight":682}}
[2026-07-24T09:25:51.489Z] {"timestamp":1784885149980,"kind":"scroll","url":"http://localhost:3000/#team","viewport":{"width":1182,"height":682},"payload":{"scrollX":4.800000190734863,"scrollY":7654.39990234375,"documentHeight":11350,"viewportHeight":682}}
[2026-07-24T09:25:53.488Z] {"timestamp":1784885151797,"kind":"scroll","url":"http://localhost:3000/#team","viewport":{"width":1182,"height":682},"payload":{"scrollX":4.800000190734863,"scrollY":7704.7998046875,"documentHeight":11404,"viewportHeight":682}}
[2026-07-24T09:25:53.488Z] {"timestamp":1784885153078,"kind":"scroll","url":"http://localhost:3000/#team","viewport":{"width":1182,"height":682},"payload":{"scrollX":4.800000190734863,"scrollY":7696.7998046875,"documentHeight":11404,"viewportHeight":682}}
[2026-07-24T09:25:55.486Z] {"timestamp":1784885153629,"kind":"scroll","url":"http://localhost:3000/#team","viewport":{"width":1182,"height":682},"payload":{"scrollX":4.800000190734863,"scrollY":7665.60009765625,"documentHeight":11350,"viewportHeight":682}}
[2026-07-24T09:25:55.486Z] {"timestamp":1784885154358,"kind":"scroll","url":"http://localhost:3000/#team","viewport":{"width":1182,"height":682},"payload":{"scrollX":2.4000000953674316,"scrollY":7666.39990234375,"documentHeight":11350,"viewportHeight":682}}
[2026-07-24T09:25:57.496Z] {"timestamp":1784885155708,"kind":"scroll","url":"http://localhost:3000/#team","viewport":{"width":1182,"height":682},"payload":{"scrollX":0,"scrollY":7720,"documentHeight":11404,"viewportHeight":682}}
[2026-07-24T09:25:59.486Z] {"timestamp":1784885157642,"kind":"scroll","url":"http://localhost:3000/#team","viewport":{"width":1182,"height":682},"payload":{"scrollX":0,"scrollY":7666.39990234375,"documentHeight":11350,"viewportHeight":682}}
[2026-07-24T09:26:05.503Z] {"timestamp":1784885163576,"kind":"scroll","url":"http://localhost:3000/#team","viewport":{"width":1182,"height":682},"payload":{"scrollX":0,"scrollY":7720,"documentHeight":11404,"viewportHeight":682}}
[2026-07-24T09:26:05.503Z] {"timestamp":1784885165496,"kind":"scroll","url":"http://localhost:3000/#team","viewport":{"width":1182,"height":682},"payload":{"scrollX":0,"scrollY":7666.39990234375,"documentHeight":11350,"viewportHeight":682}}
[2026-07-24T09:26:09.491Z] {"timestamp":1784885167575,"kind":"scroll","url":"http://localhost:3000/#team","viewport":{"width":1182,"height":682},"payload":{"scrollX":0,"scrollY":7720,"documentHeight":11404,"viewportHeight":682}}
[2026-07-24T09:26:09.491Z] {"timestamp":1784885169409,"kind":"scroll","url":"http://localhost:3000/#team","viewport":{"width":1182,"height":682},"payload":{"scrollX":0,"scrollY":7666.39990234375,"documentHeight":11350,"viewportHeight":682}}
[2026-07-24T09:26:11.490Z] {"timestamp":1784885171426,"kind":"scroll","url":"http://localhost:3000/#team","viewport":{"width":1182,"height":682},"payload":{"scrollX":0,"scrollY":7720,"documentHeight":11404,"viewportHeight":682}}
[2026-07-24T09:26:13.491Z] {"timestamp":1784885173325,"kind":"scroll","url":"http://localhost:3000/#team","viewport":{"width":1182,"height":682},"payload":{"scrollX":0,"scrollY":7666.39990234375,"documentHeight":11350,"viewportHeight":682}}
[2026-07-24T09:26:19.489Z] {"timestamp":1784885179026,"kind":"scroll","url":"http://localhost:3000/#team","viewport":{"width":1182,"height":682},"payload":{"scrollX":0,"scrollY":7720,"documentHeight":11404,"viewportHeight":682}}
[2026-07-24T09:26:21.500Z] {"timestamp":1784885180933,"kind":"scroll","url":"http://localhost:3000/#team","viewport":{"width":1182,"height":682},"payload":{"scrollX":0,"scrollY":7666.39990234375,"documentHeight":11350,"viewportHeight":682}}
[2026-07-24T09:26:23.486Z] {"timestamp":1784885182893,"kind":"scroll","url":"http://localhost:3000/#team","viewport":{"width":1182,"height":682},"payload":{"scrollX":0,"scrollY":7720,"documentHeight":11404,"viewportHeight":682}}
[2026-07-24T09:26:25.488Z] {"timestamp":1784885184710,"kind":"scroll","url":"http://localhost:3000/#team","viewport":{"width":1182,"height":682},"payload":{"scrollX":0,"scrollY":7666.39990234375,"documentHeight":11350,"viewportHeight":682}}
[2026-07-24T09:26:27.488Z] {"timestamp":1784885186778,"kind":"scroll","url":"http://localhost:3000/#team","viewport":{"width":1182,"height":682},"payload":{"scrollX":0,"scrollY":7720,"documentHeight":11404,"viewportHeight":682}}
[2026-07-24T09:26:29.487Z] {"timestamp":1784885188676,"kind":"scroll","url":"http://localhost:3000/#team","viewport":{"width":1182,"height":682},"payload":{"scrollX":0,"scrollY":7666.39990234375,"documentHeight":11350,"viewportHeight":682}}
[2026-07-24T09:26:35.493Z] {"timestamp":1784885194361,"kind":"scroll","url":"http://localhost:3000/#team","viewport":{"width":1182,"height":682},"payload":{"scrollX":0,"scrollY":7720,"documentHeight":11404,"viewportHeight":682}}
[2026-07-24T09:26:37.491Z] {"timestamp":1784885196277,"kind":"scroll","url":"http://localhost:3000/#team","viewport":{"width":1182,"height":682},"payload":{"scrollX":0,"scrollY":7666.39990234375,"documentHeight":11350,"viewportHeight":682}}
[2026-07-24T09:26:39.486Z] {"timestamp":1784885198294,"kind":"scroll","url":"http://localhost:3000/#team","viewport":{"width":1182,"height":682},"payload":{"scrollX":0,"scrollY":7720,"documentHeight":11404,"viewportHeight":682}}
[2026-07-24T09:26:41.485Z] {"timestamp":1784885200111,"kind":"scroll","url":"http://localhost:3000/#team","viewport":{"width":1182,"height":682},"payload":{"scrollX":0,"scrollY":7666.39990234375,"documentHeight":11350,"viewportHeight":682}}
[2026-07-24T09:26:43.493Z] {"timestamp":1784885202127,"kind":"scroll","url":"http://localhost:3000/#team","viewport":{"width":1182,"height":682},"payload":{"scrollX":0,"scrollY":7720,"documentHeight":11404,"viewportHeight":682}}
[2026-07-24T09:26:45.489Z] {"timestamp":1784885204044,"kind":"scroll","url":"http://localhost:3000/#team","viewport":{"width":1182,"height":682},"payload":{"scrollX":0,"scrollY":7666.39990234375,"documentHeight":11350,"viewportHeight":682}}
[2026-07-24T09:26:51.512Z] {"timestamp":1784885209846,"kind":"scroll","url":"http://localhost:3000/#team","viewport":{"width":1182,"height":682},"payload":{"scrollX":0,"scrollY":7720,"documentHeight":11404,"viewportHeight":682}}
[2026-07-24T09:26:53.500Z] {"timestamp":1784885211780,"kind":"scroll","url":"http://localhost:3000/#team","viewport":{"width":1182,"height":682},"payload":{"scrollX":0,"scrollY":7666.39990234375,"documentHeight":11350,"viewportHeight":682}}
[2026-07-24T09:26:55.498Z] {"timestamp":1784885213878,"kind":"scroll","url":"http://localhost:3000/#team","viewport":{"width":1182,"height":682},"payload":{"scrollX":0,"scrollY":7720,"documentHeight":11404,"viewportHeight":682}}
[2026-07-24T09:26:57.492Z] {"timestamp":1784885215712,"kind":"scroll","url":"http://localhost:3000/#team","viewport":{"width":1182,"height":682},"payload":{"scrollX":0,"scrollY":7666.39990234375,"documentHeight":11350,"viewportHeight":682}}
[2026-07-24T09:26:59.497Z] {"timestamp":1784885217906,"kind":"scroll","url":"http://localhost:3000/#team","viewport":{"width":1182,"height":682},"payload":{"scrollX":0,"scrollY":7720,"documentHeight":11404,"viewportHeight":682}}
[2026-07-24T09:27:01.499Z] {"timestamp":1784885219831,"kind":"scroll","url":"http://localhost:3000/#team","viewport":{"width":1182,"height":682},"payload":{"scrollX":0,"scrollY":7666.39990234375,"documentHeight":11350,"viewportHeight":682}}
[2026-07-24T09:27:07.487Z] {"timestamp":1784885225879,"kind":"scroll","url":"http://localhost:3000/#team","viewport":{"width":1182,"height":682},"payload":{"scrollX":0,"scrollY":7720,"documentHeight":11404,"viewportHeight":682}}
[2026-07-24T09:27:09.495Z] {"timestamp":1784885227796,"kind":"scroll","url":"http://localhost:3000/#team","viewport":{"width":1182,"height":682},"payload":{"scrollX":0,"scrollY":7666.39990234375,"documentHeight":11350,"viewportHeight":682}}
[2026-07-24T09:27:11.491Z] {"timestamp":1784885229897,"kind":"scroll","url":"http://localhost:3000/#team","viewport":{"width":1182,"height":682},"payload":{"scrollX":0,"scrollY":7720,"documentHeight":11404,"viewportHeight":682}}
[2026-07-24T09:27:13.486Z] {"timestamp":1784885231730,"kind":"scroll","url":"http://localhost:3000/#team","viewport":{"width":1182,"height":682},"payload":{"scrollX":0,"scrollY":7666.39990234375,"documentHeight":11350,"viewportHeight":682}}
[2026-07-24T09:27:15.494Z] {"timestamp":1784885233931,"kind":"scroll","url":"http://localhost:3000/#team","viewport":{"width":1182,"height":682},"payload":{"scrollX":0,"scrollY":7720,"documentHeight":11404,"viewportHeight":682}}
[2026-07-24T09:27:17.492Z] {"timestamp":1784885235846,"kind":"scroll","url":"http://localhost:3000/#team","viewport":{"width":1182,"height":682},"payload":{"scrollX":0,"scrollY":7666.39990234375,"documentHeight":11350,"viewportHeight":682}}
[2026-07-24T09:27:23.492Z] {"timestamp":1784885241897,"kind":"scroll","url":"http://localhost:3000/#team","viewport":{"width":1182,"height":682},"payload":{"scrollX":0,"scrollY":7720,"documentHeight":11404,"viewportHeight":682}}
[2026-07-24T09:27:25.490Z] {"timestamp":1784885243816,"kind":"scroll","url":"http://localhost:3000/#team","viewport":{"width":1182,"height":682},"payload":{"scrollX":0,"scrollY":7666.39990234375,"documentHeight":11350,"viewportHeight":682}}
[2026-07-24T09:27:27.492Z] {"timestamp":1784885245931,"kind":"scroll","url":"http://localhost:3000/#team","viewport":{"width":1182,"height":682},"payload":{"scrollX":0,"scrollY":7720,"documentHeight":11404,"viewportHeight":682}}
[2026-07-24T09:27:29.491Z] {"timestamp":1784885247763,"kind":"scroll","url":"http://localhost:3000/#team","viewport":{"width":1182,"height":682},"payload":{"scrollX":0,"scrollY":7666.39990234375,"documentHeight":11350,"viewportHeight":682}}
[2026-07-24T09:27:31.491Z] {"timestamp":1784885249981,"kind":"scroll","url":"http://localhost:3000/#team","viewport":{"width":1182,"height":682},"payload":{"scrollX":0,"scrollY":7720,"documentHeight":11404,"viewportHeight":682}}
[2026-07-24T09:27:33.497Z] {"timestamp":1784885251897,"kind":"scroll","url":"http://localhost:3000/#team","viewport":{"width":1182,"height":682},"payload":{"scrollX":0,"scrollY":7666.39990234375,"documentHeight":11350,"viewportHeight":682}}
[2026-07-24T09:27:39.487Z] {"timestamp":1784885257950,"kind":"scroll","url":"http://localhost:3000/#team","viewport":{"width":1182,"height":682},"payload":{"scrollX":0,"scrollY":7720,"documentHeight":11404,"viewportHeight":682}}
[2026-07-24T09:27:41.487Z] {"timestamp":1784885259847,"kind":"scroll","url":"http://localhost:3000/#team","viewport":{"width":1182,"height":682},"payload":{"scrollX":0,"scrollY":7666.39990234375,"documentHeight":11350,"viewportHeight":682}}
[2026-07-24T09:27:43.488Z] {"timestamp":1784885261832,"kind":"scroll","url":"http://localhost:3000/#team","viewport":{"width":1182,"height":682},"payload":{"scrollX":0,"scrollY":7720,"documentHeight":11404,"viewportHeight":682}}
[2026-07-24T09:27:45.488Z] {"timestamp":1784885263682,"kind":"scroll","url":"http://localhost:3000/#team","viewport":{"width":1182,"height":682},"payload":{"scrollX":0,"scrollY":7666.39990234375,"documentHeight":11350,"viewportHeight":682}}
[2026-07-24T09:27:47.490Z] {"timestamp":1784885265799,"kind":"scroll","url":"http://localhost:3000/#team","viewport":{"width":1182,"height":682},"payload":{"scrollX":0,"scrollY":7720,"documentHeight":11404,"viewportHeight":682}}
[2026-07-24T09:27:49.487Z] {"timestamp":1784885267698,"kind":"scroll","url":"http://localhost:3000/#team","viewport":{"width":1182,"height":682},"payload":{"scrollX":0,"scrollY":7666.39990234375,"documentHeight":11350,"viewportHeight":682}}
[2026-07-24T09:27:53.487Z] {"timestamp":1784885273482,"kind":"scroll","url":"http://localhost:3000/#team","viewport":{"width":1182,"height":682},"payload":{"scrollX":0,"scrollY":7720,"documentHeight":11404,"viewportHeight":682}}
[2026-07-24T09:27:55.496Z] {"timestamp":1784885275383,"kind":"scroll","url":"http://localhost:3000/#team","viewport":{"width":1182,"height":682},"payload":{"scrollX":0,"scrollY":7666.39990234375,"documentHeight":11350,"viewportHeight":682}}
[2026-07-24T09:27:57.488Z] {"timestamp":1784885277399,"kind":"scroll","url":"http://localhost:3000/#team","viewport":{"width":1182,"height":682},"payload":{"scrollX":0,"scrollY":7720,"documentHeight":11404,"viewportHeight":682}}
[2026-07-24T09:27:59.486Z] {"timestamp":1784885279248,"kind":"scroll","url":"http://localhost:3000/#team","viewport":{"width":1182,"height":682},"payload":{"scrollX":0,"scrollY":7666.39990234375,"documentHeight":11350,"viewportHeight":682}}
[2026-07-24T09:28:01.489Z] {"timestamp":1784885281298,"kind":"scroll","url":"http://localhost:3000/#team","viewport":{"width":1182,"height":682},"payload":{"scrollX":0,"scrollY":7720,"documentHeight":11404,"viewportHeight":682}}
[2026-07-24T09:28:03.494Z] {"timestamp":1784885283198,"kind":"scroll","url":"http://localhost:3000/#team","viewport":{"width":1182,"height":682},"payload":{"scrollX":0,"scrollY":7666.39990234375,"documentHeight":11350,"viewportHeight":682}}
[2026-07-24T09:28:09.486Z] {"timestamp":1784885288934,"kind":"scroll","url":"http://localhost:3000/#team","viewport":{"width":1182,"height":682},"payload":{"scrollX":0,"scrollY":7720,"documentHeight":11404,"viewportHeight":682}}
[2026-07-24T09:28:11.486Z] {"timestamp":1784885290833,"kind":"scroll","url":"http://localhost:3000/#team","viewport":{"width":1182,"height":682},"payload":{"scrollX":0,"scrollY":7666.39990234375,"documentHeight":11350,"viewportHeight":682}}
[2026-07-24T09:28:13.486Z] {"timestamp":1784885292816,"kind":"scroll","url":"http://localhost:3000/#team","viewport":{"width":1182,"height":682},"payload":{"scrollX":0,"scrollY":7720,"documentHeight":11404,"viewportHeight":682}}
[2026-07-24T09:28:15.486Z] {"timestamp":1784885294637,"kind":"scroll","url":"http://localhost:3000/#team","viewport":{"width":1182,"height":682},"payload":{"scrollX":0,"scrollY":7666.39990234375,"documentHeight":11350,"viewportHeight":682}}
[2026-07-24T09:28:17.486Z] {"timestamp":1784885296766,"kind":"scroll","url":"http://localhost:3000/#team","viewport":{"width":1182,"height":682},"payload":{"scrollX":0,"scrollY":7720,"documentHeight":11404,"viewportHeight":682}}
[2026-07-24T09:28:19.488Z] {"timestamp":1784885298683,"kind":"scroll","url":"http://localhost:3000/#team","viewport":{"width":1182,"height":682},"payload":{"scrollX":0,"scrollY":7666.39990234375,"documentHeight":11350,"viewportHeight":682}}
[2026-07-24T09:28:25.488Z] {"timestamp":1784885304700,"kind":"scroll","url":"http://localhost:3000/#team","viewport":{"width":1182,"height":682},"payload":{"scrollX":0,"scrollY":7720,"documentHeight":11404,"viewportHeight":682}}
[2026-07-24T09:28:27.487Z] {"timestamp":1784885306618,"kind":"scroll","url":"http://localhost:3000/#team","viewport":{"width":1182,"height":682},"payload":{"scrollX":0,"scrollY":7666.39990234375,"documentHeight":11350,"viewportHeight":682}}
[2026-07-24T09:28:29.499Z] {"timestamp":1784885308716,"kind":"scroll","url":"http://localhost:3000/#team","viewport":{"width":1182,"height":682},"payload":{"scrollX":0,"scrollY":7720,"documentHeight":11404,"viewportHeight":682}}
[2026-07-24T09:28:31.487Z] {"timestamp":1784885310550,"kind":"scroll","url":"http://localhost:3000/#team","viewport":{"width":1182,"height":682},"payload":{"scrollX":0,"scrollY":7666.39990234375,"documentHeight":11350,"viewportHeight":682}}
[2026-07-24T09:28:33.485Z] {"timestamp":1784885312617,"kind":"scroll","url":"http://localhost:3000/#team","viewport":{"width":1182,"height":682},"payload":{"scrollX":0,"scrollY":7720,"documentHeight":11404,"viewportHeight":682}}
[2026-07-24T09:28:35.491Z] {"timestamp":1784885314519,"kind":"scroll","url":"http://localhost:3000/#team","viewport":{"width":1182,"height":682},"payload":{"scrollX":0,"scrollY":7666.39990234375,"documentHeight":11350,"viewportHeight":682}}
[2026-07-24T09:28:41.489Z] {"timestamp":1784885320317,"kind":"scroll","url":"http://localhost:3000/#team","viewport":{"width":1182,"height":682},"payload":{"scrollX":0,"scrollY":7720,"documentHeight":11404,"viewportHeight":682}}
[2026-07-24T09:28:43.491Z] {"timestamp":1784885322218,"kind":"scroll","url":"http://localhost:3000/#team","viewport":{"width":1182,"height":682},"payload":{"scrollX":0,"scrollY":7666.39990234375,"documentHeight":11350,"viewportHeight":682}}
[2026-07-24T09:28:45.491Z] {"timestamp":1784885324202,"kind":"scroll","url":"http://localhost:3000/#team","viewport":{"width":1182,"height":682},"payload":{"scrollX":0,"scrollY":7720,"documentHeight":11404,"viewportHeight":682}}
[2026-07-24T09:28:47.491Z] {"timestamp":1784885326035,"kind":"scroll","url":"http://localhost:3000/#team","viewport":{"width":1182,"height":682},"payload":{"scrollX":0,"scrollY":7666.39990234375,"documentHeight":11350,"viewportHeight":682}}
[2026-07-24T09:28:49.490Z] {"timestamp":1784885328086,"kind":"scroll","url":"http://localhost:3000/#team","viewport":{"width":1182,"height":682},"payload":{"scrollX":0,"scrollY":7720,"documentHeight":11404,"viewportHeight":682}}
[2026-07-24T09:28:51.487Z] {"timestamp":1784885329987,"kind":"scroll","url":"http://localhost:3000/#team","viewport":{"width":1182,"height":682},"payload":{"scrollX":0,"scrollY":7666.39990234375,"documentHeight":11350,"viewportHeight":682}}
[2026-07-24T09:28:57.490Z] {"timestamp":1784885335718,"kind":"scroll","url":"http://localhost:3000/#team","viewport":{"width":1182,"height":682},"payload":{"scrollX":0,"scrollY":7720,"documentHeight":11404,"viewportHeight":682}}
[2026-07-24T09:28:59.492Z] {"timestamp":1784885337618,"kind":"scroll","url":"http://localhost:3000/#team","viewport":{"width":1182,"height":682},"payload":{"scrollX":0,"scrollY":7666.39990234375,"documentHeight":11350,"viewportHeight":682}}
[2026-07-24T09:29:01.486Z] {"timestamp":1784885339552,"kind":"scroll","url":"http://localhost:3000/#team","viewport":{"width":1182,"height":682},"payload":{"scrollX":0,"scrollY":7720,"documentHeight":11404,"viewportHeight":682}}
[2026-07-24T09:29:01.486Z] {"timestamp":1784885341385,"kind":"scroll","url":"http://localhost:3000/#team","viewport":{"width":1182,"height":682},"payload":{"scrollX":0,"scrollY":7666.39990234375,"documentHeight":11350,"viewportHeight":682}}
[2026-07-24T09:29:03.486Z] {"timestamp":1784885343452,"kind":"scroll","url":"http://localhost:3000/#team","viewport":{"width":1182,"height":682},"payload":{"scrollX":0,"scrollY":7720,"documentHeight":11404,"viewportHeight":682}}
[2026-07-24T09:29:05.490Z] {"timestamp":1784885345353,"kind":"scroll","url":"http://localhost:3000/#team","viewport":{"width":1182,"height":682},"payload":{"scrollX":0,"scrollY":7666.39990234375,"documentHeight":11350,"viewportHeight":682}}
[2026-07-24T09:29:11.489Z] {"timestamp":1784885351137,"kind":"scroll","url":"http://localhost:3000/#team","viewport":{"width":1182,"height":682},"payload":{"scrollX":0,"scrollY":7720,"documentHeight":11404,"viewportHeight":682}}
[2026-07-24T09:29:13.504Z] {"timestamp":1784885353036,"kind":"scroll","url":"http://localhost:3000/#team","viewport":{"width":1182,"height":682},"payload":{"scrollX":0,"scrollY":7666.39990234375,"documentHeight":11350,"viewportHeight":682}}
[2026-07-24T09:29:15.490Z] {"timestamp":1784885355038,"kind":"scroll","url":"http://localhost:3000/#team","viewport":{"width":1182,"height":682},"payload":{"scrollX":0,"scrollY":7720,"documentHeight":11404,"viewportHeight":682}}
[2026-07-24T09:29:17.492Z] {"timestamp":1784885356887,"kind":"scroll","url":"http://localhost:3000/#team","viewport":{"width":1182,"height":682},"payload":{"scrollX":0,"scrollY":7666.39990234375,"documentHeight":11350,"viewportHeight":682}}
[2026-07-24T09:29:19.492Z] {"timestamp":1784885359087,"kind":"scroll","url":"http://localhost:3000/#team","viewport":{"width":1182,"height":682},"payload":{"scrollX":0,"scrollY":7720,"documentHeight":11404,"viewportHeight":682}}
[2026-07-24T09:29:21.492Z] {"timestamp":1784885360988,"kind":"scroll","url":"http://localhost:3000/#team","viewport":{"width":1182,"height":682},"payload":{"scrollX":0,"scrollY":7666.39990234375,"documentHeight":11350,"viewportHeight":682}}
[2026-07-24T09:29:27.491Z] {"timestamp":1784885367038,"kind":"scroll","url":"http://localhost:3000/#team","viewport":{"width":1182,"height":682},"payload":{"scrollX":0,"scrollY":7720,"documentHeight":11404,"viewportHeight":682}}
[2026-07-24T09:29:29.495Z] {"timestamp":1784885368955,"kind":"scroll","url":"http://localhost:3000/#team","viewport":{"width":1182,"height":682},"payload":{"scrollX":0,"scrollY":7666.39990234375,"documentHeight":11350,"viewportHeight":682}}
[2026-07-24T09:29:31.493Z] {"timestamp":1784885371072,"kind":"scroll","url":"http://localhost:3000/#team","viewport":{"width":1182,"height":682},"payload":{"scrollX":0,"scrollY":7720,"documentHeight":11404,"viewportHeight":682}}
[2026-07-24T09:29:33.489Z] {"timestamp":1784885372907,"kind":"scroll","url":"http://localhost:3000/#team","viewport":{"width":1182,"height":682},"payload":{"scrollX":0,"scrollY":7666.39990234375,"documentHeight":11350,"viewportHeight":682}}
[2026-07-24T09:29:35.495Z] {"timestamp":1784885375122,"kind":"scroll","url":"http://localhost:3000/#team","viewport":{"width":1182,"height":682},"payload":{"scrollX":0,"scrollY":7720,"documentHeight":11404,"viewportHeight":682}}
[2026-07-24T09:29:37.494Z] {"timestamp":1784885377054,"kind":"scroll","url":"http://localhost:3000/#team","viewport":{"width":1182,"height":682},"payload":{"scrollX":0,"scrollY":7666.39990234375,"documentHeight":11350,"viewportHeight":682}}
[2026-07-24T09:29:43.493Z] {"timestamp":1784885383072,"kind":"scroll","url":"http://localhost:3000/#team","viewport":{"width":1182,"height":682},"payload":{"scrollX":0,"scrollY":7720,"documentHeight":11404,"viewportHeight":682}}
[2026-07-24T09:29:45.495Z] {"timestamp":1784885385006,"kind":"scroll","url":"http://localhost:3000/#team","viewport":{"width":1182,"height":682},"payload":{"scrollX":0,"scrollY":7666.39990234375,"documentHeight":11350,"viewportHeight":682}}
[2026-07-24T09:29:47.491Z] {"timestamp":1784885387122,"kind":"scroll","url":"http://localhost:3000/#team","viewport":{"width":1182,"height":682},"payload":{"scrollX":0,"scrollY":7720,"documentHeight":11404,"viewportHeight":682}}
[2026-07-24T09:29:49.492Z] {"timestamp":1784885388954,"kind":"scroll","url":"http://localhost:3000/#team","viewport":{"width":1182,"height":682},"payload":{"scrollX":0,"scrollY":7666.39990234375,"documentHeight":11350,"viewportHeight":682}}
[2026-07-24T09:29:51.494Z] {"timestamp":1784885391157,"kind":"scroll","url":"http://localhost:3000/#team","viewport":{"width":1182,"height":682},"payload":{"scrollX":0,"scrollY":7720,"documentHeight":11404,"viewportHeight":682}}
[2026-07-24T09:29:53.494Z] {"timestamp":1784885393072,"kind":"scroll","url":"http://localhost:3000/#team","viewport":{"width":1182,"height":682},"payload":{"scrollX":0,"scrollY":7666.39990234375,"documentHeight":11350,"viewportHeight":682}}
[2026-07-24T09:29:59.486Z] {"timestamp":1784885399091,"kind":"scroll","url":"http://localhost:3000/#team","viewport":{"width":1182,"height":682},"payload":{"scrollX":0,"scrollY":7720,"documentHeight":11404,"viewportHeight":682}}
[2026-07-24T09:30:01.490Z] {"timestamp":1784885401006,"kind":"scroll","url":"http://localhost:3000/#team","viewport":{"width":1182,"height":682},"payload":{"scrollX":0,"scrollY":7666.39990234375,"documentHeight":11350,"viewportHeight":682}}
[2026-07-24T09:30:03.495Z] {"timestamp":1784885403125,"kind":"scroll","url":"http://localhost:3000/#team","viewport":{"width":1182,"height":682},"payload":{"scrollX":0,"scrollY":7720,"documentHeight":11404,"viewportHeight":682}}
[2026-07-24T09:30:05.496Z] {"timestamp":1784885404957,"kind":"scroll","url":"http://localhost:3000/#team","viewport":{"width":1182,"height":682},"payload":{"scrollX":0,"scrollY":7666.39990234375,"documentHeight":11350,"viewportHeight":682}}
[2026-07-24T09:30:07.493Z] {"timestamp":1784885407157,"kind":"scroll","url":"http://localhost:3000/#team","viewport":{"width":1182,"height":682},"payload":{"scrollX":0,"scrollY":7720,"documentHeight":11404,"viewportHeight":682}}
[2026-07-24T09:30:09.495Z] {"timestamp":1784885409076,"kind":"scroll","url":"http://localhost:3000/#team","viewport":{"width":1182,"height":682},"payload":{"scrollX":0,"scrollY":7666.39990234375,"documentHeight":11350,"viewportHeight":682}}
[2026-07-24T09:30:15.495Z] {"timestamp":1784885415108,"kind":"scroll","url":"http://localhost:3000/#team","viewport":{"width":1182,"height":682},"payload":{"scrollX":0,"scrollY":7720,"documentHeight":11404,"viewportHeight":682}}
[2026-07-24T09:30:17.504Z] {"timestamp":1784885417023,"kind":"scroll","url":"http://localhost:3000/#team","viewport":{"width":1182,"height":682},"payload":{"scrollX":0,"scrollY":7666.39990234375,"documentHeight":11350,"viewportHeight":682}}
[2026-07-24T09:30:19.493Z] {"timestamp":1784885419107,"kind":"scroll","url":"http://localhost:3000/#team","viewport":{"width":1182,"height":682},"payload":{"scrollX":0,"scrollY":7720,"documentHeight":11404,"viewportHeight":682}}
[2026-07-24T09:30:21.496Z] {"timestamp":1784885420942,"kind":"scroll","url":"http://localhost:3000/#team","viewport":{"width":1182,"height":682},"payload":{"scrollX":0,"scrollY":7666.39990234375,"documentHeight":11350,"viewportHeight":682}}
[2026-07-24T09:30:23.489Z] {"timestamp":1784885423123,"kind":"scroll","url":"http://localhost:3000/#team","viewport":{"width":1182,"height":682},"payload":{"scrollX":0,"scrollY":7720,"documentHeight":11404,"viewportHeight":682}}
[2026-07-24T09:30:25.494Z] {"timestamp":1784885425043,"kind":"scroll","url":"http://localhost:3000/#team","viewport":{"width":1182,"height":682},"payload":{"scrollX":0,"scrollY":7666.39990234375,"documentHeight":11350,"viewportHeight":682}}
[2026-07-24T09:30:31.495Z] {"timestamp":1784885431074,"kind":"scroll","url":"http://localhost:3000/#team","viewport":{"width":1182,"height":682},"payload":{"scrollX":0,"scrollY":7720,"documentHeight":11404,"viewportHeight":682}}
[2026-07-24T09:30:33.488Z] {"timestamp":1784885432993,"kind":"scroll","url":"http://localhost:3000/#team","viewport":{"width":1182,"height":682},"payload":{"scrollX":0,"scrollY":7666.39990234375,"documentHeight":11350,"viewportHeight":682}}
[2026-07-24T09:30:35.496Z] {"timestamp":1784885435075,"kind":"scroll","url":"http://localhost:3000/#team","viewport":{"width":1182,"height":682},"payload":{"scrollX":0,"scrollY":7720,"documentHeight":11404,"viewportHeight":682}}
[2026-07-24T09:30:37.489Z] {"timestamp":1784885436907,"kind":"scroll","url":"http://localhost:3000/#team","viewport":{"width":1182,"height":682},"payload":{"scrollX":0,"scrollY":7666.39990234375,"documentHeight":11350,"viewportHeight":682}}
[2026-07-24T09:30:39.495Z] {"timestamp":1784885439094,"kind":"scroll","url":"http://localhost:3000/#team","viewport":{"width":1182,"height":682},"payload":{"scrollX":0,"scrollY":7720,"documentHeight":11404,"viewportHeight":682}}
[2026-07-24T09:30:41.496Z] {"timestamp":1784885441010,"kind":"scroll","url":"http://localhost:3000/#team","viewport":{"width":1182,"height":682},"payload":{"scrollX":0,"scrollY":7666.39990234375,"documentHeight":11350,"viewportHeight":682}}
[2026-07-24T09:30:47.498Z] {"timestamp":1784885447044,"kind":"scroll","url":"http://localhost:3000/#team","viewport":{"width":1182,"height":682},"payload":{"scrollX":0,"scrollY":7720,"documentHeight":11404,"viewportHeight":682}}
[2026-07-24T09:30:49.498Z] {"timestamp":1784885448959,"kind":"scroll","url":"http://localhost:3000/#team","viewport":{"width":1182,"height":682},"payload":{"scrollX":0,"scrollY":7666.39990234375,"documentHeight":11350,"viewportHeight":682}}
[2026-07-24T09:30:51.494Z] {"timestamp":1784885451094,"kind":"scroll","url":"http://localhost:3000/#team","viewport":{"width":1182,"height":682},"payload":{"scrollX":0,"scrollY":7720,"documentHeight":11404,"viewportHeight":682}}
[2026-07-24T09:30:53.497Z] {"timestamp":1784885452925,"kind":"scroll","url":"http://localhost:3000/#team","viewport":{"width":1182,"height":682},"payload":{"scrollX":0,"scrollY":7666.39990234375,"documentHeight":11350,"viewportHeight":682}}
[2026-07-24T09:30:55.494Z] {"timestamp":1784885455010,"kind":"scroll","url":"http://localhost:3000/#team","viewport":{"width":1182,"height":682},"payload":{"scrollX":0,"scrollY":7720,"documentHeight":11404,"viewportHeight":682}}
[2026-07-24T09:30:57.488Z] {"timestamp":1784885456910,"kind":"scroll","url":"http://localhost:3000/#team","viewport":{"width":1182,"height":682},"payload":{"scrollX":0,"scrollY":7666.39990234375,"documentHeight":11350,"viewportHeight":682}}
[2026-07-24T09:31:03.500Z] {"timestamp":1784885462861,"kind":"scroll","url":"http://localhost:3000/#team","viewport":{"width":1182,"height":682},"payload":{"scrollX":0,"scrollY":7720,"documentHeight":11404,"viewportHeight":682}}
[2026-07-24T09:31:05.495Z] {"timestamp":1784885464777,"kind":"scroll","url":"http://localhost:3000/#team","viewport":{"width":1182,"height":682},"payload":{"scrollX":0,"scrollY":7666.39990234375,"documentHeight":11350,"viewportHeight":682}}
[2026-07-24T09:31:07.497Z] {"timestamp":1784885466876,"kind":"scroll","url":"http://localhost:3000/#team","viewport":{"width":1182,"height":682},"payload":{"scrollX":0,"scrollY":7720,"documentHeight":11404,"viewportHeight":682}}
[2026-07-24T09:31:09.500Z] {"timestamp":1784885468711,"kind":"scroll","url":"http://localhost:3000/#team","viewport":{"width":1182,"height":682},"payload":{"scrollX":0,"scrollY":7666.39990234375,"documentHeight":11350,"viewportHeight":682}}
[2026-07-24T09:31:11.498Z] {"timestamp":1784885470927,"kind":"scroll","url":"http://localhost:3000/#team","viewport":{"width":1182,"height":682},"payload":{"scrollX":0,"scrollY":7720,"documentHeight":11404,"viewportHeight":682}}
[2026-07-24T09:31:13.503Z] {"timestamp":1784885472860,"kind":"scroll","url":"http://localhost:3000/#team","viewport":{"width":1182,"height":682},"payload":{"scrollX":0,"scrollY":7666.39990234375,"documentHeight":11350,"viewportHeight":682}}
[2026-07-24T09:31:19.500Z] {"timestamp":1784885478893,"kind":"scroll","url":"http://localhost:3000/#team","viewport":{"width":1182,"height":682},"payload":{"scrollX":0,"scrollY":7720,"documentHeight":11404,"viewportHeight":682}}
[2026-07-24T09:31:21.499Z] {"timestamp":1784885480812,"kind":"scroll","url":"http://localhost:3000/#team","viewport":{"width":1182,"height":682},"payload":{"scrollX":0,"scrollY":7666.39990234375,"documentHeight":11350,"viewportHeight":682}}
[2026-07-24T09:31:23.510Z] {"timestamp":1784885482927,"kind":"scroll","url":"http://localhost:3000/#team","viewport":{"width":1182,"height":682},"payload":{"scrollX":0,"scrollY":7720,"documentHeight":11404,"viewportHeight":682}}
[2026-07-24T09:31:25.496Z] {"timestamp":1784885484761,"kind":"scroll","url":"http://localhost:3000/#team","viewport":{"width":1182,"height":682},"payload":{"scrollX":0,"scrollY":7666.39990234375,"documentHeight":11350,"viewportHeight":682}}
[2026-07-24T09:31:27.492Z] {"timestamp":1784885486962,"kind":"scroll","url":"http://localhost:3000/#team","viewport":{"width":1182,"height":682},"payload":{"scrollX":0,"scrollY":7720,"documentHeight":11404,"viewportHeight":682}}
[2026-07-24T09:31:29.487Z] {"timestamp":1784885488860,"kind":"scroll","url":"http://localhost:3000/#team","viewport":{"width":1182,"height":682},"payload":{"scrollX":0,"scrollY":7666.39990234375,"documentHeight":11350,"viewportHeight":682}}
[2026-07-24T09:31:35.489Z] {"timestamp":1784885494778,"kind":"scroll","url":"http://localhost:3000/#team","viewport":{"width":1182,"height":682},"payload":{"scrollX":0,"scrollY":7720,"documentHeight":11404,"viewportHeight":682}}
[2026-07-24T09:31:37.502Z] {"timestamp":1784885496694,"kind":"scroll","url":"http://localhost:3000/#team","viewport":{"width":1182,"height":682},"payload":{"scrollX":0,"scrollY":7666.39990234375,"documentHeight":11350,"viewportHeight":682}}
[2026-07-24T09:31:39.503Z] {"timestamp":1784885498780,"kind":"scroll","url":"http://localhost:3000/#team","viewport":{"width":1182,"height":682},"payload":{"scrollX":0,"scrollY":7720,"documentHeight":11404,"viewportHeight":682}}
[2026-07-24T09:31:41.502Z] {"timestamp":1784885500613,"kind":"scroll","url":"http://localhost:3000/#team","viewport":{"width":1182,"height":682},"payload":{"scrollX":0,"scrollY":7666.39990234375,"documentHeight":11350,"viewportHeight":682}}
[2026-07-24T09:31:43.490Z] {"timestamp":1784885502829,"kind":"scroll","url":"http://localhost:3000/#team","viewport":{"width":1182,"height":682},"payload":{"scrollX":0,"scrollY":7720,"documentHeight":11404,"viewportHeight":682}}
[2026-07-24T09:31:45.498Z] {"timestamp":1784885504746,"kind":"scroll","url":"http://localhost:3000/#team","viewport":{"width":1182,"height":682},"payload":{"scrollX":0,"scrollY":7666.39990234375,"documentHeight":11350,"viewportHeight":682}}
[2026-07-24T09:31:51.503Z] {"timestamp":1784885510797,"kind":"scroll","url":"http://localhost:3000/#team","viewport":{"width":1182,"height":682},"payload":{"scrollX":0,"scrollY":7720,"documentHeight":11404,"viewportHeight":682}}
[2026-07-24T09:31:53.501Z] {"timestamp":1784885512730,"kind":"scroll","url":"http://localhost:3000/#team","viewport":{"width":1182,"height":682},"payload":{"scrollX":0,"scrollY":7666.39990234375,"documentHeight":11350,"viewportHeight":682}}
[2026-07-24T09:31:55.488Z] {"timestamp":1784885514829,"kind":"scroll","url":"http://localhost:3000/#team","viewport":{"width":1182,"height":682},"payload":{"scrollX":0,"scrollY":7720,"documentHeight":11404,"viewportHeight":682}}
[2026-07-24T09:31:57.489Z] {"timestamp":1784885516664,"kind":"scroll","url":"http://localhost:3000/#team","viewport":{"width":1182,"height":682},"payload":{"scrollX":0,"scrollY":7666.39990234375,"documentHeight":11350,"viewportHeight":682}}
[2026-07-24T09:31:59.496Z] {"timestamp":1784885518864,"kind":"scroll","url":"http://localhost:3000/#team","viewport":{"width":1182,"height":682},"payload":{"scrollX":0,"scrollY":7720,"documentHeight":11404,"viewportHeight":682}}
[2026-07-24T09:32:01.487Z] {"timestamp":1784885520780,"kind":"scroll","url":"http://localhost:3000/#team","viewport":{"width":1182,"height":682},"payload":{"scrollX":0,"scrollY":7666.39990234375,"documentHeight":11350,"viewportHeight":682}}
[2026-07-24T09:32:07.487Z] {"timestamp":1784885526797,"kind":"scroll","url":"http://localhost:3000/#team","viewport":{"width":1182,"height":682},"payload":{"scrollX":0,"scrollY":7720,"documentHeight":11404,"viewportHeight":682}}
[2026-07-24T09:32:09.496Z] {"timestamp":1784885528732,"kind":"scroll","url":"http://localhost:3000/#team","viewport":{"width":1182,"height":682},"payload":{"scrollX":0,"scrollY":7666.39990234375,"documentHeight":11350,"viewportHeight":682}}
[2026-07-24T09:32:11.490Z] {"timestamp":1784885530847,"kind":"scroll","url":"http://localhost:3000/#team","viewport":{"width":1182,"height":682},"payload":{"scrollX":0,"scrollY":7720,"documentHeight":11404,"viewportHeight":682}}
[2026-07-24T09:32:13.487Z] {"timestamp":1784885532697,"kind":"scroll","url":"http://localhost:3000/#team","viewport":{"width":1182,"height":682},"payload":{"scrollX":0,"scrollY":7666.39990234375,"documentHeight":11350,"viewportHeight":682}}
[2026-07-24T09:32:15.487Z] {"timestamp":1784885534898,"kind":"scroll","url":"http://localhost:3000/#team","viewport":{"width":1182,"height":682},"payload":{"scrollX":0,"scrollY":7720,"documentHeight":11404,"viewportHeight":682}}
[2026-07-24T09:32:17.487Z] {"timestamp":1784885536830,"kind":"scroll","url":"http://localhost:3000/#team","viewport":{"width":1182,"height":682},"payload":{"scrollX":0,"scrollY":7666.39990234375,"documentHeight":11350,"viewportHeight":682}}
[2026-07-24T09:32:23.487Z] {"timestamp":1784885542865,"kind":"scroll","url":"http://localhost:3000/#team","viewport":{"width":1182,"height":682},"payload":{"scrollX":0,"scrollY":7720,"documentHeight":11404,"viewportHeight":682}}
[2026-07-24T09:32:25.505Z] {"timestamp":1784885544781,"kind":"scroll","url":"http://localhost:3000/#team","viewport":{"width":1182,"height":682},"payload":{"scrollX":0,"scrollY":7666.39990234375,"documentHeight":11350,"viewportHeight":682}}
[2026-07-24T09:32:27.489Z] {"timestamp":1784885546865,"kind":"scroll","url":"http://localhost:3000/#team","viewport":{"width":1182,"height":682},"payload":{"scrollX":0,"scrollY":7720,"documentHeight":11404,"viewportHeight":682}}
[2026-07-24T09:32:29.489Z] {"timestamp":1784885548697,"kind":"scroll","url":"http://localhost:3000/#team","viewport":{"width":1182,"height":682},"payload":{"scrollX":0,"scrollY":7666.39990234375,"documentHeight":11350,"viewportHeight":682}}
[2026-07-24T09:32:31.490Z] {"timestamp":1784885550848,"kind":"scroll","url":"http://localhost:3000/#team","viewport":{"width":1182,"height":682},"payload":{"scrollX":0,"scrollY":7720,"documentHeight":11404,"viewportHeight":682}}
[2026-07-24T09:32:33.493Z] {"timestamp":1784885552767,"kind":"scroll","url":"http://localhost:3000/#team","viewport":{"width":1182,"height":682},"payload":{"scrollX":0,"scrollY":7666.39990234375,"documentHeight":11350,"viewportHeight":682}}
[2026-07-24T09:32:39.488Z] {"timestamp":1784885558850,"kind":"scroll","url":"http://localhost:3000/#team","viewport":{"width":1182,"height":682},"payload":{"scrollX":0,"scrollY":7720,"documentHeight":11404,"viewportHeight":682}}
[2026-07-24T09:32:41.505Z] {"timestamp":1784885560782,"kind":"scroll","url":"http://localhost:3000/#team","viewport":{"width":1182,"height":682},"payload":{"scrollX":0,"scrollY":7666.39990234375,"documentHeight":11350,"viewportHeight":682}}
[2026-07-24T09:32:43.502Z] {"timestamp":1784885562914,"kind":"scroll","url":"http://localhost:3000/#team","viewport":{"width":1182,"height":682},"payload":{"scrollX":0,"scrollY":7720,"documentHeight":11404,"viewportHeight":682}}
[2026-07-24T09:32:45.495Z] {"timestamp":1784885564732,"kind":"scroll","url":"http://localhost:3000/#team","viewport":{"width":1182,"height":682},"payload":{"scrollX":0,"scrollY":7666.39990234375,"documentHeight":11350,"viewportHeight":682}}
[2026-07-24T09:32:47.498Z] {"timestamp":1784885566914,"kind":"scroll","url":"http://localhost:3000/#team","viewport":{"width":1182,"height":682},"payload":{"scrollX":0,"scrollY":7720,"documentHeight":11404,"viewportHeight":682}}
[2026-07-24T09:32:49.503Z] {"timestamp":1784885568822,"kind":"scroll","url":"http://localhost:3000/#team","viewport":{"width":1182,"height":682},"payload":{"scrollX":0,"scrollY":7666.39990234375,"documentHeight":11350,"viewportHeight":682}}
[2026-07-24T09:32:55.490Z] {"timestamp":1784885574916,"kind":"scroll","url":"http://localhost:3000/#team","viewport":{"width":1182,"height":682},"payload":{"scrollX":0,"scrollY":7720,"documentHeight":11404,"viewportHeight":682}}
[2026-07-24T09:33:04.919Z] {"timestamp":1784885578982,"kind":"scroll","url":"http://localhost:3000/#team","viewport":{"width":1182,"height":682},"payload":{"scrollX":0,"scrollY":7720,"documentHeight":11404,"viewportHeight":682}}
[2026-07-24T09:33:04.921Z] {"timestamp":1784885576835,"kind":"scroll","url":"http://localhost:3000/#team","viewport":{"width":1182,"height":682},"payload":{"scrollX":0,"scrollY":7666.39990234375,"documentHeight":11350,"viewportHeight":682}}
[2026-07-24T09:33:04.924Z] {"timestamp":1784885580815,"kind":"scroll","url":"http://localhost:3000/#team","viewport":{"width":1182,"height":682},"payload":{"scrollX":0,"scrollY":7666.39990234375,"documentHeight":11350,"viewportHeight":682}}
[2026-07-24T09:33:04.926Z] {"timestamp":1784885583001,"kind":"scroll","url":"http://localhost:3000/#team","viewport":{"width":1182,"height":682},"payload":{"scrollX":0,"scrollY":7720,"documentHeight":11404,"viewportHeight":682}}
[2026-07-24T09:33:05.486Z] {"timestamp":1784885584916,"kind":"scroll","url":"http://localhost:3000/#team","viewport":{"width":1182,"height":682},"payload":{"scrollX":0,"scrollY":7666.39990234375,"documentHeight":11350,"viewportHeight":682}}
[2026-07-24T09:33:14.140Z] {"timestamp":1784885590966,"kind":"scroll","url":"http://localhost:3000/#team","viewport":{"width":1182,"height":682},"payload":{"scrollX":0,"scrollY":7720,"documentHeight":11404,"viewportHeight":682}}
[2026-07-24T09:33:14.142Z] {"timestamp":1784885592883,"kind":"scroll","url":"http://localhost:3000/#team","viewport":{"width":1182,"height":682},"payload":{"scrollX":0,"scrollY":7666.39990234375,"documentHeight":11350,"viewportHeight":682}}
[2026-07-24T09:33:16.368Z] {"timestamp":1784885594933,"kind":"scroll","url":"http://localhost:3000/#team","viewport":{"width":1182,"height":682},"payload":{"scrollX":0,"scrollY":7720,"documentHeight":11404,"viewportHeight":682}}
[2026-07-24T09:33:17.489Z] {"timestamp":1784885596753,"kind":"scroll","url":"http://localhost:3000/#team","viewport":{"width":1182,"height":682},"payload":{"scrollX":0,"scrollY":7666.39990234375,"documentHeight":11350,"viewportHeight":682}}
[2026-07-24T09:33:19.486Z] {"timestamp":1784885598833,"kind":"scroll","url":"http://localhost:3000/#team","viewport":{"width":1182,"height":682},"payload":{"scrollX":0,"scrollY":7720,"documentHeight":11404,"viewportHeight":682}}
[2026-07-24T09:33:21.488Z] {"timestamp":1784885600734,"kind":"scroll","url":"http://localhost:3000/#team","viewport":{"width":1182,"height":682},"payload":{"scrollX":0,"scrollY":7666.39990234375,"documentHeight":11350,"viewportHeight":682}}
[2026-07-24T09:33:27.490Z] {"timestamp":1784885606652,"kind":"scroll","url":"http://localhost:3000/#team","viewport":{"width":1182,"height":682},"payload":{"scrollX":0,"scrollY":7720,"documentHeight":11404,"viewportHeight":682}}
[2026-07-24T09:33:29.490Z] {"timestamp":1784885608569,"kind":"scroll","url":"http://localhost:3000/#team","viewport":{"width":1182,"height":682},"payload":{"scrollX":0,"scrollY":7666.39990234375,"documentHeight":11350,"viewportHeight":682}}
[2026-07-24T09:33:31.490Z] {"timestamp":1784885610669,"kind":"scroll","url":"http://localhost:3000/#team","viewport":{"width":1182,"height":682},"payload":{"scrollX":0,"scrollY":7720,"documentHeight":11404,"viewportHeight":682}}
[2026-07-24T09:33:33.491Z] {"timestamp":1784885612503,"kind":"scroll","url":"http://localhost:3000/#team","viewport":{"width":1182,"height":682},"payload":{"scrollX":0,"scrollY":7666.39990234375,"documentHeight":11350,"viewportHeight":682}}
[2026-07-24T09:33:35.488Z] {"timestamp":1784885614735,"kind":"scroll","url":"http://localhost:3000/#team","viewport":{"width":1182,"height":682},"payload":{"scrollX":0,"scrollY":7720,"documentHeight":11404,"viewportHeight":682}}
[2026-07-24T09:33:37.489Z] {"timestamp":1784885616635,"kind":"scroll","url":"http://localhost:3000/#team","viewport":{"width":1182,"height":682},"payload":{"scrollX":0,"scrollY":7666.39990234375,"documentHeight":11350,"viewportHeight":682}}
[2026-07-24T09:33:43.491Z] {"timestamp":1784885622651,"kind":"scroll","url":"http://localhost:3000/#team","viewport":{"width":1182,"height":682},"payload":{"scrollX":0,"scrollY":7720,"documentHeight":11404,"viewportHeight":682}}
[2026-07-24T09:33:45.491Z] {"timestamp":1784885624551,"kind":"scroll","url":"http://localhost:3000/#team","viewport":{"width":1182,"height":682},"payload":{"scrollX":0,"scrollY":7666.39990234375,"documentHeight":11350,"viewportHeight":682}}
[2026-07-24T09:33:47.489Z] {"timestamp":1784885626552,"kind":"scroll","url":"http://localhost:3000/#team","viewport":{"width":1182,"height":682},"payload":{"scrollX":0,"scrollY":7720,"documentHeight":11404,"viewportHeight":682}}
[2026-07-24T09:33:49.490Z] {"timestamp":1784885628385,"kind":"scroll","url":"http://localhost:3000/#team","viewport":{"width":1182,"height":682},"payload":{"scrollX":0,"scrollY":7666.39990234375,"documentHeight":11350,"viewportHeight":682}}
[2026-07-24T09:33:51.493Z] {"timestamp":1784885630603,"kind":"scroll","url":"http://localhost:3000/#team","viewport":{"width":1182,"height":682},"payload":{"scrollX":0,"scrollY":7720,"documentHeight":11404,"viewportHeight":682}}
[2026-07-24T09:33:53.490Z] {"timestamp":1784885632536,"kind":"scroll","url":"http://localhost:3000/#team","viewport":{"width":1182,"height":682},"payload":{"scrollX":0,"scrollY":7666.39990234375,"documentHeight":11350,"viewportHeight":682}}
[2026-07-24T09:33:59.487Z] {"timestamp":1784885638536,"kind":"scroll","url":"http://localhost:3000/#team","viewport":{"width":1182,"height":682},"payload":{"scrollX":0,"scrollY":7720,"documentHeight":11404,"viewportHeight":682}}
[2026-07-24T09:34:01.486Z] {"timestamp":1784885640453,"kind":"scroll","url":"http://localhost:3000/#team","viewport":{"width":1182,"height":682},"payload":{"scrollX":0,"scrollY":7666.39990234375,"documentHeight":11350,"viewportHeight":682}}
[2026-07-24T09:34:03.491Z] {"timestamp":1784885642536,"kind":"scroll","url":"http://localhost:3000/#team","viewport":{"width":1182,"height":682},"payload":{"scrollX":0,"scrollY":7720,"documentHeight":11404,"viewportHeight":682}}
[2026-07-24T09:34:05.492Z] {"timestamp":1784885644369,"kind":"scroll","url":"http://localhost:3000/#team","viewport":{"width":1182,"height":682},"payload":{"scrollX":0,"scrollY":7666.39990234375,"documentHeight":11350,"viewportHeight":682}}
[2026-07-24T09:34:07.491Z] {"timestamp":1784885646581,"kind":"scroll","url":"http://localhost:3000/#team","viewport":{"width":1182,"height":682},"payload":{"scrollX":0,"scrollY":7720,"documentHeight":11404,"viewportHeight":682}}
[2026-07-24T09:34:09.492Z] {"timestamp":1784885648487,"kind":"scroll","url":"http://localhost:3000/#team","viewport":{"width":1182,"height":682},"payload":{"scrollX":0,"scrollY":7666.39990234375,"documentHeight":11350,"viewportHeight":682}}
[2026-07-24T09:34:15.492Z] {"timestamp":1784885654521,"kind":"scroll","url":"http://localhost:3000/#team","viewport":{"width":1182,"height":682},"payload":{"scrollX":0,"scrollY":7720,"documentHeight":11404,"viewportHeight":682}}
[2026-07-24T09:34:17.494Z] {"timestamp":1784885656436,"kind":"scroll","url":"http://localhost:3000/#team","viewport":{"width":1182,"height":682},"payload":{"scrollX":0,"scrollY":7666.39990234375,"documentHeight":11350,"viewportHeight":682}}
[2026-07-24T09:34:19.495Z] {"timestamp":1784885658555,"kind":"scroll","url":"http://localhost:3000/#team","viewport":{"width":1182,"height":682},"payload":{"scrollX":0,"scrollY":7720,"documentHeight":11404,"viewportHeight":682}}
[2026-07-24T09:34:21.509Z] {"timestamp":1784885661079,"kind":"scroll","url":"http://localhost:3000/#team","viewport":{"width":1182,"height":682},"payload":{"scrollX":0,"scrollY":7666.39990234375,"documentHeight":12362,"viewportHeight":682}}
[2026-07-24T09:34:23.494Z] {"timestamp":1784885663321,"kind":"scroll","url":"http://localhost:3000/#team","viewport":{"width":1182,"height":682},"payload":{"scrollX":0,"scrollY":7720,"documentHeight":12417,"viewportHeight":682}}
[2026-07-24T09:34:25.501Z] {"timestamp":1784885665220,"kind":"scroll","url":"http://localhost:3000/#team","viewport":{"width":1182,"height":682},"payload":{"scrollX":0,"scrollY":7666.39990234375,"documentHeight":12362,"viewportHeight":682}}
[2026-07-24T09:34:31.492Z] {"timestamp":1784885671004,"kind":"scroll","url":"http://localhost:3000/#team","viewport":{"width":1182,"height":682},"payload":{"scrollX":0,"scrollY":7720,"documentHeight":12417,"viewportHeight":682}}
[2026-07-24T09:34:33.498Z] {"timestamp":1784885672941,"kind":"scroll","url":"http://localhost:3000/#team","viewport":{"width":1182,"height":682},"payload":{"scrollX":0,"scrollY":7666.39990234375,"documentHeight":12362,"viewportHeight":682}}
[2026-07-24T09:34:35.494Z] {"timestamp":1784885675022,"kind":"scroll","url":"http://localhost:3000/#team","viewport":{"width":1182,"height":682},"payload":{"scrollX":0,"scrollY":7720,"documentHeight":12417,"viewportHeight":682}}
[2026-07-24T09:34:37.488Z] {"timestamp":1784885676856,"kind":"scroll","url":"http://localhost:3000/#team","viewport":{"width":1182,"height":682},"payload":{"scrollX":0,"scrollY":7666.39990234375,"documentHeight":12362,"viewportHeight":682}}
[2026-07-24T09:34:39.489Z] {"timestamp":1784885679057,"kind":"scroll","url":"http://localhost:3000/#team","viewport":{"width":1182,"height":682},"payload":{"scrollX":0,"scrollY":7720,"documentHeight":12417,"viewportHeight":682}}
[2026-07-24T09:34:41.500Z] {"timestamp":1784885680973,"kind":"scroll","url":"http://localhost:3000/#team","viewport":{"width":1182,"height":682},"payload":{"scrollX":0,"scrollY":7666.39990234375,"documentHeight":12362,"viewportHeight":682}}
[2026-07-24T09:34:47.490Z] {"timestamp":1784885687006,"kind":"scroll","url":"http://localhost:3000/#team","viewport":{"width":1182,"height":682},"payload":{"scrollX":0,"scrollY":7720,"documentHeight":12417,"viewportHeight":682}}
[2026-07-24T09:34:49.494Z] {"timestamp":1784885688923,"kind":"scroll","url":"http://localhost:3000/#team","viewport":{"width":1182,"height":682},"payload":{"scrollX":0,"scrollY":7666.39990234375,"documentHeight":12362,"viewportHeight":682}}
[2026-07-24T09:34:51.488Z] {"timestamp":1784885691040,"kind":"scroll","url":"http://localhost:3000/#team","viewport":{"width":1182,"height":682},"payload":{"scrollX":0,"scrollY":7720,"documentHeight":12417,"viewportHeight":682}}
[2026-07-24T09:34:53.496Z] {"timestamp":1784885692872,"kind":"scroll","url":"http://localhost:3000/#team","viewport":{"width":1182,"height":682},"payload":{"scrollX":0,"scrollY":7666.39990234375,"documentHeight":12362,"viewportHeight":682}}
[2026-07-24T09:34:55.496Z] {"timestamp":1784885695089,"kind":"scroll","url":"http://localhost:3000/#team","viewport":{"width":1182,"height":682},"payload":{"scrollX":0,"scrollY":7720,"documentHeight":12417,"viewportHeight":682}}
[2026-07-24T09:34:57.488Z] {"timestamp":1784885697007,"kind":"scroll","url":"http://localhost:3000/#team","viewport":{"width":1182,"height":682},"payload":{"scrollX":0,"scrollY":7666.39990234375,"documentHeight":12362,"viewportHeight":682}}
[2026-07-24T09:35:03.497Z] {"timestamp":1784885703135,"kind":"scroll","url":"http://localhost:3000/#team","viewport":{"width":1182,"height":682},"payload":{"scrollX":0,"scrollY":7720,"documentHeight":12417,"viewportHeight":682}}
[2026-07-24T09:35:05.497Z] {"timestamp":1784885705144,"kind":"scroll","url":"http://localhost:3000/#team","viewport":{"width":1182,"height":682},"payload":{"scrollX":0,"scrollY":7666.39990234375,"documentHeight":12362,"viewportHeight":682}}
[2026-07-24T09:35:07.492Z] {"timestamp":1784885707206,"kind":"scroll","url":"http://localhost:3000/#team","viewport":{"width":1182,"height":682},"payload":{"scrollX":0,"scrollY":7720,"documentHeight":12417,"viewportHeight":682}}
[2026-07-24T09:35:09.494Z] {"timestamp":1784885709024,"kind":"scroll","url":"http://localhost:3000/#team","viewport":{"width":1182,"height":682},"payload":{"scrollX":0,"scrollY":7666.39990234375,"documentHeight":12362,"viewportHeight":682}}
[2026-07-24T09:35:11.487Z] {"timestamp":1784885709524,"kind":"scroll","url":"http://localhost:3000/#team","viewport":{"width":1182,"height":682},"payload":{"scrollX":0,"scrollY":7908,"documentHeight":12362,"viewportHeight":682}}
[2026-07-24T09:35:11.487Z] {"timestamp":1784885711140,"kind":"scroll","url":"http://localhost:3000/#team","viewport":{"width":1182,"height":682},"payload":{"scrollX":0,"scrollY":8093.60009765625,"documentHeight":12417,"viewportHeight":682}}
[2026-07-24T09:35:13.497Z] {"timestamp":1784885711642,"kind":"scroll","url":"http://localhost:3000/#team","viewport":{"width":1182,"height":682},"payload":{"scrollX":0,"scrollY":8484.7998046875,"documentHeight":12417,"viewportHeight":682}}
[2026-07-24T09:35:21.491Z] {"timestamp":1784885720075,"kind":"scroll","url":"http://localhost:3000/#team","viewport":{"width":1182,"height":682},"payload":{"scrollX":0,"scrollY":8452.7998046875,"documentHeight":12417,"viewportHeight":682}}
[2026-07-24T09:35:21.491Z] {"timestamp":1784885720576,"kind":"scroll","url":"http://localhost:3000/#team","viewport":{"width":1182,"height":682},"payload":{"scrollX":0,"scrollY":8164.7998046875,"documentHeight":12417,"viewportHeight":682}}
[2026-07-24T09:35:21.491Z] {"timestamp":1784885721142,"kind":"scroll","url":"http://localhost:3000/#team","viewport":{"width":1182,"height":682},"payload":{"scrollX":0,"scrollY":8093.60009765625,"documentHeight":12362,"viewportHeight":682}}
[2026-07-24T09:35:23.493Z] {"timestamp":1784885722413,"kind":"click","url":"http://localhost:3000/#team","viewport":{"width":1182,"height":682},"payload":{"target":{"tag":"div","id":null,"name":null,"type":null,"role":null,"ariaLabel":null,"testId":null,"dataLoc":"client\\src\\components\\TeamSection.tsx:35","href":null,"text":"Ayush Singh Core Team Member Active contributor in the GFG Student Chapter commu…","selectorHint":"[data-loc=\"client\\src\\components\\TeamSection.tsx:35\"]"},"x":474,"y":301}}
[2026-07-24T09:35:23.493Z] {"timestamp":1784885722745,"kind":"scroll","url":"http://localhost:3000/#team","viewport":{"width":1182,"height":682},"payload":{"scrollX":0,"scrollY":8070.39990234375,"documentHeight":12417,"viewportHeight":682}}
[2026-07-24T09:35:25.488Z] {"timestamp":1784885724574,"kind":"scroll","url":"http://localhost:3000/#team","viewport":{"width":1182,"height":682},"payload":{"scrollX":0,"scrollY":8016,"documentHeight":12362,"viewportHeight":682}}
[2026-07-24T09:35:27.487Z] {"timestamp":1784885726657,"kind":"scroll","url":"http://localhost:3000/#team","viewport":{"width":1182,"height":682},"payload":{"scrollX":0,"scrollY":8070.39990234375,"documentHeight":12417,"viewportHeight":682}}
[2026-07-24T09:35:29.487Z] {"timestamp":1784885728557,"kind":"scroll","url":"http://localhost:3000/#team","viewport":{"width":1182,"height":682},"payload":{"scrollX":0,"scrollY":8016,"documentHeight":12362,"viewportHeight":682}}
[2026-07-24T09:35:35.488Z] {"timestamp":1784885734259,"kind":"scroll","url":"http://localhost:3000/#team","viewport":{"width":1182,"height":682},"payload":{"scrollX":0,"scrollY":8070.39990234375,"documentHeight":12417,"viewportHeight":682}}
[2026-07-24T09:35:37.488Z] {"timestamp":1784885736159,"kind":"scroll","url":"http://localhost:3000/#team","viewport":{"width":1182,"height":682},"payload":{"scrollX":0,"scrollY":8016,"documentHeight":12362,"viewportHeight":682}}
[2026-07-24T09:35:39.487Z] {"timestamp":1784885738159,"kind":"scroll","url":"http://localhost:3000/#team","viewport":{"width":1182,"height":682},"payload":{"scrollX":0,"scrollY":8070.39990234375,"documentHeight":12417,"viewportHeight":682}}
[2026-07-24T09:35:41.488Z] {"timestamp":1784885739993,"kind":"scroll","url":"http://localhost:3000/#team","viewport":{"width":1182,"height":682},"payload":{"scrollX":0,"scrollY":8016,"documentHeight":12362,"viewportHeight":682}}
[2026-07-24T09:35:43.488Z] {"timestamp":1784885742059,"kind":"scroll","url":"http://localhost:3000/#team","viewport":{"width":1182,"height":682},"payload":{"scrollX":0,"scrollY":8070.39990234375,"documentHeight":12417,"viewportHeight":682}}
[2026-07-24T09:35:45.487Z] {"timestamp":1784885743959,"kind":"scroll","url":"http://localhost:3000/#team","viewport":{"width":1182,"height":682},"payload":{"scrollX":0,"scrollY":8016,"documentHeight":12362,"viewportHeight":682}}
[2026-07-24T09:35:51.488Z] {"timestamp":1784885749724,"kind":"scroll","url":"http://localhost:3000/#team","viewport":{"width":1182,"height":682},"payload":{"scrollX":0,"scrollY":8070.39990234375,"documentHeight":12417,"viewportHeight":682}}
[2026-07-24T09:35:53.496Z] {"timestamp":1784885751625,"kind":"scroll","url":"http://localhost:3000/#team","viewport":{"width":1182,"height":682},"payload":{"scrollX":0,"scrollY":8016,"documentHeight":12362,"viewportHeight":682}}
[2026-07-24T09:35:55.501Z] {"timestamp":1784885753559,"kind":"scroll","url":"http://localhost:3000/#team","viewport":{"width":1182,"height":682},"payload":{"scrollX":0,"scrollY":8070.39990234375,"documentHeight":12417,"viewportHeight":682}}
[2026-07-24T09:35:55.501Z] {"timestamp":1784885755410,"kind":"scroll","url":"http://localhost:3000/#team","viewport":{"width":1182,"height":682},"payload":{"scrollX":0,"scrollY":8016,"documentHeight":12362,"viewportHeight":682}}
[2026-07-24T09:35:59.505Z] {"timestamp":1784885757594,"kind":"scroll","url":"http://localhost:3000/#team","viewport":{"width":1182,"height":682},"payload":{"scrollX":0,"scrollY":8070.39990234375,"documentHeight":12417,"viewportHeight":682}}
[2026-07-24T09:36:01.489Z] {"timestamp":1784885759510,"kind":"scroll","url":"http://localhost:3000/#team","viewport":{"width":1182,"height":682},"payload":{"scrollX":0,"scrollY":8016,"documentHeight":12362,"viewportHeight":682}}
[2026-07-24T09:36:07.491Z] {"timestamp":1784885765562,"kind":"scroll","url":"http://localhost:3000/#team","viewport":{"width":1182,"height":682},"payload":{"scrollX":0,"scrollY":8070.39990234375,"documentHeight":12417,"viewportHeight":682}}
[2026-07-24T09:36:07.491Z] {"timestamp":1784885767481,"kind":"scroll","url":"http://localhost:3000/#team","viewport":{"width":1182,"height":682},"payload":{"scrollX":0,"scrollY":8016,"documentHeight":12362,"viewportHeight":682}}
[2026-07-24T09:36:11.487Z] {"timestamp":1784885769648,"kind":"scroll","url":"http://localhost:3000/#team","viewport":{"width":1182,"height":682},"payload":{"scrollX":0,"scrollY":8070.39990234375,"documentHeight":12417,"viewportHeight":682}}
[2026-07-24T09:36:11.487Z] {"timestamp":1784885771478,"kind":"scroll","url":"http://localhost:3000/#team","viewport":{"width":1182,"height":682},"payload":{"scrollX":0,"scrollY":8016,"documentHeight":12362,"viewportHeight":682}}
[2026-07-24T09:36:15.494Z] {"timestamp":1784885773710,"kind":"scroll","url":"http://localhost:3000/#team","viewport":{"width":1182,"height":682},"payload":{"scrollX":0,"scrollY":8070.39990234375,"documentHeight":12417,"viewportHeight":682}}
[2026-07-24T09:36:17.493Z] {"timestamp":1784885775626,"kind":"scroll","url":"http://localhost:3000/#team","viewport":{"width":1182,"height":682},"payload":{"scrollX":0,"scrollY":8016,"documentHeight":12362,"viewportHeight":682}}
[2026-07-24T09:36:23.494Z] {"timestamp":1784885781544,"kind":"scroll","url":"http://localhost:3000/#team","viewport":{"width":1182,"height":682},"payload":{"scrollX":0,"scrollY":8070.39990234375,"documentHeight":12417,"viewportHeight":682}}
[2026-07-24T09:36:23.494Z] {"timestamp":1784885783461,"kind":"scroll","url":"http://localhost:3000/#team","viewport":{"width":1182,"height":682},"payload":{"scrollX":0,"scrollY":8016,"documentHeight":12362,"viewportHeight":682}}
[2026-07-24T09:36:25.499Z] {"timestamp":1784885785443,"kind":"scroll","url":"http://localhost:3000/#team","viewport":{"width":1182,"height":682},"payload":{"scrollX":0,"scrollY":8070.39990234375,"documentHeight":12417,"viewportHeight":682}}
[2026-07-24T09:36:27.498Z] {"timestamp":1784885787277,"kind":"scroll","url":"http://localhost:3000/#team","viewport":{"width":1182,"height":682},"payload":{"scrollX":0,"scrollY":8016,"documentHeight":12362,"viewportHeight":682}}
[2026-07-24T09:36:29.486Z] {"timestamp":1784885789445,"kind":"scroll","url":"http://localhost:3000/#team","viewport":{"width":1182,"height":682},"payload":{"scrollX":0,"scrollY":8070.39990234375,"documentHeight":12417,"viewportHeight":682}}
[2026-07-24T09:36:31.502Z] {"timestamp":1784885791360,"kind":"scroll","url":"http://localhost:3000/#team","viewport":{"width":1182,"height":682},"payload":{"scrollX":0,"scrollY":8016,"documentHeight":12362,"viewportHeight":682}}
[2026-07-24T09:36:37.486Z] {"timestamp":1784885797279,"kind":"scroll","url":"http://localhost:3000/#team","viewport":{"width":1182,"height":682},"payload":{"scrollX":0,"scrollY":8070.39990234375,"documentHeight":12417,"viewportHeight":682}}
[2026-07-24T09:36:39.500Z] {"timestamp":1784885799196,"kind":"scroll","url":"http://localhost:3000/#team","viewport":{"width":1182,"height":682},"payload":{"scrollX":0,"scrollY":8016,"documentHeight":12362,"viewportHeight":682}}
[2026-07-24T09:36:41.500Z] {"timestamp":1784885801328,"kind":"scroll","url":"http://localhost:3000/#team","viewport":{"width":1182,"height":682},"payload":{"scrollX":0,"scrollY":8070.39990234375,"documentHeight":12417,"viewportHeight":682}}
[2026-07-24T09:36:43.500Z] {"timestamp":1784885803162,"kind":"scroll","url":"http://localhost:3000/#team","viewport":{"width":1182,"height":682},"payload":{"scrollX":0,"scrollY":8016,"documentHeight":12362,"viewportHeight":682}}
[2026-07-24T09:36:45.499Z] {"timestamp":1784885805379,"kind":"scroll","url":"http://localhost:3000/#team","viewport":{"width":1182,"height":682},"payload":{"scrollX":0,"scrollY":8070.39990234375,"documentHeight":12417,"viewportHeight":682}}
[2026-07-24T09:36:47.500Z] {"timestamp":1784885807297,"kind":"scroll","url":"http://localhost:3000/#team","viewport":{"width":1182,"height":682},"payload":{"scrollX":0,"scrollY":8016,"documentHeight":12362,"viewportHeight":682}}
[2026-07-24T09:36:53.488Z] {"timestamp":1784885813346,"kind":"scroll","url":"http://localhost:3000/#team","viewport":{"width":1182,"height":682},"payload":{"scrollX":0,"scrollY":8070.39990234375,"documentHeight":12417,"viewportHeight":682}}
[2026-07-24T09:36:55.486Z] {"timestamp":1784885815263,"kind":"scroll","url":"http://localhost:3000/#team","viewport":{"width":1182,"height":682},"payload":{"scrollX":0,"scrollY":8016,"documentHeight":12362,"viewportHeight":682}}
[2026-07-24T09:36:57.487Z] {"timestamp":1784885817395,"kind":"scroll","url":"http://localhost:3000/#team","viewport":{"width":1182,"height":682},"payload":{"scrollX":0,"scrollY":8070.39990234375,"documentHeight":12417,"viewportHeight":682}}
[2026-07-24T09:36:59.493Z] {"timestamp":1784885819231,"kind":"scroll","url":"http://localhost:3000/#team","viewport":{"width":1182,"height":682},"payload":{"scrollX":0,"scrollY":8016,"documentHeight":12362,"viewportHeight":682}}
[2026-07-24T09:37:01.493Z] {"timestamp":1784885821430,"kind":"scroll","url":"http://localhost:3000/#team","viewport":{"width":1182,"height":682},"payload":{"scrollX":0,"scrollY":8070.39990234375,"documentHeight":12417,"viewportHeight":682}}
[2026-07-24T09:37:03.495Z] {"timestamp":1784885823347,"kind":"scroll","url":"http://localhost:3000/#team","viewport":{"width":1182,"height":682},"payload":{"scrollX":0,"scrollY":8016,"documentHeight":12362,"viewportHeight":682}}
[2026-07-24T09:37:09.486Z] {"timestamp":1784885829397,"kind":"scroll","url":"http://localhost:3000/#team","viewport":{"width":1182,"height":682},"payload":{"scrollX":0,"scrollY":8070.39990234375,"documentHeight":12417,"viewportHeight":682}}
[2026-07-24T09:37:11.487Z] {"timestamp":1784885831314,"kind":"scroll","url":"http://localhost:3000/#team","viewport":{"width":1182,"height":682},"payload":{"scrollX":0,"scrollY":8016,"documentHeight":12362,"viewportHeight":682}}
[2026-07-24T09:37:13.487Z] {"timestamp":1784885833432,"kind":"scroll","url":"http://localhost:3000/#team","viewport":{"width":1182,"height":682},"payload":{"scrollX":0,"scrollY":8070.39990234375,"documentHeight":12417,"viewportHeight":682}}
[2026-07-24T09:37:15.503Z] {"timestamp":1784885835263,"kind":"scroll","url":"http://localhost:3000/#team","viewport":{"width":1182,"height":682},"payload":{"scrollX":0,"scrollY":8016,"documentHeight":12362,"viewportHeight":682}}
[2026-07-24T09:37:19.486Z] {"timestamp":1784885837514,"kind":"scroll","url":"http://localhost:3000/#team","viewport":{"width":1182,"height":682},"payload":{"scrollX":0,"scrollY":8070.39990234375,"documentHeight":12417,"viewportHeight":682}}
[2026-07-24T09:37:19.486Z] {"timestamp":1784885839431,"kind":"scroll","url":"http://localhost:3000/#team","viewport":{"width":1182,"height":682},"payload":{"scrollX":0,"scrollY":8016,"documentHeight":12362,"viewportHeight":682}}
[2026-07-24T09:37:25.487Z] {"timestamp":1784885845248,"kind":"scroll","url":"http://localhost:3000/#team","viewport":{"width":1182,"height":682},"payload":{"scrollX":0,"scrollY":8070.39990234375,"documentHeight":12417,"viewportHeight":682}}
[2026-07-24T09:37:27.489Z] {"timestamp":1784885847164,"kind":"scroll","url":"http://localhost:3000/#team","viewport":{"width":1182,"height":682},"payload":{"scrollX":0,"scrollY":8016,"documentHeight":12362,"viewportHeight":682}}
[2026-07-24T09:37:29.487Z] {"timestamp":1784885849181,"kind":"scroll","url":"http://localhost:3000/#team","viewport":{"width":1182,"height":682},"payload":{"scrollX":0,"scrollY":8070.39990234375,"documentHeight":12417,"viewportHeight":682}}
[2026-07-24T09:37:31.485Z] {"timestamp":1784885851015,"kind":"scroll","url":"http://localhost:3000/#team","viewport":{"width":1182,"height":682},"payload":{"scrollX":0,"scrollY":8016,"documentHeight":12362,"viewportHeight":682}}
[2026-07-24T09:37:33.486Z] {"timestamp":1784885853099,"kind":"scroll","url":"http://localhost:3000/#team","viewport":{"width":1182,"height":682},"payload":{"scrollX":0,"scrollY":8070.39990234375,"documentHeight":12417,"viewportHeight":682}}
[2026-07-24T09:37:35.496Z] {"timestamp":1784885854997,"kind":"scroll","url":"http://localhost:3000/#team","viewport":{"width":1182,"height":682},"payload":{"scrollX":0,"scrollY":8016,"documentHeight":12362,"viewportHeight":682}}
[2026-07-24T09:37:41.489Z] {"timestamp":1784885860781,"kind":"scroll","url":"http://localhost:3000/#team","viewport":{"width":1182,"height":682},"payload":{"scrollX":0,"scrollY":8070.39990234375,"documentHeight":12417,"viewportHeight":682}}
[2026-07-24T09:37:43.489Z] {"timestamp":1784885862701,"kind":"scroll","url":"http://localhost:3000/#team","viewport":{"width":1182,"height":682},"payload":{"scrollX":0,"scrollY":8016,"documentHeight":12362,"viewportHeight":682}}
[2026-07-24T09:37:45.487Z] {"timestamp":1784885864819,"kind":"scroll","url":"http://localhost:3000/#team","viewport":{"width":1182,"height":682},"payload":{"scrollX":0,"scrollY":8070.39990234375,"documentHeight":12417,"viewportHeight":682}}
[2026-07-24T09:37:47.488Z] {"timestamp":1784885866632,"kind":"scroll","url":"http://localhost:3000/#team","viewport":{"width":1182,"height":682},"payload":{"scrollX":0,"scrollY":8016,"documentHeight":12362,"viewportHeight":682}}
[2026-07-24T09:37:51.817Z] {"timestamp":1784885871258,"kind":"scroll","url":"http://localhost:3000/#team","viewport":{"width":1182,"height":682},"payload":{"scrollX":0,"scrollY":8070.39990234375,"documentHeight":12417,"viewportHeight":682}}
[2026-07-24T09:37:55.588Z] {"timestamp":1784885874507,"kind":"scroll","url":"http://localhost:3000/#team","viewport":{"width":1182,"height":682},"payload":{"scrollX":0,"scrollY":8016,"documentHeight":12362,"viewportHeight":682}}
[2026-07-24T09:38:17.493Z] {"timestamp":1784885896888,"kind":"scroll","url":"http://localhost:3000/#team","viewport":{"width":1182,"height":682},"payload":{"scrollX":0,"scrollY":8070.39990234375,"documentHeight":12417,"viewportHeight":682}}
[2026-07-24T09:38:19.506Z] {"timestamp":1784885898817,"kind":"scroll","url":"http://localhost:3000/#team","viewport":{"width":1182,"height":682},"payload":{"scrollX":0,"scrollY":8016,"documentHeight":12362,"viewportHeight":682}}
[2026-07-24T09:38:21.821Z] {"timestamp":1784885900901,"kind":"scroll","url":"http://localhost:3000/#team","viewport":{"width":1182,"height":682},"payload":{"scrollX":0,"scrollY":8070.39990234375,"documentHeight":12417,"viewportHeight":682}}
[2026-07-24T09:38:23.499Z] {"timestamp":1784885903194,"kind":"scroll","url":"http://localhost:3000/#team","viewport":{"width":1182,"height":682},"payload":{"scrollX":0,"scrollY":8016,"documentHeight":12362,"viewportHeight":682}}
[2026-07-24T09:38:25.486Z] {"timestamp":1784885905309,"kind":"scroll","url":"http://localhost:3000/#team","viewport":{"width":1182,"height":682},"payload":{"scrollX":0,"scrollY":8070.39990234375,"documentHeight":12417,"viewportHeight":682}}
[2026-07-24T09:38:27.490Z] {"timestamp":1784885907201,"kind":"scroll","url":"http://localhost:3000/#team","viewport":{"width":1182,"height":682},"payload":{"scrollX":0,"scrollY":8016,"documentHeight":12362,"viewportHeight":682}}
[2026-07-24T09:38:31.486Z] {"timestamp":1784885909936,"kind":"scroll","url":"http://localhost:3000/#team","viewport":{"width":1182,"height":682},"payload":{"scrollX":0,"scrollY":7964,"documentHeight":12362,"viewportHeight":682}}
[2026-07-24T09:38:31.486Z] {"timestamp":1784885910501,"kind":"scroll","url":"http://localhost:3000/#team","viewport":{"width":1182,"height":682},"payload":{"scrollX":0,"scrollY":6495.2001953125,"documentHeight":12362,"viewportHeight":682}}
[2026-07-24T09:38:31.486Z] {"timestamp":1784885911402,"kind":"scroll","url":"http://localhost:3000/#team","viewport":{"width":1182,"height":682},"payload":{"scrollX":0,"scrollY":6855.2001953125,"documentHeight":12362,"viewportHeight":682}}
[2026-07-24T09:38:33.486Z] {"timestamp":1784885912936,"kind":"scroll","url":"http://localhost:3000/#team","viewport":{"width":1182,"height":682},"payload":{"scrollX":0,"scrollY":6834.39990234375,"documentHeight":12417,"viewportHeight":682}}
[2026-07-24T09:38:33.486Z] {"timestamp":1784885913335,"kind":"focusin","url":"http://localhost:3000/#team","viewport":{"width":1182,"height":682},"payload":{"target":{"tag":"button","id":null,"name":null,"type":null,"role":null,"ariaLabel":"Next testimonial","testId":null,"dataLoc":"client\\src\\components\\ui\\animated-testimonials.tsx:153","href":null,"text":"","selectorHint":"[data-loc=\"client\\src\\components\\ui\\animated-testimonials.tsx:153\"]"}}}
[2026-07-24T09:38:35.502Z] {"timestamp":1784885913523,"kind":"click","url":"http://localhost:3000/#team","viewport":{"width":1182,"height":682},"payload":{"target":{"tag":"svg","id":null,"name":null,"type":null,"role":null,"ariaLabel":null,"testId":null,"dataLoc":"client\\src\\components\\ui\\animated-testimonials.tsx:158","href":null,"text":"","selectorHint":"[data-loc=\"client\\src\\components\\ui\\animated-testimonials.tsx:158\"]"},"x":665,"y":529}}
[2026-07-24T09:38:35.502Z] {"timestamp":1784885914820,"kind":"scroll","url":"http://localhost:3000/#team","viewport":{"width":1182,"height":682},"payload":{"scrollX":0,"scrollY":6780,"documentHeight":12362,"viewportHeight":682}}
[2026-07-24T09:38:35.502Z] {"timestamp":1784885915309,"kind":"click","url":"http://localhost:3000/#team","viewport":{"width":1182,"height":682},"payload":{"target":{"tag":"svg","id":null,"name":null,"type":null,"role":null,"ariaLabel":null,"testId":null,"dataLoc":"client\\src\\components\\ui\\animated-testimonials.tsx:158","href":null,"text":"","selectorHint":"[data-loc=\"client\\src\\components\\ui\\animated-testimonials.tsx:158\"]"},"x":665,"y":529}}
[2026-07-24T09:38:37.491Z] {"timestamp":1784885916170,"kind":"scroll","url":"http://localhost:3000/#team","viewport":{"width":1182,"height":682},"payload":{"scrollX":0,"scrollY":6745.60009765625,"documentHeight":12362,"viewportHeight":682}}
[2026-07-24T09:38:37.491Z] {"timestamp":1784885916669,"kind":"scroll","url":"http://localhost:3000/#team","viewport":{"width":1182,"height":682},"payload":{"scrollX":0,"scrollY":6600,"documentHeight":12362,"viewportHeight":682}}
[2026-07-24T09:38:39.487Z] {"timestamp":1784885918453,"kind":"scroll","url":"http://localhost:3000/#team","viewport":{"width":1182,"height":682},"payload":{"scrollX":0,"scrollY":6582.39990234375,"documentHeight":12417,"viewportHeight":682}}
[2026-07-24T09:38:39.487Z] {"timestamp":1784885918954,"kind":"scroll","url":"http://localhost:3000/#team","viewport":{"width":1182,"height":682},"payload":{"scrollX":0,"scrollY":6099.2001953125,"documentHeight":12362,"viewportHeight":682}}
[2026-07-24T09:38:41.493Z] {"timestamp":1784885919637,"kind":"scroll","url":"http://localhost:3000/#team","viewport":{"width":1182,"height":682},"payload":{"scrollX":0,"scrollY":5802.39990234375,"documentHeight":12362,"viewportHeight":682}}
[2026-07-24T09:38:41.493Z] {"timestamp":1784885920136,"kind":"scroll","url":"http://localhost:3000/#team","viewport":{"width":1182,"height":682},"payload":{"scrollX":0,"scrollY":5315.2001953125,"documentHeight":12362,"viewportHeight":682}}
[2026-07-24T09:38:41.493Z] {"timestamp":1784885920637,"kind":"scroll","url":"http://localhost:3000/#team","viewport":{"width":1182,"height":682},"payload":{"scrollX":0,"scrollY":5033.60009765625,"documentHeight":12362,"viewportHeight":682}}
[2026-07-24T09:38:41.493Z] {"timestamp":1784885921136,"kind":"scroll","url":"http://localhost:3000/#team","viewport":{"width":1182,"height":682},"payload":{"scrollX":0,"scrollY":5482.39990234375,"documentHeight":12417,"viewportHeight":682}}
[2026-07-24T09:38:43.492Z] {"timestamp":1784885921886,"kind":"scroll","url":"http://localhost:3000/#team","viewport":{"width":1182,"height":682},"payload":{"scrollX":0,"scrollY":5702.39990234375,"documentHeight":12417,"viewportHeight":682}}
[2026-07-24T09:38:43.492Z] {"timestamp":1784885922388,"kind":"scroll","url":"http://localhost:3000/#team","viewport":{"width":1182,"height":682},"payload":{"scrollX":0,"scrollY":5584,"documentHeight":12417,"viewportHeight":682}}
[2026-07-24T09:38:43.492Z] {"timestamp":1784885922954,"kind":"scroll","url":"http://localhost:3000/#team","viewport":{"width":1182,"height":682},"payload":{"scrollX":0,"scrollY":5015.2001953125,"documentHeight":12362,"viewportHeight":682}}
[2026-07-24T09:38:45.491Z] {"timestamp":1784885923621,"kind":"scroll","url":"http://localhost:3000/#team","viewport":{"width":1182,"height":682},"payload":{"scrollX":0,"scrollY":4609.60009765625,"documentHeight":12362,"viewportHeight":682}}
[2026-07-24T09:38:45.491Z] {"timestamp":1784885924903,"kind":"scroll","url":"http://localhost:3000/#team","viewport":{"width":1182,"height":682},"payload":{"scrollX":0,"scrollY":4640,"documentHeight":12362,"viewportHeight":682}}
[2026-07-24T09:38:47.495Z] {"timestamp":1784885926848,"kind":"focusout","url":"http://localhost:3000/#team","viewport":{"width":1182,"height":682},"payload":{"target":{"tag":"button","id":null,"name":null,"type":null,"role":null,"ariaLabel":"Next testimonial","testId":null,"dataLoc":"client\\src\\components\\ui\\animated-testimonials.tsx:153","href":null,"text":"","selectorHint":"[data-loc=\"client\\src\\components\\ui\\animated-testimonials.tsx:153\"]"},"value":null}}
[2026-07-24T09:38:47.495Z] {"timestamp":1784885927079,"kind":"click","url":"http://localhost:3000/#team","viewport":{"width":1182,"height":682},"payload":{"target":{"tag":"span","id":null,"name":null,"type":null,"role":null,"ariaLabel":null,"testId":null,"dataLoc":"client\\src\\components\\PartnersSection.tsx:15","href":null,"text":"IN PARTNERSHIP WITH","selectorHint":"[data-loc=\"client\\src\\components\\PartnersSection.tsx:15\"]"},"x":621,"y":422}}
[2026-07-24T09:38:49.488Z] {"timestamp":1784885927786,"kind":"scroll","url":"http://localhost:3000/#team","viewport":{"width":1182,"height":682},"payload":{"scrollX":0,"scrollY":4725.60009765625,"documentHeight":12362,"viewportHeight":682}}
[2026-07-24T09:38:49.488Z] {"timestamp":1784885928288,"kind":"scroll","url":"http://localhost:3000/#team","viewport":{"width":1182,"height":682},"payload":{"scrollX":0,"scrollY":4499.2001953125,"documentHeight":12362,"viewportHeight":682}}
[2026-07-24T09:38:49.488Z] {"timestamp":1784885928821,"kind":"scroll","url":"http://localhost:3000/#team","viewport":{"width":1182,"height":682},"payload":{"scrollX":0,"scrollY":4201.60009765625,"documentHeight":12417,"viewportHeight":682}}
[2026-07-24T09:38:51.495Z] {"timestamp":1784885929775,"kind":"scroll","url":"http://localhost:3000/#team","viewport":{"width":1182,"height":682},"payload":{"scrollX":0,"scrollY":3988.800048828125,"documentHeight":12417,"viewportHeight":682}}
[2026-07-24T09:38:51.495Z] {"timestamp":1784885930429,"kind":"scroll","url":"http://localhost:3000/#team","viewport":{"width":1182,"height":682},"payload":{"scrollX":0,"scrollY":3572,"documentHeight":12362,"viewportHeight":682}}
[2026-07-24T09:38:53.490Z] {"timestamp":1784885932490,"kind":"scroll","url":"http://localhost:3000/#team","viewport":{"width":1182,"height":682},"payload":{"scrollX":0,"scrollY":3625.60009765625,"documentHeight":12417,"viewportHeight":682}}
[2026-07-24T09:38:53.490Z] {"timestamp":1784885933004,"kind":"scroll","url":"http://localhost:3000/#team","viewport":{"width":1182,"height":682},"payload":{"scrollX":0,"scrollY":3817.60009765625,"documentHeight":12417,"viewportHeight":682}}
[2026-07-24T09:38:55.486Z] {"timestamp":1784885934306,"kind":"scroll","url":"http://localhost:3000/#team","viewport":{"width":1182,"height":682},"payload":{"scrollX":0,"scrollY":3763.199951171875,"documentHeight":12362,"viewportHeight":682}}
[2026-07-24T09:38:55.486Z] {"timestamp":1784885934824,"kind":"scroll","url":"http://localhost:3000/#team","viewport":{"width":1182,"height":682},"payload":{"scrollX":0,"scrollY":3881.60009765625,"documentHeight":12362,"viewportHeight":682}}
[2026-07-24T09:38:55.486Z] {"timestamp":1784885935338,"kind":"scroll","url":"http://localhost:3000/#team","viewport":{"width":1182,"height":682},"payload":{"scrollX":0,"scrollY":3970.39990234375,"documentHeight":12362,"viewportHeight":682}}
[2026-07-24T09:38:57.488Z] {"timestamp":1784885935987,"kind":"scroll","url":"http://localhost:3000/#team","viewport":{"width":1182,"height":682},"payload":{"scrollX":0,"scrollY":4022.39990234375,"documentHeight":12362,"viewportHeight":682}}
[2026-07-24T09:38:57.488Z] {"timestamp":1784885936803,"kind":"scroll","url":"http://localhost:3000/#team","viewport":{"width":1182,"height":682},"payload":{"scrollX":0.800000011920929,"scrollY":4061.60009765625,"documentHeight":12417,"viewportHeight":682}}
[2026-07-24T09:38:59.487Z] {"timestamp":1784885937503,"kind":"scroll","url":"http://localhost:3000/#team","viewport":{"width":1182,"height":682},"payload":{"scrollX":0.800000011920929,"scrollY":4020,"documentHeight":12417,"viewportHeight":682}}
[2026-07-24T09:38:59.487Z] {"timestamp":1784885938022,"kind":"scroll","url":"http://localhost:3000/#team","viewport":{"width":1182,"height":682},"payload":{"scrollX":0.800000011920929,"scrollY":3874.39990234375,"documentHeight":12417,"viewportHeight":682}}
[2026-07-24T09:38:59.487Z] {"timestamp":1784885938522,"kind":"scroll","url":"http://localhost:3000/#team","viewport":{"width":1182,"height":682},"payload":{"scrollX":0.800000011920929,"scrollY":3436.800048828125,"documentHeight":12362,"viewportHeight":682}}
[2026-07-24T09:38:59.487Z] {"timestamp":1784885939037,"kind":"scroll","url":"http://localhost:3000/#team","viewport":{"width":1182,"height":682},"payload":{"scrollX":0.800000011920929,"scrollY":3132,"documentHeight":12362,"viewportHeight":682}}
[2026-07-24T09:39:01.487Z] {"timestamp":1784885939539,"kind":"scroll","url":"http://localhost:3000/#team","viewport":{"width":1182,"height":682},"payload":{"scrollX":0.800000011920929,"scrollY":2911.199951171875,"documentHeight":12362,"viewportHeight":682}}
[2026-07-24T09:39:01.487Z] {"timestamp":1784885941021,"kind":"scroll","url":"http://localhost:3000/#team","viewport":{"width":1182,"height":682},"payload":{"scrollX":0.800000011920929,"scrollY":2856.800048828125,"documentHeight":12362,"viewportHeight":682}}
[2026-07-24T09:39:03.488Z] {"timestamp":1784885941521,"kind":"scroll","url":"http://localhost:3000/#team","viewport":{"width":1182,"height":682},"payload":{"scrollX":0.800000011920929,"scrollY":2508,"documentHeight":12362,"viewportHeight":682}}
[2026-07-24T09:39:03.488Z] {"timestamp":1784885942254,"kind":"scroll","url":"http://localhost:3000/#team","viewport":{"width":1182,"height":682},"payload":{"scrollX":0.800000011920929,"scrollY":2487.199951171875,"documentHeight":12362,"viewportHeight":682}}
[2026-07-24T09:39:05.486Z] {"timestamp":1784885944039,"kind":"scroll","url":"http://localhost:3000/#team","viewport":{"width":1182,"height":682},"payload":{"scrollX":0.800000011920929,"scrollY":2484.800048828125,"documentHeight":12417,"viewportHeight":682}}
[2026-07-24T09:39:07.496Z] {"timestamp":1784885945942,"kind":"scroll","url":"http://localhost:3000/#team","viewport":{"width":1182,"height":682},"payload":{"scrollX":0.800000011920929,"scrollY":2431.199951171875,"documentHeight":12362,"viewportHeight":682}}
[2026-07-24T09:39:09.489Z] {"timestamp":1784885947925,"kind":"scroll","url":"http://localhost:3000/#team","viewport":{"width":1182,"height":682},"payload":{"scrollX":0.800000011920929,"scrollY":2484.800048828125,"documentHeight":12417,"viewportHeight":682}}
[2026-07-24T09:39:09.489Z] {"timestamp":1784885948440,"kind":"scroll","url":"http://localhost:3000/#team","viewport":{"width":1182,"height":682},"payload":{"scrollX":0.800000011920929,"scrollY":2088.800048828125,"documentHeight":12417,"viewportHeight":682}}
[2026-07-24T09:39:11.489Z] {"timestamp":1784885949772,"kind":"scroll","url":"http://localhost:3000/#team","viewport":{"width":1182,"height":682},"payload":{"scrollX":0.800000011920929,"scrollY":1852.800048828125,"documentHeight":12362,"viewportHeight":682}}
[2026-07-24T09:39:11.489Z] {"timestamp":1784885950272,"kind":"scroll","url":"http://localhost:3000/#team","viewport":{"width":1182,"height":682},"payload":{"scrollX":0.800000011920929,"scrollY":1530.4000244140625,"documentHeight":12362,"viewportHeight":682}}
[2026-07-24T09:39:11.489Z] {"timestamp":1784885950788,"kind":"scroll","url":"http://localhost:3000/#team","viewport":{"width":1182,"height":682},"payload":{"scrollX":0.800000011920929,"scrollY":874.4000244140625,"documentHeight":12362,"viewportHeight":682}}
[2026-07-24T09:39:11.489Z] {"timestamp":1784885951308,"kind":"scroll","url":"http://localhost:3000/#team","viewport":{"width":1182,"height":682},"payload":{"scrollX":0.800000011920929,"scrollY":712.7999877929688,"documentHeight":12362,"viewportHeight":682}}
[2026-07-24T09:39:13.492Z] {"timestamp":1784885951840,"kind":"scroll","url":"http://localhost:3000/#team","viewport":{"width":1182,"height":682},"payload":{"scrollX":0.800000011920929,"scrollY":43.20000076293945,"documentHeight":12362,"viewportHeight":682}}
[2026-07-24T09:39:13.492Z] {"timestamp":1784885952471,"kind":"scroll","url":"http://localhost:3000/#team","viewport":{"width":1182,"height":682},"payload":{"scrollX":0.800000011920929,"scrollY":4,"documentHeight":12417,"viewportHeight":682}}
[2026-07-24T09:39:21.496Z] {"timestamp":1784885959803,"kind":"scroll","url":"http://localhost:3000/#team","viewport":{"width":1182,"height":682},"payload":{"scrollX":0.800000011920929,"scrollY":215.1999969482422,"documentHeight":12417,"viewportHeight":682}}
[2026-07-24T09:39:25.496Z] {"timestamp":1784885963844,"kind":"scroll","url":"http://localhost:3000/#team","viewport":{"width":1182,"height":682},"payload":{"scrollX":0.800000011920929,"scrollY":217.60000610351562,"documentHeight":12417,"viewportHeight":682}}
[2026-07-24T09:39:29.494Z] {"timestamp":1784885967931,"kind":"scroll","url":"http://localhost:3000/#team","viewport":{"width":1182,"height":682},"payload":{"scrollX":0.800000011920929,"scrollY":220,"documentHeight":12417,"viewportHeight":682}}
[2026-07-24T09:39:33.491Z] {"timestamp":1784885972529,"kind":"scroll","url":"http://localhost:3000/#team","viewport":{"width":1182,"height":682},"payload":{"scrollX":0,"scrollY":245.60000610351562,"documentHeight":12362,"viewportHeight":682}}
[2026-07-24T09:39:33.491Z] {"timestamp":1784885973056,"kind":"scroll","url":"http://localhost:3000/#team","viewport":{"width":1182,"height":682},"payload":{"scrollX":0,"scrollY":2436,"documentHeight":12362,"viewportHeight":682}}
[2026-07-24T09:39:35.493Z] {"timestamp":1784885973556,"kind":"scroll","url":"http://localhost:3000/#team","viewport":{"width":1182,"height":682},"payload":{"scrollX":0,"scrollY":4072,"documentHeight":12362,"viewportHeight":682}}
[2026-07-24T09:39:35.493Z] {"timestamp":1784885974057,"kind":"scroll","url":"http://localhost:3000/#team","viewport":{"width":1182,"height":682},"payload":{"scrollX":0,"scrollY":5192,"documentHeight":12362,"viewportHeight":682}}
[2026-07-24T09:39:35.493Z] {"timestamp":1784885974557,"kind":"scroll","url":"http://localhost:3000/#team","viewport":{"width":1182,"height":682},"payload":{"scrollX":0,"scrollY":7141.60009765625,"documentHeight":12362,"viewportHeight":682}}
[2026-07-24T09:39:35.493Z] {"timestamp":1784885975096,"kind":"scroll","url":"http://localhost:3000/#team","viewport":{"width":1182,"height":682},"payload":{"scrollX":0,"scrollY":8319.2001953125,"documentHeight":12362,"viewportHeight":682}}
[2026-07-24T09:39:37.526Z] {"timestamp":1784885975608,"kind":"scroll","url":"http://localhost:3000/#team","viewport":{"width":1182,"height":682},"payload":{"scrollX":0,"scrollY":8859.2001953125,"documentHeight":12362,"viewportHeight":682}}
[2026-07-24T09:39:37.526Z] {"timestamp":1784885976125,"kind":"scroll","url":"http://localhost:3000/#team","viewport":{"width":1182,"height":682},"payload":{"scrollX":0,"scrollY":9000,"documentHeight":12417,"viewportHeight":682}}
[2026-07-24T09:39:39.489Z] {"timestamp":1784885977689,"kind":"scroll","url":"http://localhost:3000/#team","viewport":{"width":1182,"height":682},"payload":{"scrollX":0,"scrollY":8892,"documentHeight":12362,"viewportHeight":682}}
[2026-07-24T09:39:41.486Z] {"timestamp":1784885979672,"kind":"scroll","url":"http://localhost:3000/#team","viewport":{"width":1182,"height":682},"payload":{"scrollX":0,"scrollY":8945.599609375,"documentHeight":12417,"viewportHeight":682}}
[2026-07-24T09:39:43.487Z] {"timestamp":1784885981506,"kind":"scroll","url":"http://localhost:3000/#team","viewport":{"width":1182,"height":682},"payload":{"scrollX":0,"scrollY":8892,"documentHeight":12362,"viewportHeight":682}}
[2026-07-24T09:39:45.487Z] {"timestamp":1784885983572,"kind":"scroll","url":"http://localhost:3000/#team","viewport":{"width":1182,"height":682},"payload":{"scrollX":0,"scrollY":8945.599609375,"documentHeight":12417,"viewportHeight":682}}
[2026-07-24T09:39:45.487Z] {"timestamp":1784885985472,"kind":"scroll","url":"http://localhost:3000/#team","viewport":{"width":1182,"height":682},"payload":{"scrollX":0,"scrollY":8892,"documentHeight":12362,"viewportHeight":682}}
[2026-07-24T09:39:51.491Z] {"timestamp":1784885991223,"kind":"scroll","url":"http://localhost:3000/#team","viewport":{"width":1182,"height":682},"payload":{"scrollX":0,"scrollY":8945.599609375,"documentHeight":12417,"viewportHeight":682}}
[2026-07-24T09:39:53.490Z] {"timestamp":1784885993155,"kind":"scroll","url":"http://localhost:3000/#team","viewport":{"width":1182,"height":682},"payload":{"scrollX":0,"scrollY":8892,"documentHeight":12362,"viewportHeight":682}}
[2026-07-24T09:39:55.488Z] {"timestamp":1784885995156,"kind":"scroll","url":"http://localhost:3000/#team","viewport":{"width":1182,"height":682},"payload":{"scrollX":0,"scrollY":8945.599609375,"documentHeight":12417,"viewportHeight":682}}
[2026-07-24T09:39:57.486Z] {"timestamp":1784885996972,"kind":"scroll","url":"http://localhost:3000/#team","viewport":{"width":1182,"height":682},"payload":{"scrollX":0,"scrollY":8892,"documentHeight":12362,"viewportHeight":682}}
[2026-07-24T09:40:05.487Z] {"timestamp":1784886003806,"kind":"scroll","url":"http://localhost:3000/#team","viewport":{"width":1182,"height":682},"payload":{"scrollX":0,"scrollY":8945.599609375,"documentHeight":12417,"viewportHeight":682}}
[2026-07-24T09:40:07.493Z] {"timestamp":1784886006707,"kind":"scroll","url":"http://localhost:3000/#team","viewport":{"width":1182,"height":682},"payload":{"scrollX":0,"scrollY":8892,"documentHeight":12362,"viewportHeight":682}}
[2026-07-24T09:40:09.491Z] {"timestamp":1784886009007,"kind":"scroll","url":"http://localhost:3000/#team","viewport":{"width":1182,"height":682},"payload":{"scrollX":0,"scrollY":8835.2001953125,"documentHeight":12362,"viewportHeight":682}}
[2026-07-24T09:40:11.492Z] {"timestamp":1784886009607,"kind":"scroll","url":"http://localhost:3000/#team","viewport":{"width":1182,"height":682},"payload":{"scrollX":0,"scrollY":8151.2001953125,"documentHeight":12362,"viewportHeight":682}}
[2026-07-24T09:40:11.492Z] {"timestamp":1784886010125,"kind":"scroll","url":"http://localhost:3000/#team","viewport":{"width":1182,"height":682},"payload":{"scrollX":0,"scrollY":7334.39990234375,"documentHeight":12362,"viewportHeight":682}}
[2026-07-24T09:40:11.492Z] {"timestamp":1784886010626,"kind":"scroll","url":"http://localhost:3000/#team","viewport":{"width":1182,"height":682},"payload":{"scrollX":0,"scrollY":5325.60009765625,"documentHeight":12362,"viewportHeight":682}}
[2026-07-24T09:40:11.492Z] {"timestamp":1784886011126,"kind":"scroll","url":"http://localhost:3000/#team","viewport":{"width":1182,"height":682},"payload":{"scrollX":0,"scrollY":3552,"documentHeight":12362,"viewportHeight":682}}
[2026-07-24T09:40:13.498Z] {"timestamp":1784886011626,"kind":"scroll","url":"http://localhost:3000/#team","viewport":{"width":1182,"height":682},"payload":{"scrollX":0,"scrollY":5240,"documentHeight":12362,"viewportHeight":682}}
[2026-07-24T09:40:13.498Z] {"timestamp":1784886012127,"kind":"scroll","url":"http://localhost:3000/#team","viewport":{"width":1182,"height":682},"payload":{"scrollX":0,"scrollY":6718.39990234375,"documentHeight":12362,"viewportHeight":682}}
[2026-07-24T09:40:13.498Z] {"timestamp":1784886012642,"kind":"scroll","url":"http://localhost:3000/#team","viewport":{"width":1182,"height":682},"payload":{"scrollX":0,"scrollY":7540,"documentHeight":12417,"viewportHeight":682}}
[2026-07-24T09:40:13.498Z] {"timestamp":1784886013143,"kind":"scroll","url":"http://localhost:3000/#team","viewport":{"width":1182,"height":682},"payload":{"scrollX":0,"scrollY":7656,"documentHeight":12417,"viewportHeight":682}}
[2026-07-24T09:40:15.494Z] {"timestamp":1784886014391,"kind":"scroll","url":"http://localhost:3000/#team","viewport":{"width":1182,"height":682},"payload":{"scrollX":0,"scrollY":7607.2001953125,"documentHeight":12362,"viewportHeight":682}}
[2026-07-24T09:40:15.495Z] {"timestamp":1784886015179,"kind":"scroll","url":"http://localhost:3000/#team","viewport":{"width":1182,"height":682},"payload":{"scrollX":0,"scrollY":7604.7998046875,"documentHeight":12362,"viewportHeight":682}}
[2026-07-24T09:40:17.499Z] {"timestamp":1784886015693,"kind":"scroll","url":"http://localhost:3000/#team","viewport":{"width":1182,"height":682},"payload":{"scrollX":0,"scrollY":6746.39990234375,"documentHeight":12362,"viewportHeight":682}}
[2026-07-24T09:40:17.499Z] {"timestamp":1784886016193,"kind":"scroll","url":"http://localhost:3000/#team","viewport":{"width":1182,"height":682},"payload":{"scrollX":0,"scrollY":6163.2001953125,"documentHeight":12362,"viewportHeight":682}}
[2026-07-24T09:40:19.292Z] {"timestamp":1784886018275,"kind":"scroll","url":"http://localhost:3000/#team","viewport":{"width":1182,"height":682},"payload":{"scrollX":0,"scrollY":6076,"documentHeight":12362,"viewportHeight":682}}
[2026-07-24T09:40:21.404Z] {"timestamp":1784886019687,"kind":"scroll","url":"http://localhost:3000/#team","viewport":{"width":1182,"height":682},"payload":{"scrollX":0,"scrollY":6092,"documentHeight":12362,"viewportHeight":682}}
[2026-07-24T09:40:21.404Z] {"timestamp":1784886020725,"kind":"scroll","url":"http://localhost:3000/#team","viewport":{"width":1182,"height":682},"payload":{"scrollX":0,"scrollY":6184.7998046875,"documentHeight":12362,"viewportHeight":682}}
[2026-07-24T09:40:21.404Z] {"timestamp":1784886021226,"kind":"scroll","url":"http://localhost:3000/#team","viewport":{"width":1182,"height":682},"payload":{"scrollX":15.199999809265137,"scrollY":7064.7998046875,"documentHeight":12362,"viewportHeight":682}}
[2026-07-24T09:40:23.400Z] {"timestamp":1784886021744,"kind":"scroll","url":"http://localhost:3000/#team","viewport":{"width":1182,"height":682},"payload":{"scrollX":15.199999809265137,"scrollY":7600.7998046875,"documentHeight":12417,"viewportHeight":682}}
[2026-07-24T09:40:23.400Z] {"timestamp":1784886022244,"kind":"scroll","url":"http://localhost:3000/#team","viewport":{"width":1182,"height":682},"payload":{"scrollX":15.199999809265137,"scrollY":8193.599609375,"documentHeight":12417,"viewportHeight":682}}
[2026-07-24T09:40:25.400Z] {"timestamp":1784886023494,"kind":"scroll","url":"http://localhost:3000/#team","viewport":{"width":1182,"height":682},"payload":{"scrollX":0,"scrollY":8238.400390625,"documentHeight":12417,"viewportHeight":682}}
[2026-07-24T09:40:29.402Z] {"timestamp":1784886028891,"kind":"scroll","url":"http://localhost:3000/#team","viewport":{"width":1182,"height":682},"payload":{"scrollX":0,"scrollY":8475.2001953125,"documentHeight":12362,"viewportHeight":682}}
[2026-07-24T09:40:31.397Z] {"timestamp":1784886029459,"kind":"scroll","url":"http://localhost:3000/#team","viewport":{"width":1182,"height":682},"payload":{"scrollX":0,"scrollY":8829.599609375,"documentHeight":12417,"viewportHeight":682}}
[2026-07-24T09:40:31.397Z] {"timestamp":1784886029963,"kind":"scroll","url":"http://localhost:3000/#team","viewport":{"width":1182,"height":682},"payload":{"scrollX":0,"scrollY":9033.599609375,"documentHeight":12417,"viewportHeight":682}}
[2026-07-24T09:40:31.397Z] {"timestamp":1784886030592,"kind":"scroll","url":"http://localhost:3000/#team","viewport":{"width":1182,"height":682},"payload":{"scrollX":0,"scrollY":8971.2001953125,"documentHeight":12417,"viewportHeight":682}}
[2026-07-24T09:40:31.397Z] {"timestamp":1784886031094,"kind":"scroll","url":"http://localhost:3000/#team","viewport":{"width":1182,"height":682},"payload":{"scrollX":0,"scrollY":8319.2001953125,"documentHeight":12417,"viewportHeight":682}}
[2026-07-24T09:40:33.402Z] {"timestamp":1784886031610,"kind":"scroll","url":"http://localhost:3000/#team","viewport":{"width":1182,"height":682},"payload":{"scrollX":0,"scrollY":8084.7998046875,"documentHeight":12362,"viewportHeight":682}}
[2026-07-24T09:40:33.402Z] {"timestamp":1784886032145,"kind":"scroll","url":"http://localhost:3000/#team","viewport":{"width":1182,"height":682},"payload":{"scrollX":0,"scrollY":7956,"documentHeight":12362,"viewportHeight":682}}
[2026-07-24T09:40:33.402Z] {"timestamp":1784886032659,"kind":"scroll","url":"http://localhost:3000/#team","viewport":{"width":1182,"height":682},"payload":{"scrollX":0,"scrollY":7723.2001953125,"documentHeight":12362,"viewportHeight":682}}
[2026-07-24T09:40:33.402Z] {"timestamp":1784886033341,"kind":"scroll","url":"http://localhost:3000/#team","viewport":{"width":1182,"height":682},"payload":{"scrollX":0,"scrollY":7773.60009765625,"documentHeight":12417,"viewportHeight":682}}
[2026-07-24T09:40:35.412Z] {"timestamp":1784886035192,"kind":"scroll","url":"http://localhost:3000/#team","viewport":{"width":1182,"height":682},"payload":{"scrollX":0,"scrollY":7720,"documentHeight":12362,"viewportHeight":682}}
[2026-07-24T09:40:37.399Z] {"timestamp":1784886037336,"kind":"scroll","url":"http://localhost:3000/#team","viewport":{"width":1182,"height":682},"payload":{"scrollX":0,"scrollY":7773.60009765625,"documentHeight":12417,"viewportHeight":682}}
[2026-07-24T09:40:39.408Z] {"timestamp":1784886039241,"kind":"scroll","url":"http://localhost:3000/#team","viewport":{"width":1182,"height":682},"payload":{"scrollX":0,"scrollY":7720,"documentHeight":12362,"viewportHeight":682}}
[2026-07-24T09:40:43.402Z] {"timestamp":1784886041642,"kind":"scroll","url":"http://localhost:3000/#team","viewport":{"width":1182,"height":682},"payload":{"scrollX":0,"scrollY":7764,"documentHeight":12362,"viewportHeight":682}}
[2026-07-24T09:40:43.402Z] {"timestamp":1784886042146,"kind":"scroll","url":"http://localhost:3000/#team","viewport":{"width":1182,"height":682},"payload":{"scrollX":0,"scrollY":8588.7998046875,"documentHeight":12362,"viewportHeight":682}}
[2026-07-24T09:40:43.402Z] {"timestamp":1784886042858,"kind":"scroll","url":"http://localhost:3000/#team","viewport":{"width":1182,"height":682},"payload":{"scrollX":0,"scrollY":9004.7998046875,"documentHeight":12362,"viewportHeight":682}}
[2026-07-24T09:40:43.402Z] {"timestamp":1784886043360,"kind":"scroll","url":"http://localhost:3000/#team","viewport":{"width":1182,"height":682},"payload":{"scrollX":0,"scrollY":8784.7998046875,"documentHeight":12362,"viewportHeight":682}}
[2026-07-24T09:40:45.410Z] {"timestamp":1784886043863,"kind":"scroll","url":"http://localhost:3000/#team","viewport":{"width":1182,"height":682},"payload":{"scrollX":0,"scrollY":8464.7998046875,"documentHeight":12362,"viewportHeight":682}}
[2026-07-24T09:40:45.410Z] {"timestamp":1784886044477,"kind":"scroll","url":"http://localhost:3000/#team","viewport":{"width":1182,"height":682},"payload":{"scrollX":0,"scrollY":8348.7998046875,"documentHeight":12362,"viewportHeight":682}}
[2026-07-24T09:40:45.410Z] {"timestamp":1784886045094,"kind":"scroll","url":"http://localhost:3000/#team","viewport":{"width":1182,"height":682},"payload":{"scrollX":0,"scrollY":8364.7998046875,"documentHeight":12417,"viewportHeight":682}}
[2026-07-24T09:40:49.404Z] {"timestamp":1784886047945,"kind":"scroll","url":"http://localhost:3000/#team","viewport":{"width":1182,"height":682},"payload":{"scrollX":0,"scrollY":8409.599609375,"documentHeight":12362,"viewportHeight":682}}
[2026-07-24T09:40:49.404Z] {"timestamp":1784886048445,"kind":"scroll","url":"http://localhost:3000/#team","viewport":{"width":1182,"height":682},"payload":{"scrollX":0,"scrollY":8749.599609375,"documentHeight":12362,"viewportHeight":682}}
[2026-07-24T09:40:49.404Z] {"timestamp":1784886048959,"kind":"scroll","url":"http://localhost:3000/#team","viewport":{"width":1182,"height":682},"payload":{"scrollX":0,"scrollY":8220.7998046875,"documentHeight":12362,"viewportHeight":682}}
[2026-07-24T09:40:51.399Z] {"timestamp":1784886049463,"kind":"scroll","url":"http://localhost:3000/#team","viewport":{"width":1182,"height":682},"payload":{"scrollX":0,"scrollY":7922.39990234375,"documentHeight":12417,"viewportHeight":682}}
[2026-07-24T09:40:51.399Z] {"timestamp":1784886049979,"kind":"scroll","url":"http://localhost:3000/#team","viewport":{"width":1182,"height":682},"payload":{"scrollX":0,"scrollY":7680,"documentHeight":12417,"viewportHeight":682}}
[2026-07-24T09:40:51.399Z] {"timestamp":1784886050833,"kind":"scroll","url":"http://localhost:3000/#team","viewport":{"width":1182,"height":682},"payload":{"scrollX":0,"scrollY":7429.60009765625,"documentHeight":12362,"viewportHeight":682}}
[2026-07-24T09:40:53.399Z] {"timestamp":1784886052960,"kind":"scroll","url":"http://localhost:3000/#team","viewport":{"width":1182,"height":682},"payload":{"scrollX":0,"scrollY":7484,"documentHeight":12417,"viewportHeight":682}}
[2026-07-24T09:40:55.415Z] {"timestamp":1784886054876,"kind":"scroll","url":"http://localhost:3000/#team","viewport":{"width":1182,"height":682},"payload":{"scrollX":0,"scrollY":7429.60009765625,"documentHeight":12362,"viewportHeight":682}}
[2026-07-24T09:41:01.404Z] {"timestamp":1784886060926,"kind":"scroll","url":"http://localhost:3000/#team","viewport":{"width":1182,"height":682},"payload":{"scrollX":0,"scrollY":7484,"documentHeight":12417,"viewportHeight":682}}
[2026-07-24T09:41:03.400Z] {"timestamp":1784886062845,"kind":"scroll","url":"http://localhost:3000/#team","viewport":{"width":1182,"height":682},"payload":{"scrollX":0,"scrollY":7429.60009765625,"documentHeight":12362,"viewportHeight":682}}
[2026-07-24T09:41:05.401Z] {"timestamp":1784886064927,"kind":"scroll","url":"http://localhost:3000/#team","viewport":{"width":1182,"height":682},"payload":{"scrollX":0,"scrollY":7484,"documentHeight":12417,"viewportHeight":682}}
[2026-07-24T09:41:07.399Z] {"timestamp":1784886066777,"kind":"scroll","url":"http://localhost:3000/#team","viewport":{"width":1182,"height":682},"payload":{"scrollX":0,"scrollY":7429.60009765625,"documentHeight":12362,"viewportHeight":682}}
[2026-07-24T09:41:09.401Z] {"timestamp":1784886068960,"kind":"scroll","url":"http://localhost:3000/#team","viewport":{"width":1182,"height":682},"payload":{"scrollX":0,"scrollY":7484,"documentHeight":12417,"viewportHeight":682}}
[2026-07-24T09:41:11.399Z] {"timestamp":1784886070861,"kind":"scroll","url":"http://localhost:3000/#team","viewport":{"width":1182,"height":682},"payload":{"scrollX":0,"scrollY":7429.60009765625,"documentHeight":12362,"viewportHeight":682}}
[2026-07-24T09:41:13.400Z] {"timestamp":1784886071911,"kind":"scroll","url":"http://localhost:3000/#team","viewport":{"width":1182,"height":682},"payload":{"scrollX":0,"scrollY":7448,"documentHeight":12362,"viewportHeight":682}}
[2026-07-24T09:41:13.400Z] {"timestamp":1784886072414,"kind":"scroll","url":"http://localhost:3000/#team","viewport":{"width":1182,"height":682},"payload":{"scrollX":0,"scrollY":8129.60009765625,"documentHeight":12362,"viewportHeight":682}}
[2026-07-24T09:41:13.400Z] {"timestamp":1784886072928,"kind":"scroll","url":"http://localhost:3000/#team","viewport":{"width":1182,"height":682},"payload":{"scrollX":0,"scrollY":8462.400390625,"documentHeight":12362,"viewportHeight":682}}
[2026-07-24T09:41:19.399Z] {"timestamp":1784886078179,"kind":"scroll","url":"http://localhost:3000/#team","viewport":{"width":1182,"height":682},"payload":{"scrollX":0,"scrollY":8398.400390625,"documentHeight":12417,"viewportHeight":682}}
[2026-07-24T09:41:19.399Z] {"timestamp":1784886078700,"kind":"scroll","url":"http://localhost:3000/#team","viewport":{"width":1182,"height":682},"payload":{"scrollX":0,"scrollY":7995.2001953125,"documentHeight":12362,"viewportHeight":682}}
[2026-07-24T09:41:19.399Z] {"timestamp":1784886079215,"kind":"scroll","url":"http://localhost:3000/#team","viewport":{"width":1182,"height":682},"payload":{"scrollX":0,"scrollY":7865.60009765625,"documentHeight":12362,"viewportHeight":682}}
[2026-07-24T09:41:21.401Z] {"timestamp":1784886079746,"kind":"scroll","url":"http://localhost:3000/#team","viewport":{"width":1182,"height":682},"payload":{"scrollX":0,"scrollY":8424,"documentHeight":12362,"viewportHeight":682}}
[2026-07-24T09:41:21.401Z] {"timestamp":1784886080280,"kind":"scroll","url":"http://localhost:3000/#team","viewport":{"width":1182,"height":682},"payload":{"scrollX":0,"scrollY":8695.2001953125,"documentHeight":12362,"viewportHeight":682}}
[2026-07-24T09:41:21.401Z] {"timestamp":1784886080896,"kind":"scroll","url":"http://localhost:3000/#team","viewport":{"width":1182,"height":682},"payload":{"scrollX":15.199999809265137,"scrollY":8497.599609375,"documentHeight":12417,"viewportHeight":682}}
[2026-07-24T09:41:21.401Z] {"timestamp":1784886081396,"kind":"scroll","url":"http://localhost:3000/#team","viewport":{"width":1182,"height":682},"payload":{"scrollX":15.199999809265137,"scrollY":8277.599609375,"documentHeight":12417,"viewportHeight":682}}
[2026-07-24T09:41:23.400Z] {"timestamp":1784886081898,"kind":"scroll","url":"http://localhost:3000/#team","viewport":{"width":1182,"height":682},"payload":{"scrollX":15.199999809265137,"scrollY":7996,"documentHeight":12417,"viewportHeight":682}}
[2026-07-24T09:41:23.400Z] {"timestamp":1784886082401,"kind":"scroll","url":"http://localhost:3000/#team","viewport":{"width":1182,"height":682},"payload":{"scrollX":15.199999809265137,"scrollY":7775.2001953125,"documentHeight":12362,"viewportHeight":682}}
[2026-07-24T09:41:23.400Z] {"timestamp":1784886082912,"kind":"scroll","url":"http://localhost:3000/#team","viewport":{"width":1182,"height":682},"payload":{"scrollX":15.199999809265137,"scrollY":7414.39990234375,"documentHeight":12362,"viewportHeight":682}}
[2026-07-24T09:41:25.400Z] {"timestamp":1784886084494,"kind":"scroll","url":"http://localhost:3000/#team","viewport":{"width":1182,"height":682},"payload":{"scrollX":15.199999809265137,"scrollY":7329.60009765625,"documentHeight":12417,"viewportHeight":682}}
[2026-07-24T09:41:27.400Z] {"timestamp":1784886086414,"kind":"scroll","url":"http://localhost:3000/#team","viewport":{"width":1182,"height":682},"payload":{"scrollX":15.199999809265137,"scrollY":7276,"documentHeight":12362,"viewportHeight":682}}
[2026-07-24T09:41:33.401Z] {"timestamp":1784886092462,"kind":"scroll","url":"http://localhost:3000/#team","viewport":{"width":1182,"height":682},"payload":{"scrollX":15.199999809265137,"scrollY":7329.60009765625,"documentHeight":12417,"viewportHeight":682}}
[2026-07-24T09:41:35.405Z] {"timestamp":1784886094379,"kind":"scroll","url":"http://localhost:3000/#team","viewport":{"width":1182,"height":682},"payload":{"scrollX":15.199999809265137,"scrollY":7276,"documentHeight":12362,"viewportHeight":682}}
[2026-07-24T09:41:37.399Z] {"timestamp":1784886096545,"kind":"scroll","url":"http://localhost:3000/#team","viewport":{"width":1182,"height":682},"payload":{"scrollX":15.199999809265137,"scrollY":7329.60009765625,"documentHeight":12417,"viewportHeight":682}}
[2026-07-24T09:41:39.401Z] {"timestamp":1784886098379,"kind":"scroll","url":"http://localhost:3000/#team","viewport":{"width":1182,"height":682},"payload":{"scrollX":15.199999809265137,"scrollY":7276,"documentHeight":12362,"viewportHeight":682}}
[2026-07-24T09:41:41.401Z] {"timestamp":1784886100629,"kind":"scroll","url":"http://localhost:3000/#team","viewport":{"width":1182,"height":682},"payload":{"scrollX":15.199999809265137,"scrollY":7329.60009765625,"documentHeight":12417,"viewportHeight":682}}
[2026-07-24T09:41:43.410Z] {"timestamp":1784886102563,"kind":"scroll","url":"http://localhost:3000/#team","viewport":{"width":1182,"height":682},"payload":{"scrollX":15.199999809265137,"scrollY":7276,"documentHeight":12362,"viewportHeight":682}}
[2026-07-24T09:41:49.402Z] {"timestamp":1784886108629,"kind":"scroll","url":"http://localhost:3000/#team","viewport":{"width":1182,"height":682},"payload":{"scrollX":15.199999809265137,"scrollY":7329.60009765625,"documentHeight":12417,"viewportHeight":682}}
[2026-07-24T09:41:51.409Z] {"timestamp":1784886110546,"kind":"scroll","url":"http://localhost:3000/#team","viewport":{"width":1182,"height":682},"payload":{"scrollX":15.199999809265137,"scrollY":7276,"documentHeight":12362,"viewportHeight":682}}
[2026-07-24T09:41:53.401Z] {"timestamp":1784886112796,"kind":"scroll","url":"http://localhost:3000/#team","viewport":{"width":1182,"height":682},"payload":{"scrollX":15.199999809265137,"scrollY":7329.60009765625,"documentHeight":12417,"viewportHeight":682}}
[2026-07-24T09:41:55.419Z] {"timestamp":1784886114630,"kind":"scroll","url":"http://localhost:3000/#team","viewport":{"width":1182,"height":682},"payload":{"scrollX":15.199999809265137,"scrollY":7276,"documentHeight":12362,"viewportHeight":682}}
[2026-07-24T09:41:57.402Z] {"timestamp":1784886116847,"kind":"scroll","url":"http://localhost:3000/#team","viewport":{"width":1182,"height":682},"payload":{"scrollX":15.199999809265137,"scrollY":7329.60009765625,"documentHeight":12417,"viewportHeight":682}}
[2026-07-24T09:41:59.403Z] {"timestamp":1784886118764,"kind":"scroll","url":"http://localhost:3000/#team","viewport":{"width":1182,"height":682},"payload":{"scrollX":15.199999809265137,"scrollY":7276,"documentHeight":12362,"viewportHeight":682}}
[2026-07-24T09:42:05.403Z] {"timestamp":1784886124830,"kind":"scroll","url":"http://localhost:3000/#team","viewport":{"width":1182,"height":682},"payload":{"scrollX":15.199999809265137,"scrollY":7329.60009765625,"documentHeight":12417,"viewportHeight":682}}
[2026-07-24T09:42:07.421Z] {"timestamp":1784886126747,"kind":"scroll","url":"http://localhost:3000/#team","viewport":{"width":1182,"height":682},"payload":{"scrollX":15.199999809265137,"scrollY":7276,"documentHeight":12362,"viewportHeight":682}}
[2026-07-24T09:42:09.405Z] {"timestamp":1784886128848,"kind":"scroll","url":"http://localhost:3000/#team","viewport":{"width":1182,"height":682},"payload":{"scrollX":15.199999809265137,"scrollY":7329.60009765625,"documentHeight":12417,"viewportHeight":682}}
[2026-07-24T09:42:11.414Z] {"timestamp":1784886130680,"kind":"scroll","url":"http://localhost:3000/#team","viewport":{"width":1182,"height":682},"payload":{"scrollX":15.199999809265137,"scrollY":7276,"documentHeight":12362,"viewportHeight":682}}
[2026-07-24T09:42:13.404Z] {"timestamp":1784886132846,"kind":"scroll","url":"http://localhost:3000/#team","viewport":{"width":1182,"height":682},"payload":{"scrollX":15.199999809265137,"scrollY":7329.60009765625,"documentHeight":12417,"viewportHeight":682}}
[2026-07-24T09:42:15.408Z] {"timestamp":1784886134765,"kind":"scroll","url":"http://localhost:3000/#team","viewport":{"width":1182,"height":682},"payload":{"scrollX":15.199999809265137,"scrollY":7276,"documentHeight":12362,"viewportHeight":682}}
[2026-07-24T09:42:15.408Z] {"timestamp":1784886135297,"kind":"scroll","url":"http://localhost:3000/#team","viewport":{"width":1182,"height":682},"payload":{"scrollX":15.199999809265137,"scrollY":7276.7998046875,"documentHeight":12362,"viewportHeight":682}}
[2026-07-24T09:42:17.401Z] {"timestamp":1784886135799,"kind":"scroll","url":"http://localhost:3000/#team","viewport":{"width":1182,"height":682},"payload":{"scrollX":15.199999809265137,"scrollY":8368,"documentHeight":12362,"viewportHeight":682}}
[2026-07-24T09:42:17.401Z] {"timestamp":1784886136318,"kind":"scroll","url":"http://localhost:3000/#team","viewport":{"width":1182,"height":682},"payload":{"scrollX":15.199999809265137,"scrollY":9192,"documentHeight":12362,"viewportHeight":682}}
[2026-07-24T09:42:17.401Z] {"timestamp":1784886136818,"kind":"scroll","url":"http://localhost:3000/#team","viewport":{"width":1182,"height":682},"payload":{"scrollX":15.199999809265137,"scrollY":9434.400390625,"documentHeight":12362,"viewportHeight":682}}
[2026-07-24T09:42:17.401Z] {"timestamp":1784886137333,"kind":"scroll","url":"http://localhost:3000/#team","viewport":{"width":1182,"height":682},"payload":{"scrollX":15.199999809265137,"scrollY":9504,"documentHeight":12362,"viewportHeight":682}}
[2026-07-24T09:42:19.399Z] {"timestamp":1784886137849,"kind":"scroll","url":"http://localhost:3000/#team","viewport":{"width":1182,"height":682},"payload":{"scrollX":15.199999809265137,"scrollY":9932,"documentHeight":12362,"viewportHeight":682}}
[2026-07-24T09:42:19.400Z] {"timestamp":1784886138365,"kind":"scroll","url":"http://localhost:3000/#team","viewport":{"width":1182,"height":682},"payload":{"scrollX":15.199999809265137,"scrollY":10876,"documentHeight":12362,"viewportHeight":682}}
[2026-07-24T09:42:19.400Z] {"timestamp":1784886138882,"kind":"scroll","url":"http://localhost:3000/#team","viewport":{"width":1182,"height":682},"payload":{"scrollX":15.199999809265137,"scrollY":10936,"documentHeight":12362,"viewportHeight":682}}
[2026-07-24T09:42:21.404Z] {"timestamp":1784886139782,"kind":"scroll","url":"http://localhost:3000/#team","viewport":{"width":1182,"height":682},"payload":{"scrollX":0.800000011920929,"scrollY":11690.400390625,"documentHeight":12362,"viewportHeight":682}}
[2026-07-24T09:42:21.404Z] {"timestamp":1784886140283,"kind":"scroll","url":"http://localhost:3000/#team","viewport":{"width":1182,"height":682},"payload":{"scrollX":0.800000011920929,"scrollY":11551.2001953125,"documentHeight":12362,"viewportHeight":682}}
[2026-07-24T09:42:21.404Z] {"timestamp":1784886140799,"kind":"scroll","url":"http://localhost:3000/#team","viewport":{"width":1182,"height":682},"payload":{"scrollX":0.800000011920929,"scrollY":11396,"documentHeight":12417,"viewportHeight":682}}
[2026-07-24T09:42:25.827Z] {"timestamp":1784886143992,"kind":"scroll","url":"http://localhost:3000/#team","viewport":{"width":1182,"height":682},"payload":{"scrollX":0.800000011920929,"scrollY":11341.599609375,"documentHeight":12362,"viewportHeight":682}}
[2026-07-24T09:42:47.427Z] {"timestamp":1784886166385,"kind":"scroll","url":"http://localhost:3000/#team","viewport":{"width":1182,"height":682},"payload":{"scrollX":0.800000011920929,"scrollY":11396,"documentHeight":12417,"viewportHeight":682}}
[2026-07-24T09:42:51.691Z] {"timestamp":1784886169573,"kind":"scroll","url":"http://localhost:3000/#team","viewport":{"width":1182,"height":682},"payload":{"scrollX":0.800000011920929,"scrollY":11341.599609375,"documentHeight":12362,"viewportHeight":682}}
[2026-07-24T09:43:15.823Z] {"timestamp":1784886194067,"kind":"scroll","url":"http://localhost:3000/#team","viewport":{"width":1182,"height":682},"payload":{"scrollX":0.800000011920929,"scrollY":11396,"documentHeight":12417,"viewportHeight":682}}
[2026-07-24T09:43:19.415Z] {"timestamp":1784886198333,"kind":"scroll","url":"http://localhost:3000/#team","viewport":{"width":1182,"height":682},"payload":{"scrollX":0.800000011920929,"scrollY":11341.599609375,"documentHeight":12362,"viewportHeight":682}}
[2026-07-24T09:43:41.401Z] {"timestamp":1784886220801,"kind":"scroll","url":"http://localhost:3000/#team","viewport":{"width":1182,"height":682},"payload":{"scrollX":0.800000011920929,"scrollY":11396,"documentHeight":12417,"viewportHeight":682}}
[2026-07-24T09:43:43.403Z] {"timestamp":1784886222701,"kind":"scroll","url":"http://localhost:3000/#team","viewport":{"width":1182,"height":682},"payload":{"scrollX":0.800000011920929,"scrollY":11341.599609375,"documentHeight":12362,"viewportHeight":682}}
[2026-07-24T09:43:43.403Z] {"timestamp":1784886223320,"kind":"scroll","url":"http://localhost:3000/#team","viewport":{"width":1182,"height":682},"payload":{"scrollX":0.800000011920929,"scrollY":11277.599609375,"documentHeight":12362,"viewportHeight":682}}
[2026-07-24T09:43:45.825Z] {"timestamp":1784886223821,"kind":"scroll","url":"http://localhost:3000/#team","viewport":{"width":1182,"height":682},"payload":{"scrollX":0.800000011920929,"scrollY":10380.7998046875,"documentHeight":12362,"viewportHeight":682}}
[2026-07-24T09:43:45.825Z] {"timestamp":1784886224353,"kind":"scroll","url":"http://localhost:3000/#team","viewport":{"width":1182,"height":682},"payload":{"scrollX":0.800000011920929,"scrollY":9619.2001953125,"documentHeight":12362,"viewportHeight":682}}
[2026-07-24T09:43:47.820Z] {"timestamp":1784886227083,"kind":"scroll","url":"http://localhost:3000/#team","viewport":{"width":1182,"height":682},"payload":{"scrollX":0.800000011920929,"scrollY":9457.599609375,"documentHeight":12362,"viewportHeight":682}}
[2026-07-24T09:43:59.401Z] {"timestamp":1784886238138,"kind":"scroll","url":"http://localhost:3000/#team","viewport":{"width":1182,"height":682},"payload":{"scrollX":0.800000011920929,"scrollY":9403.2001953125,"documentHeight":12362,"viewportHeight":682}}
[2026-07-24T09:43:59.401Z] {"timestamp":1784886238654,"kind":"scroll","url":"http://localhost:3000/#team","viewport":{"width":1182,"height":682},"payload":{"scrollX":0.800000011920929,"scrollY":9051.2001953125,"documentHeight":12417,"viewportHeight":682}}
[2026-07-24T09:43:59.401Z] {"timestamp":1784886239238,"kind":"scroll","url":"http://localhost:3000/#team","viewport":{"width":1182,"height":682},"payload":{"scrollX":0.800000011920929,"scrollY":8708.7998046875,"documentHeight":12417,"viewportHeight":682}}
[2026-07-24T09:44:01.398Z] {"timestamp":1784886239803,"kind":"scroll","url":"http://localhost:3000/#team","viewport":{"width":1182,"height":682},"payload":{"scrollX":0.800000011920929,"scrollY":8684.7998046875,"documentHeight":12417,"viewportHeight":682}}
[2026-07-24T09:44:01.398Z] {"timestamp":1784886240570,"kind":"scroll","url":"http://localhost:3000/#team","viewport":{"width":1182,"height":682},"payload":{"scrollX":0.800000011920929,"scrollY":8559.2001953125,"documentHeight":12362,"viewportHeight":682}}
[2026-07-24T09:44:03.399Z] {"timestamp":1784886241471,"kind":"scroll","url":"http://localhost:3000/#team","viewport":{"width":1182,"height":682},"payload":{"scrollX":0.800000011920929,"scrollY":8287.2001953125,"documentHeight":12362,"viewportHeight":682}}
[2026-07-24T09:44:05.398Z] {"timestamp":1784886243933,"kind":"click","url":"http://localhost:3000/#team","viewport":{"width":1182,"height":682},"payload":{"target":{"tag":"img","id":null,"name":null,"type":null,"role":null,"ariaLabel":null,"testId":null,"dataLoc":"client\\src\\components\\TeamSection.tsx:53","href":null,"text":"","selectorHint":"[data-loc=\"client\\src\\components\\TeamSection.tsx:53\"]"},"x":156,"y":280}}
[2026-07-24T09:44:05.398Z] {"timestamp":1784886244405,"kind":"click","url":"http://localhost:3000/#team","viewport":{"width":1182,"height":682},"payload":{"target":{"tag":"img","id":null,"name":null,"type":null,"role":null,"ariaLabel":null,"testId":null,"dataLoc":"client\\src\\components\\TeamSection.tsx:53","href":null,"text":"","selectorHint":"[data-loc=\"client\\src\\components\\TeamSection.tsx:53\"]"},"x":156,"y":280}}
[2026-07-24T09:44:05.398Z] {"timestamp":1784886244569,"kind":"click","url":"http://localhost:3000/#team","viewport":{"width":1182,"height":682},"payload":{"target":{"tag":"img","id":null,"name":null,"type":null,"role":null,"ariaLabel":null,"testId":null,"dataLoc":"client\\src\\components\\TeamSection.tsx:53","href":null,"text":"","selectorHint":"[data-loc=\"client\\src\\components\\TeamSection.tsx:53\"]"},"x":156,"y":280}}
[2026-07-24T09:44:05.398Z] {"timestamp":1784886244749,"kind":"click","url":"http://localhost:3000/#team","viewport":{"width":1182,"height":682},"payload":{"target":{"tag":"img","id":null,"name":null,"type":null,"role":null,"ariaLabel":null,"testId":null,"dataLoc":"client\\src\\components\\TeamSection.tsx:53","href":null,"text":"","selectorHint":"[data-loc=\"client\\src\\components\\TeamSection.tsx:53\"]"},"x":156,"y":280}}
[2026-07-24T09:44:05.398Z] {"timestamp":1784886244933,"kind":"click","url":"http://localhost:3000/#team","viewport":{"width":1182,"height":682},"payload":{"target":{"tag":"img","id":null,"name":null,"type":null,"role":null,"ariaLabel":null,"testId":null,"dataLoc":"client\\src\\components\\TeamSection.tsx:53","href":null,"text":"","selectorHint":"[data-loc=\"client\\src\\components\\TeamSection.tsx:53\"]"},"x":156,"y":280}}
[2026-07-24T09:44:07.413Z] {"timestamp":1784886245661,"kind":"click","url":"http://localhost:3000/#team","viewport":{"width":1182,"height":682},"payload":{"target":{"tag":"div","id":null,"name":null,"type":null,"role":null,"ariaLabel":null,"testId":null,"dataLoc":"client\\src\\components\\TeamSection.tsx:35","href":null,"text":"Ayush Singh Core Team Member Active contributor in the GFG Student Chapter commu…","selectorHint":"[data-loc=\"client\\src\\components\\TeamSection.tsx:35\"]"},"x":344,"y":301}}
[2026-07-24T09:44:07.413Z] {"timestamp":1784886245996,"kind":"click","url":"http://localhost:3000/#team","viewport":{"width":1182,"height":682},"payload":{"target":{"tag":"img","id":null,"name":null,"type":null,"role":null,"ariaLabel":null,"testId":null,"dataLoc":"client\\src\\components\\TeamSection.tsx:53","href":null,"text":"","selectorHint":"[data-loc=\"client\\src\\components\\TeamSection.tsx:53\"]"},"x":344,"y":301}}
[2026-07-24T09:44:07.413Z] {"timestamp":1784886246163,"kind":"click","url":"http://localhost:3000/#team","viewport":{"width":1182,"height":682},"payload":{"target":{"tag":"img","id":null,"name":null,"type":null,"role":null,"ariaLabel":null,"testId":null,"dataLoc":"client\\src\\components\\TeamSection.tsx:53","href":null,"text":"","selectorHint":"[data-loc=\"client\\src\\components\\TeamSection.tsx:53\"]"},"x":344,"y":301}}
[2026-07-24T09:44:07.413Z] {"timestamp":1784886246390,"kind":"click","url":"http://localhost:3000/#team","viewport":{"width":1182,"height":682},"payload":{"target":{"tag":"img","id":null,"name":null,"type":null,"role":null,"ariaLabel":null,"testId":null,"dataLoc":"client\\src\\components\\TeamSection.tsx:53","href":null,"text":"","selectorHint":"[data-loc=\"client\\src\\components\\TeamSection.tsx:53\"]"},"x":344,"y":301}}
[2026-07-24T09:44:07.413Z] {"timestamp":1784886246454,"kind":"scroll","url":"http://localhost:3000/#team","viewport":{"width":1182,"height":682},"payload":{"scrollX":0.800000011920929,"scrollY":8105.60009765625,"documentHeight":12417,"viewportHeight":682}}
[2026-07-24T09:44:09.401Z] {"timestamp":1784886247554,"kind":"scroll","url":"http://localhost:3000/#team","viewport":{"width":1182,"height":682},"payload":{"scrollX":0.800000011920929,"scrollY":8104,"documentHeight":12417,"viewportHeight":682}}
[2026-07-24T09:44:09.401Z] {"timestamp":1784886248358,"kind":"scroll","url":"http://localhost:3000/#team","viewport":{"width":1182,"height":682},"payload":{"scrollX":0.800000011920929,"scrollY":7775.2001953125,"documentHeight":12362,"viewportHeight":682}}
[2026-07-24T09:44:11.404Z] {"timestamp":1784886250471,"kind":"scroll","url":"http://localhost:3000/#team","viewport":{"width":1182,"height":682},"payload":{"scrollX":0.800000011920929,"scrollY":7828.7998046875,"documentHeight":12417,"viewportHeight":682}}
[2026-07-24T09:44:11.404Z] {"timestamp":1784886250985,"kind":"click","url":"http://localhost:3000/#team","viewport":{"width":1182,"height":682},"payload":{"target":{"tag":"img","id":null,"name":null,"type":null,"role":null,"ariaLabel":null,"testId":null,"dataLoc":"client\\src\\components\\TeamSection.tsx:53","href":null,"text":"","selectorHint":"[data-loc=\"client\\src\\components\\TeamSection.tsx:53\"]"},"x":576,"y":258}}
[2026-07-24T09:44:13.399Z] {"timestamp":1784886251646,"kind":"click","url":"http://localhost:3000/#team","viewport":{"width":1182,"height":682},"payload":{"target":{"tag":"img","id":null,"name":null,"type":null,"role":null,"ariaLabel":null,"testId":null,"dataLoc":"client\\src\\components\\TeamSection.tsx:53","href":null,"text":"","selectorHint":"[data-loc=\"client\\src\\components\\TeamSection.tsx:53\"]"},"x":613,"y":264}}
[2026-07-24T09:44:13.399Z] {"timestamp":1784886251810,"kind":"click","url":"http://localhost:3000/#team","viewport":{"width":1182,"height":682},"payload":{"target":{"tag":"img","id":null,"name":null,"type":null,"role":null,"ariaLabel":null,"testId":null,"dataLoc":"client\\src\\components\\TeamSection.tsx:53","href":null,"text":"","selectorHint":"[data-loc=\"client\\src\\components\\TeamSection.tsx:53\"]"},"x":613,"y":264}}
[2026-07-24T09:44:13.399Z] {"timestamp":1784886251999,"kind":"click","url":"http://localhost:3000/#team","viewport":{"width":1182,"height":682},"payload":{"target":{"tag":"img","id":null,"name":null,"type":null,"role":null,"ariaLabel":null,"testId":null,"dataLoc":"client\\src\\components\\TeamSection.tsx:53","href":null,"text":"","selectorHint":"[data-loc=\"client\\src\\components\\TeamSection.tsx:53\"]"},"x":613,"y":264}}
[2026-07-24T09:44:13.399Z] {"timestamp":1784886252305,"kind":"scroll","url":"http://localhost:3000/#team","viewport":{"width":1182,"height":682},"payload":{"scrollX":0.800000011920929,"scrollY":7775.2001953125,"documentHeight":12362,"viewportHeight":682}}
[2026-07-24T09:44:15.397Z] {"timestamp":1784886253910,"kind":"click","url":"http://localhost:3000/#team","viewport":{"width":1182,"height":682},"payload":{"target":{"tag":"img","id":null,"name":null,"type":null,"role":null,"ariaLabel":null,"testId":null,"dataLoc":"client\\src\\components\\TeamSection.tsx:53","href":null,"text":"","selectorHint":"[data-loc=\"client\\src\\components\\TeamSection.tsx:53\"]"},"x":640,"y":175}}
[2026-07-24T09:44:15.397Z] {"timestamp":1784886254099,"kind":"click","url":"http://localhost:3000/#team","viewport":{"width":1182,"height":682},"payload":{"target":{"tag":"img","id":null,"name":null,"type":null,"role":null,"ariaLabel":null,"testId":null,"dataLoc":"client\\src\\components\\TeamSection.tsx:53","href":null,"text":"","selectorHint":"[data-loc=\"client\\src\\components\\TeamSection.tsx:53\"]"},"x":640,"y":175}}
[2026-07-24T09:44:15.397Z] {"timestamp":1784886254521,"kind":"scroll","url":"http://localhost:3000/#team","viewport":{"width":1182,"height":682},"payload":{"scrollX":0.800000011920929,"scrollY":7828.7998046875,"documentHeight":12417,"viewportHeight":682}}
[2026-07-24T09:44:17.399Z] {"timestamp":1784886256421,"kind":"scroll","url":"http://localhost:3000/#team","viewport":{"width":1182,"height":682},"payload":{"scrollX":0.800000011920929,"scrollY":7775.2001953125,"documentHeight":12362,"viewportHeight":682}}
[2026-07-24T09:44:17.399Z] {"timestamp":1784886257160,"kind":"click","url":"http://localhost:3000/#team","viewport":{"width":1182,"height":682},"payload":{"target":{"tag":"img","id":null,"name":null,"type":null,"role":null,"ariaLabel":null,"testId":null,"dataLoc":"client\\src\\components\\TeamSection.tsx:53","href":null,"text":"","selectorHint":"[data-loc=\"client\\src\\components\\TeamSection.tsx:53\"]"},"x":930,"y":220}}
[2026-07-24T09:44:19.399Z] {"timestamp":1784886257568,"kind":"click","url":"http://localhost:3000/#team","viewport":{"width":1182,"height":682},"payload":{"target":{"tag":"div","id":null,"name":null,"type":null,"role":null,"ariaLabel":null,"testId":null,"dataLoc":"client\\src\\components\\TeamSection.tsx:35","href":null,"text":"Ayush Singh Core Team Member Active contributor in the GFG Student Chapter commu…","selectorHint":"[data-loc=\"client\\src\\components\\TeamSection.tsx:35\"]"},"x":602,"y":291}}
[2026-07-24T09:44:19.399Z] {"timestamp":1784886257789,"kind":"scroll","url":"http://localhost:3000/#team","viewport":{"width":1182,"height":682},"payload":{"scrollX":0.800000011920929,"scrollY":7818.39990234375,"documentHeight":12362,"viewportHeight":682}}
[2026-07-24T09:44:19.399Z] {"timestamp":1784886258292,"kind":"scroll","url":"http://localhost:3000/#team","viewport":{"width":1182,"height":682},"payload":{"scrollX":0.800000011920929,"scrollY":8404,"documentHeight":12362,"viewportHeight":682}}
[2026-07-24T09:44:19.399Z] {"timestamp":1784886258807,"kind":"scroll","url":"http://localhost:3000/#team","viewport":{"width":1182,"height":682},"payload":{"scrollX":0.800000011920929,"scrollY":8840,"documentHeight":12362,"viewportHeight":682}}
[2026-07-24T09:44:19.399Z] {"timestamp":1784886259322,"kind":"scroll","url":"http://localhost:3000/#team","viewport":{"width":1182,"height":682},"payload":{"scrollX":0.800000011920929,"scrollY":8944,"documentHeight":12362,"viewportHeight":682}}
[2026-07-24T09:44:25.399Z] {"timestamp":1784886263805,"kind":"scroll","url":"http://localhost:3000/#team","viewport":{"width":1182,"height":682},"payload":{"scrollX":0.800000011920929,"scrollY":8920,"documentHeight":12417,"viewportHeight":682}}
[2026-07-24T09:44:25.399Z] {"timestamp":1784886264457,"kind":"scroll","url":"http://localhost:3000/#team","viewport":{"width":1182,"height":682},"payload":{"scrollX":0.800000011920929,"scrollY":8584.7998046875,"documentHeight":12362,"viewportHeight":682}}
[2026-07-24T09:44:25.399Z] {"timestamp":1784886264989,"kind":"scroll","url":"http://localhost:3000/#team","viewport":{"width":1182,"height":682},"payload":{"scrollX":0.800000011920929,"scrollY":8336,"documentHeight":12362,"viewportHeight":682}}
[2026-07-24T09:44:29.398Z] {"timestamp":1784886267655,"kind":"scroll","url":"http://localhost:3000/#team","viewport":{"width":1182,"height":682},"payload":{"scrollX":0.800000011920929,"scrollY":8075.2001953125,"documentHeight":12417,"viewportHeight":682}}
[2026-07-24T09:44:29.398Z] {"timestamp":1784886268157,"kind":"scroll","url":"http://localhost:3000/#team","viewport":{"width":1182,"height":682},"payload":{"scrollX":0.800000011920929,"scrollY":7612.7998046875,"documentHeight":12417,"viewportHeight":682}}
[2026-07-24T09:44:29.398Z] {"timestamp":1784886268672,"kind":"scroll","url":"http://localhost:3000/#team","viewport":{"width":1182,"height":682},"payload":{"scrollX":0.800000011920929,"scrollY":6164.7998046875,"documentHeight":12362,"viewportHeight":682}}
[2026-07-24T09:44:29.398Z] {"timestamp":1784886269174,"kind":"scroll","url":"http://localhost:3000/#team","viewport":{"width":1182,"height":682},"payload":{"scrollX":0.800000011920929,"scrollY":5864,"documentHeight":12362,"viewportHeight":682}}
[2026-07-24T09:44:31.398Z] {"timestamp":1784886269675,"kind":"scroll","url":"http://localhost:3000/#team","viewport":{"width":1182,"height":682},"payload":{"scrollX":0.800000011920929,"scrollY":7338.39990234375,"documentHeight":12362,"viewportHeight":682}}
[2026-07-24T09:44:33.398Z] {"timestamp":1784886272272,"kind":"scroll","url":"http://localhost:3000/#team","viewport":{"width":1182,"height":682},"payload":{"scrollX":0.800000011920929,"scrollY":7860,"documentHeight":12362,"viewportHeight":682}}
[2026-07-24T09:44:39.400Z] {"timestamp":1784886278087,"kind":"scroll","url":"http://localhost:3000/#team","viewport":{"width":1182,"height":682},"payload":{"scrollX":0.800000011920929,"scrollY":7913.60009765625,"documentHeight":12417,"viewportHeight":682}}
[2026-07-24T09:44:41.398Z] {"timestamp":1784886279988,"kind":"scroll","url":"http://localhost:3000/#team","viewport":{"width":1182,"height":682},"payload":{"scrollX":0.800000011920929,"scrollY":7860,"documentHeight":12362,"viewportHeight":682}}
[2026-07-24T09:44:43.409Z] {"timestamp":1784886281988,"kind":"scroll","url":"http://localhost:3000/#team","viewport":{"width":1182,"height":682},"payload":{"scrollX":0.800000011920929,"scrollY":7913.60009765625,"documentHeight":12417,"viewportHeight":682}}
[2026-07-24T09:44:45.398Z] {"timestamp":1784886283847,"kind":"scroll","url":"http://localhost:3000/#team","viewport":{"width":1182,"height":682},"payload":{"scrollX":0.800000011920929,"scrollY":7860,"documentHeight":12362,"viewportHeight":682}}
[2026-07-24T09:44:47.399Z] {"timestamp":1784886285938,"kind":"scroll","url":"http://localhost:3000/#team","viewport":{"width":1182,"height":682},"payload":{"scrollX":0.800000011920929,"scrollY":7913.60009765625,"documentHeight":12417,"viewportHeight":682}}
[2026-07-24T09:44:49.411Z] {"timestamp":1784886287855,"kind":"scroll","url":"http://localhost:3000/#team","viewport":{"width":1182,"height":682},"payload":{"scrollX":0.800000011920929,"scrollY":7860,"documentHeight":12362,"viewportHeight":682}}
[2026-07-24T09:44:55.399Z] {"timestamp":1784886293606,"kind":"scroll","url":"http://localhost:3000/#team","viewport":{"width":1182,"height":682},"payload":{"scrollX":0.800000011920929,"scrollY":7913.60009765625,"documentHeight":12417,"viewportHeight":682}}
[2026-07-24T09:44:57.399Z] {"timestamp":1784886295505,"kind":"scroll","url":"http://localhost:3000/#team","viewport":{"width":1182,"height":682},"payload":{"scrollX":0.800000011920929,"scrollY":7860,"documentHeight":12362,"viewportHeight":682}}
[2026-07-24T09:44:59.411Z] {"timestamp":1784886297606,"kind":"scroll","url":"http://localhost:3000/#team","viewport":{"width":1182,"height":682},"payload":{"scrollX":0.800000011920929,"scrollY":7913.60009765625,"documentHeight":12417,"viewportHeight":682}}
[2026-07-24T09:45:01.397Z] {"timestamp":1784886299440,"kind":"scroll","url":"http://localhost:3000/#team","viewport":{"width":1182,"height":682},"payload":{"scrollX":0.800000011920929,"scrollY":7860,"documentHeight":12362,"viewportHeight":682}}
[2026-07-24T09:45:03.399Z] {"timestamp":1784886301489,"kind":"scroll","url":"http://localhost:3000/#team","viewport":{"width":1182,"height":682},"payload":{"scrollX":0.800000011920929,"scrollY":7913.60009765625,"documentHeight":12417,"viewportHeight":682}}
[2026-07-24T09:45:03.399Z] {"timestamp":1784886303390,"kind":"scroll","url":"http://localhost:3000/#team","viewport":{"width":1182,"height":682},"payload":{"scrollX":0.800000011920929,"scrollY":7860,"documentHeight":12362,"viewportHeight":682}}
[2026-07-24T09:45:09.398Z] {"timestamp":1784886309190,"kind":"scroll","url":"http://localhost:3000/#team","viewport":{"width":1182,"height":682},"payload":{"scrollX":0.800000011920929,"scrollY":7913.60009765625,"documentHeight":12417,"viewportHeight":682}}
[2026-07-24T09:45:11.404Z] {"timestamp":1784886311090,"kind":"scroll","url":"http://localhost:3000/#team","viewport":{"width":1182,"height":682},"payload":{"scrollX":0.800000011920929,"scrollY":7860,"documentHeight":12362,"viewportHeight":682}}
[2026-07-24T09:45:13.398Z] {"timestamp":1784886313073,"kind":"scroll","url":"http://localhost:3000/#team","viewport":{"width":1182,"height":682},"payload":{"scrollX":0.800000011920929,"scrollY":7913.60009765625,"documentHeight":12417,"viewportHeight":682}}
[2026-07-24T09:45:15.399Z] {"timestamp":1784886314908,"kind":"scroll","url":"http://localhost:3000/#team","viewport":{"width":1182,"height":682},"payload":{"scrollX":0.800000011920929,"scrollY":7860,"documentHeight":12362,"viewportHeight":682}}
[2026-07-24T09:45:17.398Z] {"timestamp":1784886317023,"kind":"scroll","url":"http://localhost:3000/#team","viewport":{"width":1182,"height":682},"payload":{"scrollX":0.800000011920929,"scrollY":7913.60009765625,"documentHeight":12417,"viewportHeight":682}}
[2026-07-24T09:45:19.413Z] {"timestamp":1784886318923,"kind":"scroll","url":"http://localhost:3000/#team","viewport":{"width":1182,"height":682},"payload":{"scrollX":0.800000011920929,"scrollY":7860,"documentHeight":12362,"viewportHeight":682}}
[2026-07-24T09:45:25.399Z] {"timestamp":1784886324859,"kind":"scroll","url":"http://localhost:3000/#team","viewport":{"width":1182,"height":682},"payload":{"scrollX":0.800000011920929,"scrollY":7913.60009765625,"documentHeight":12417,"viewportHeight":682}}
[2026-07-24T09:45:27.414Z] {"timestamp":1784886326775,"kind":"scroll","url":"http://localhost:3000/#team","viewport":{"width":1182,"height":682},"payload":{"scrollX":0.800000011920929,"scrollY":7860,"documentHeight":12362,"viewportHeight":682}}
[2026-07-24T09:45:29.399Z] {"timestamp":1784886328908,"kind":"scroll","url":"http://localhost:3000/#team","viewport":{"width":1182,"height":682},"payload":{"scrollX":0.800000011920929,"scrollY":7913.60009765625,"documentHeight":12417,"viewportHeight":682}}
[2026-07-24T09:45:31.400Z] {"timestamp":1784886330744,"kind":"scroll","url":"http://localhost:3000/#team","viewport":{"width":1182,"height":682},"payload":{"scrollX":0.800000011920929,"scrollY":7860,"documentHeight":12362,"viewportHeight":682}}
[2026-07-24T09:45:33.402Z] {"timestamp":1784886332963,"kind":"scroll","url":"http://localhost:3000/#team","viewport":{"width":1182,"height":682},"payload":{"scrollX":0.800000011920929,"scrollY":7913.60009765625,"documentHeight":12417,"viewportHeight":682}}
[2026-07-24T09:45:35.399Z] {"timestamp":1784886334895,"kind":"scroll","url":"http://localhost:3000/#team","viewport":{"width":1182,"height":682},"payload":{"scrollX":0.800000011920929,"scrollY":7860,"documentHeight":12362,"viewportHeight":682}}
[2026-07-24T09:45:41.399Z] {"timestamp":1784886340975,"kind":"scroll","url":"http://localhost:3000/#team","viewport":{"width":1182,"height":682},"payload":{"scrollX":0.800000011920929,"scrollY":7913.60009765625,"documentHeight":12417,"viewportHeight":682}}
[2026-07-24T09:45:43.400Z] {"timestamp":1784886342912,"kind":"scroll","url":"http://localhost:3000/#team","viewport":{"width":1182,"height":682},"payload":{"scrollX":0.800000011920929,"scrollY":7860,"documentHeight":12362,"viewportHeight":682}}
[2026-07-24T09:45:45.399Z] {"timestamp":1784886345042,"kind":"scroll","url":"http://localhost:3000/#team","viewport":{"width":1182,"height":682},"payload":{"scrollX":0.800000011920929,"scrollY":7913.60009765625,"documentHeight":12417,"viewportHeight":682}}
[2026-07-24T09:45:47.415Z] {"timestamp":1784886346879,"kind":"scroll","url":"http://localhost:3000/#team","viewport":{"width":1182,"height":682},"payload":{"scrollX":0.800000011920929,"scrollY":7860,"documentHeight":12362,"viewportHeight":682}}
[2026-07-24T09:45:49.400Z] {"timestamp":1784886349112,"kind":"scroll","url":"http://localhost:3000/#team","viewport":{"width":1182,"height":682},"payload":{"scrollX":0.800000011920929,"scrollY":7913.60009765625,"documentHeight":12417,"viewportHeight":682}}
[2026-07-24T09:45:51.403Z] {"timestamp":1784886351026,"kind":"scroll","url":"http://localhost:3000/#team","viewport":{"width":1182,"height":682},"payload":{"scrollX":0.800000011920929,"scrollY":7860,"documentHeight":12362,"viewportHeight":682}}
[2026-07-24T09:45:57.399Z] {"timestamp":1784886357078,"kind":"scroll","url":"http://localhost:3000/#team","viewport":{"width":1182,"height":682},"payload":{"scrollX":0.800000011920929,"scrollY":7913.60009765625,"documentHeight":12417,"viewportHeight":682}}
[2026-07-24T09:45:59.413Z] {"timestamp":1784886358994,"kind":"scroll","url":"http://localhost:3000/#team","viewport":{"width":1182,"height":682},"payload":{"scrollX":0.800000011920929,"scrollY":7860,"documentHeight":12362,"viewportHeight":682}}
[2026-07-24T09:46:01.400Z] {"timestamp":1784886361127,"kind":"scroll","url":"http://localhost:3000/#team","viewport":{"width":1182,"height":682},"payload":{"scrollX":0.800000011920929,"scrollY":7913.60009765625,"documentHeight":12417,"viewportHeight":682}}
[2026-07-24T09:46:03.416Z] {"timestamp":1784886362961,"kind":"scroll","url":"http://localhost:3000/#team","viewport":{"width":1182,"height":682},"payload":{"scrollX":0.800000011920929,"scrollY":7860,"documentHeight":12362,"viewportHeight":682}}
[2026-07-24T09:46:05.401Z] {"timestamp":1784886365210,"kind":"scroll","url":"http://localhost:3000/#team","viewport":{"width":1182,"height":682},"payload":{"scrollX":0.800000011920929,"scrollY":7913.60009765625,"documentHeight":12417,"viewportHeight":682}}
[2026-07-24T09:46:07.401Z] {"timestamp":1784886367127,"kind":"scroll","url":"http://localhost:3000/#team","viewport":{"width":1182,"height":682},"payload":{"scrollX":0.800000011920929,"scrollY":7860,"documentHeight":12362,"viewportHeight":682}}
[2026-07-24T09:46:13.400Z] {"timestamp":1784886373211,"kind":"scroll","url":"http://localhost:3000/#team","viewport":{"width":1182,"height":682},"payload":{"scrollX":0.800000011920929,"scrollY":7913.60009765625,"documentHeight":12417,"viewportHeight":682}}
[2026-07-24T09:46:15.417Z] {"timestamp":1784886375144,"kind":"scroll","url":"http://localhost:3000/#team","viewport":{"width":1182,"height":682},"payload":{"scrollX":0.800000011920929,"scrollY":7860,"documentHeight":12362,"viewportHeight":682}}
[2026-07-24T09:46:17.402Z] {"timestamp":1784886377264,"kind":"scroll","url":"http://localhost:3000/#team","viewport":{"width":1182,"height":682},"payload":{"scrollX":0.800000011920929,"scrollY":7913.60009765625,"documentHeight":12417,"viewportHeight":682}}
[2026-07-24T09:46:19.418Z] {"timestamp":1784886379094,"kind":"scroll","url":"http://localhost:3000/#team","viewport":{"width":1182,"height":682},"payload":{"scrollX":0.800000011920929,"scrollY":7860,"documentHeight":12362,"viewportHeight":682}}
[2026-07-24T09:46:21.401Z] {"timestamp":1784886381312,"kind":"scroll","url":"http://localhost:3000/#team","viewport":{"width":1182,"height":682},"payload":{"scrollX":0.800000011920929,"scrollY":7913.60009765625,"documentHeight":12417,"viewportHeight":682}}
[2026-07-24T09:46:23.401Z] {"timestamp":1784886383229,"kind":"scroll","url":"http://localhost:3000/#team","viewport":{"width":1182,"height":682},"payload":{"scrollX":0.800000011920929,"scrollY":7860,"documentHeight":12362,"viewportHeight":682}}
[2026-07-24T09:46:29.402Z] {"timestamp":1784886389331,"kind":"scroll","url":"http://localhost:3000/#team","viewport":{"width":1182,"height":682},"payload":{"scrollX":0.800000011920929,"scrollY":7913.60009765625,"documentHeight":12417,"viewportHeight":682}}
[2026-07-24T09:46:31.420Z] {"timestamp":1784886391246,"kind":"scroll","url":"http://localhost:3000/#team","viewport":{"width":1182,"height":682},"payload":{"scrollX":0.800000011920929,"scrollY":7860,"documentHeight":12362,"viewportHeight":682}}
[2026-07-24T09:46:33.405Z] {"timestamp":1784886393380,"kind":"scroll","url":"http://localhost:3000/#team","viewport":{"width":1182,"height":682},"payload":{"scrollX":0.800000011920929,"scrollY":7913.60009765625,"documentHeight":12417,"viewportHeight":682}}
[2026-07-24T09:46:35.430Z] {"timestamp":1784886395213,"kind":"scroll","url":"http://localhost:3000/#team","viewport":{"width":1182,"height":682},"payload":{"scrollX":0.800000011920929,"scrollY":7860,"documentHeight":12362,"viewportHeight":682}}
[2026-07-24T09:46:39.410Z] {"timestamp":1784886397446,"kind":"scroll","url":"http://localhost:3000/#team","viewport":{"width":1182,"height":682},"payload":{"scrollX":0.800000011920929,"scrollY":7913.60009765625,"documentHeight":12417,"viewportHeight":682}}
[2026-07-24T09:46:39.410Z] {"timestamp":1784886399380,"kind":"scroll","url":"http://localhost:3000/#team","viewport":{"width":1182,"height":682},"payload":{"scrollX":0.800000011920929,"scrollY":7860,"documentHeight":12362,"viewportHeight":682}}
[2026-07-24T09:46:47.422Z] {"timestamp":1784886405514,"kind":"scroll","url":"http://localhost:3000/#team","viewport":{"width":1182,"height":682},"payload":{"scrollX":0.800000011920929,"scrollY":7913.60009765625,"documentHeight":12417,"viewportHeight":682}}
[2026-07-24T09:46:49.402Z] {"timestamp":1784886407446,"kind":"scroll","url":"http://localhost:3000/#team","viewport":{"width":1182,"height":682},"payload":{"scrollX":0.800000011920929,"scrollY":7860,"documentHeight":12362,"viewportHeight":682}}
[2026-07-24T09:46:51.413Z] {"timestamp":1784886409563,"kind":"scroll","url":"http://localhost:3000/#team","viewport":{"width":1182,"height":682},"payload":{"scrollX":0.800000011920929,"scrollY":7913.60009765625,"documentHeight":12417,"viewportHeight":682}}
[2026-07-24T09:46:53.403Z] {"timestamp":1784886411415,"kind":"scroll","url":"http://localhost:3000/#team","viewport":{"width":1182,"height":682},"payload":{"scrollX":0.800000011920929,"scrollY":7860,"documentHeight":12362,"viewportHeight":682}}
[2026-07-24T09:46:53.403Z] {"timestamp":1784886411530,"kind":"click","url":"http://localhost:3000/#team","viewport":{"width":1182,"height":682},"payload":{"target":{"tag":"img","id":null,"name":null,"type":null,"role":null,"ariaLabel":null,"testId":null,"dataLoc":"client\\src\\components\\TeamSection.tsx:53","href":null,"text":"","selectorHint":"[data-loc=\"client\\src\\components\\TeamSection.tsx:53\"]"},"x":601,"y":468}}
[2026-07-24T09:46:55.402Z] {"timestamp":1784886413580,"kind":"scroll","url":"http://localhost:3000/#team","viewport":{"width":1182,"height":682},"payload":{"scrollX":0.800000011920929,"scrollY":7913.60009765625,"documentHeight":12417,"viewportHeight":682}}
[2026-07-24T09:46:57.405Z] {"timestamp":1784886415497,"kind":"scroll","url":"http://localhost:3000/#team","viewport":{"width":1182,"height":682},"payload":{"scrollX":0.800000011920929,"scrollY":7860,"documentHeight":12362,"viewportHeight":682}}
[2026-07-24T09:47:03.404Z] {"timestamp":1784886421564,"kind":"scroll","url":"http://localhost:3000/#team","viewport":{"width":1182,"height":682},"payload":{"scrollX":0.800000011920929,"scrollY":7913.60009765625,"documentHeight":12417,"viewportHeight":682}}
[2026-07-24T09:47:05.409Z] {"timestamp":1784886423482,"kind":"scroll","url":"http://localhost:3000/#team","viewport":{"width":1182,"height":682},"payload":{"scrollX":0.800000011920929,"scrollY":7860,"documentHeight":12362,"viewportHeight":682}}
[2026-07-24T09:47:07.409Z] {"timestamp":1784886425647,"kind":"scroll","url":"http://localhost:3000/#team","viewport":{"width":1182,"height":682},"payload":{"scrollX":0.800000011920929,"scrollY":7913.60009765625,"documentHeight":12417,"viewportHeight":682}}
[2026-07-24T09:47:09.404Z] {"timestamp":1784886427486,"kind":"scroll","url":"http://localhost:3000/#team","viewport":{"width":1182,"height":682},"payload":{"scrollX":0.800000011920929,"scrollY":7860,"documentHeight":12362,"viewportHeight":682}}
[2026-07-24T09:47:11.405Z] {"timestamp":1784886429702,"kind":"scroll","url":"http://localhost:3000/#team","viewport":{"width":1182,"height":682},"payload":{"scrollX":0.800000011920929,"scrollY":7913.60009765625,"documentHeight":12417,"viewportHeight":682}}
[2026-07-24T09:47:13.405Z] {"timestamp":1784886431634,"kind":"scroll","url":"http://localhost:3000/#team","viewport":{"width":1182,"height":682},"payload":{"scrollX":0.800000011920929,"scrollY":7860,"documentHeight":12362,"viewportHeight":682}}
[2026-07-24T09:47:19.407Z] {"timestamp":1784886437732,"kind":"scroll","url":"http://localhost:3000/#team","viewport":{"width":1182,"height":682},"payload":{"scrollX":0.800000011920929,"scrollY":7913.60009765625,"documentHeight":12417,"viewportHeight":682}}
[2026-07-24T09:47:21.405Z] {"timestamp":1784886439666,"kind":"scroll","url":"http://localhost:3000/#team","viewport":{"width":1182,"height":682},"payload":{"scrollX":0.800000011920929,"scrollY":7860,"documentHeight":12362,"viewportHeight":682}}
[2026-07-24T09:47:23.402Z] {"timestamp":1784886441801,"kind":"scroll","url":"http://localhost:3000/#team","viewport":{"width":1182,"height":682},"payload":{"scrollX":0.800000011920929,"scrollY":7913.60009765625,"documentHeight":12417,"viewportHeight":682}}
[2026-07-24T09:47:25.405Z] {"timestamp":1784886443632,"kind":"scroll","url":"http://localhost:3000/#team","viewport":{"width":1182,"height":682},"payload":{"scrollX":0.800000011920929,"scrollY":7860,"documentHeight":12362,"viewportHeight":682}}
[2026-07-24T09:47:27.406Z] {"timestamp":1784886445764,"kind":"scroll","url":"http://localhost:3000/#team","viewport":{"width":1182,"height":682},"payload":{"scrollX":0.800000011920929,"scrollY":7913.60009765625,"documentHeight":12417,"viewportHeight":682}}
[2026-07-24T09:47:29.406Z] {"timestamp":1784886447682,"kind":"scroll","url":"http://localhost:3000/#team","viewport":{"width":1182,"height":682},"payload":{"scrollX":0.800000011920929,"scrollY":7860,"documentHeight":12362,"viewportHeight":682}}
[2026-07-24T09:47:35.406Z] {"timestamp":1784886453719,"kind":"scroll","url":"http://localhost:3000/#team","viewport":{"width":1182,"height":682},"payload":{"scrollX":0.800000011920929,"scrollY":7913.60009765625,"documentHeight":12417,"viewportHeight":682}}
[2026-07-24T09:47:37.406Z] {"timestamp":1784886455649,"kind":"scroll","url":"http://localhost:3000/#team","viewport":{"width":1182,"height":682},"payload":{"scrollX":0.800000011920929,"scrollY":7860,"documentHeight":12362,"viewportHeight":682}}
[2026-07-24T09:47:39.407Z] {"timestamp":1784886457787,"kind":"scroll","url":"http://localhost:3000/#team","viewport":{"width":1182,"height":682},"payload":{"scrollX":0.800000011920929,"scrollY":7913.60009765625,"documentHeight":12417,"viewportHeight":682}}
[2026-07-24T09:47:41.407Z] {"timestamp":1784886459637,"kind":"scroll","url":"http://localhost:3000/#team","viewport":{"width":1182,"height":682},"payload":{"scrollX":0.800000011920929,"scrollY":7860,"documentHeight":12362,"viewportHeight":682}}
[2026-07-24T09:47:43.407Z] {"timestamp":1784886461866,"kind":"scroll","url":"http://localhost:3000/#team","viewport":{"width":1182,"height":682},"payload":{"scrollX":0.800000011920929,"scrollY":7913.60009765625,"documentHeight":12417,"viewportHeight":682}}
[2026-07-24T09:47:45.424Z] {"timestamp":1784886463785,"kind":"scroll","url":"http://localhost:3000/#team","viewport":{"width":1182,"height":682},"payload":{"scrollX":0.800000011920929,"scrollY":7860,"documentHeight":12362,"viewportHeight":682}}
[2026-07-24T09:47:51.409Z] {"timestamp":1784886469917,"kind":"scroll","url":"http://localhost:3000/#team","viewport":{"width":1182,"height":682},"payload":{"scrollX":0.800000011920929,"scrollY":7913.60009765625,"documentHeight":12417,"viewportHeight":682}}
[2026-07-24T09:47:53.406Z] {"timestamp":1784886471868,"kind":"scroll","url":"http://localhost:3000/#team","viewport":{"width":1182,"height":682},"payload":{"scrollX":0.800000011920929,"scrollY":7860,"documentHeight":12362,"viewportHeight":682}}
[2026-07-24T09:47:55.406Z] {"timestamp":1784886473969,"kind":"scroll","url":"http://localhost:3000/#team","viewport":{"width":1182,"height":682},"payload":{"scrollX":0.800000011920929,"scrollY":7913.60009765625,"documentHeight":12417,"viewportHeight":682}}
[2026-07-24T09:47:57.407Z] {"timestamp":1784886475799,"kind":"scroll","url":"http://localhost:3000/#team","viewport":{"width":1182,"height":682},"payload":{"scrollX":0.800000011920929,"scrollY":7860,"documentHeight":12362,"viewportHeight":682}}
[2026-07-24T09:47:59.406Z] {"timestamp":1784886478033,"kind":"scroll","url":"http://localhost:3000/#team","viewport":{"width":1182,"height":682},"payload":{"scrollX":0.800000011920929,"scrollY":7913.60009765625,"documentHeight":12417,"viewportHeight":682}}
[2026-07-24T09:48:01.399Z] {"timestamp":1784886479967,"kind":"scroll","url":"http://localhost:3000/#team","viewport":{"width":1182,"height":682},"payload":{"scrollX":0.800000011920929,"scrollY":7860,"documentHeight":12362,"viewportHeight":682}}
[2026-07-24T09:48:07.400Z] {"timestamp":1784886486053,"kind":"scroll","url":"http://localhost:3000/#team","viewport":{"width":1182,"height":682},"payload":{"scrollX":0.800000011920929,"scrollY":7913.60009765625,"documentHeight":12417,"viewportHeight":682}}
[2026-07-24T09:48:09.409Z] {"timestamp":1784886487983,"kind":"scroll","url":"http://localhost:3000/#team","viewport":{"width":1182,"height":682},"payload":{"scrollX":0.800000011920929,"scrollY":7860,"documentHeight":12362,"viewportHeight":682}}
[2026-07-24T09:48:11.399Z] {"timestamp":1784886490117,"kind":"scroll","url":"http://localhost:3000/#team","viewport":{"width":1182,"height":682},"payload":{"scrollX":0.800000011920929,"scrollY":7913.60009765625,"documentHeight":12417,"viewportHeight":682}}
[2026-07-24T09:48:13.404Z] {"timestamp":1784886491951,"kind":"scroll","url":"http://localhost:3000/#team","viewport":{"width":1182,"height":682},"payload":{"scrollX":0.800000011920929,"scrollY":7860,"documentHeight":12362,"viewportHeight":682}}
[2026-07-24T09:48:15.409Z] {"timestamp":1784886494162,"kind":"scroll","url":"http://localhost:3000/#team","viewport":{"width":1182,"height":682},"payload":{"scrollX":0.800000011920929,"scrollY":7913.60009765625,"documentHeight":12417,"viewportHeight":682}}
[2026-07-24T09:48:17.408Z] {"timestamp":1784886496069,"kind":"scroll","url":"http://localhost:3000/#team","viewport":{"width":1182,"height":682},"payload":{"scrollX":0.800000011920929,"scrollY":7860,"documentHeight":12362,"viewportHeight":682}}
[2026-07-24T09:48:23.402Z] {"timestamp":1784886502341,"kind":"scroll","url":"http://localhost:3000/#team","viewport":{"width":1182,"height":682},"payload":{"scrollX":0.800000011920929,"scrollY":7913.60009765625,"documentHeight":12417,"viewportHeight":682}}
[2026-07-24T09:48:25.409Z] {"timestamp":1784886504275,"kind":"scroll","url":"http://localhost:3000/#team","viewport":{"width":1182,"height":682},"payload":{"scrollX":0.800000011920929,"scrollY":7860,"documentHeight":12362,"viewportHeight":682}}
[2026-07-24T09:48:27.402Z] {"timestamp":1784886506471,"kind":"scroll","url":"http://localhost:3000/#team","viewport":{"width":1182,"height":682},"payload":{"scrollX":0.800000011920929,"scrollY":7913.60009765625,"documentHeight":12417,"viewportHeight":682}}
[2026-07-24T09:48:29.399Z] {"timestamp":1784886508304,"kind":"scroll","url":"http://localhost:3000/#team","viewport":{"width":1182,"height":682},"payload":{"scrollX":0.800000011920929,"scrollY":7860,"documentHeight":12362,"viewportHeight":682}}
[2026-07-24T09:48:31.404Z] {"timestamp":1784886510520,"kind":"scroll","url":"http://localhost:3000/#team","viewport":{"width":1182,"height":682},"payload":{"scrollX":0.800000011920929,"scrollY":7913.60009765625,"documentHeight":12417,"viewportHeight":682}}
[2026-07-24T09:48:33.412Z] {"timestamp":1784886512436,"kind":"scroll","url":"http://localhost:3000/#team","viewport":{"width":1182,"height":682},"payload":{"scrollX":0.800000011920929,"scrollY":7860,"documentHeight":12362,"viewportHeight":682}}
[2026-07-24T09:48:39.413Z] {"timestamp":1784886518521,"kind":"scroll","url":"http://localhost:3000/#team","viewport":{"width":1182,"height":682},"payload":{"scrollX":0.800000011920929,"scrollY":7913.60009765625,"documentHeight":12417,"viewportHeight":682}}
[2026-07-24T09:48:41.411Z] {"timestamp":1784886520438,"kind":"scroll","url":"http://localhost:3000/#team","viewport":{"width":1182,"height":682},"payload":{"scrollX":0.800000011920929,"scrollY":7860,"documentHeight":12362,"viewportHeight":682}}
[2026-07-24T09:48:43.412Z] {"timestamp":1784886522555,"kind":"scroll","url":"http://localhost:3000/#team","viewport":{"width":1182,"height":682},"payload":{"scrollX":0.800000011920929,"scrollY":7913.60009765625,"documentHeight":12417,"viewportHeight":682}}
[2026-07-24T09:48:45.412Z] {"timestamp":1784886524387,"kind":"scroll","url":"http://localhost:3000/#team","viewport":{"width":1182,"height":682},"payload":{"scrollX":0.800000011920929,"scrollY":7860,"documentHeight":12362,"viewportHeight":682}}
[2026-07-24T09:48:47.414Z] {"timestamp":1784886526621,"kind":"scroll","url":"http://localhost:3000/#team","viewport":{"width":1182,"height":682},"payload":{"scrollX":0.800000011920929,"scrollY":7913.60009765625,"documentHeight":12417,"viewportHeight":682}}
[2026-07-24T09:48:49.413Z] {"timestamp":1784886528540,"kind":"scroll","url":"http://localhost:3000/#team","viewport":{"width":1182,"height":682},"payload":{"scrollX":0.800000011920929,"scrollY":7860,"documentHeight":12362,"viewportHeight":682}}
[2026-07-24T09:48:55.400Z] {"timestamp":1784886534555,"kind":"scroll","url":"http://localhost:3000/#team","viewport":{"width":1182,"height":682},"payload":{"scrollX":0.800000011920929,"scrollY":7913.60009765625,"documentHeight":12417,"viewportHeight":682}}
[2026-07-24T09:48:57.400Z] {"timestamp":1784886536474,"kind":"scroll","url":"http://localhost:3000/#team","viewport":{"width":1182,"height":682},"payload":{"scrollX":0.800000011920929,"scrollY":7860,"documentHeight":12362,"viewportHeight":682}}
[2026-07-24T09:48:59.403Z] {"timestamp":1784886538719,"kind":"scroll","url":"http://localhost:3000/#team","viewport":{"width":1182,"height":682},"payload":{"scrollX":0.800000011920929,"scrollY":7913.60009765625,"documentHeight":12417,"viewportHeight":682}}
[2026-07-24T09:49:01.415Z] {"timestamp":1784886540539,"kind":"scroll","url":"http://localhost:3000/#team","viewport":{"width":1182,"height":682},"payload":{"scrollX":0.800000011920929,"scrollY":7860,"documentHeight":12362,"viewportHeight":682}}
[2026-07-24T09:49:03.421Z] {"timestamp":1784886542789,"kind":"scroll","url":"http://localhost:3000/#team","viewport":{"width":1182,"height":682},"payload":{"scrollX":0.800000011920929,"scrollY":7913.60009765625,"documentHeight":12417,"viewportHeight":682}}
[2026-07-24T09:49:05.414Z] {"timestamp":1784886544706,"kind":"scroll","url":"http://localhost:3000/#team","viewport":{"width":1182,"height":682},"payload":{"scrollX":0.800000011920929,"scrollY":7860,"documentHeight":12362,"viewportHeight":682}}
[2026-07-24T09:49:11.414Z] {"timestamp":1784886550806,"kind":"scroll","url":"http://localhost:3000/#team","viewport":{"width":1182,"height":682},"payload":{"scrollX":0.800000011920929,"scrollY":7913.60009765625,"documentHeight":12417,"viewportHeight":682}}
[2026-07-24T09:49:13.401Z] {"timestamp":1784886552725,"kind":"scroll","url":"http://localhost:3000/#team","viewport":{"width":1182,"height":682},"payload":{"scrollX":0.800000011920929,"scrollY":7860,"documentHeight":12362,"viewportHeight":682}}
[2026-07-24T09:49:15.403Z] {"timestamp":1784886554891,"kind":"scroll","url":"http://localhost:3000/#team","viewport":{"width":1182,"height":682},"payload":{"scrollX":0.800000011920929,"scrollY":7913.60009765625,"documentHeight":12417,"viewportHeight":682}}
[2026-07-24T09:49:17.404Z] {"timestamp":1784886556726,"kind":"scroll","url":"http://localhost:3000/#team","viewport":{"width":1182,"height":682},"payload":{"scrollX":0.800000011920929,"scrollY":7860,"documentHeight":12362,"viewportHeight":682}}
[2026-07-24T09:49:19.415Z] {"timestamp":1784886558976,"kind":"scroll","url":"http://localhost:3000/#team","viewport":{"width":1182,"height":682},"payload":{"scrollX":0.800000011920929,"scrollY":7913.60009765625,"documentHeight":12417,"viewportHeight":682}}
[2026-07-24T09:49:21.687Z] {"timestamp":1784886560890,"kind":"scroll","url":"http://localhost:3000/#team","viewport":{"width":1182,"height":682},"payload":{"scrollX":0.800000011920929,"scrollY":7860,"documentHeight":12362,"viewportHeight":682}}
[2026-07-24T09:49:21.860Z] {"timestamp":1784886561592,"kind":"scroll","url":"http://localhost:3000/#team","viewport":{"width":1182,"height":682},"payload":{"scrollX":0,"scrollY":478.3999938964844,"documentHeight":1160,"viewportHeight":682}}
[2026-07-24T09:49:24.675Z] {"timestamp":1784886563895,"kind":"scroll","url":"http://localhost:3000/#team","viewport":{"width":1182,"height":682},"payload":{"scrollX":0,"scrollY":478.3999938964844,"documentHeight":12388,"viewportHeight":682}}
[2026-07-24T09:49:28.663Z] {"timestamp":1784886567828,"kind":"scroll","url":"http://localhost:3000/#team","viewport":{"width":1182,"height":682},"payload":{"scrollX":0,"scrollY":470.3999938964844,"documentHeight":12388,"viewportHeight":682}}
[2026-07-24T09:49:36.652Z] {"timestamp":1784886575831,"kind":"scroll","url":"http://localhost:3000/#team","viewport":{"width":1182,"height":682},"payload":{"scrollX":0,"scrollY":462.3999938964844,"documentHeight":12388,"viewportHeight":682}}
[2026-07-24T09:49:40.659Z] {"timestamp":1784886579808,"kind":"scroll","url":"http://localhost:3000/#team","viewport":{"width":1182,"height":682},"payload":{"scrollX":0,"scrollY":454.3999938964844,"documentHeight":12388,"viewportHeight":682}}
[2026-07-24T09:49:44.650Z] {"timestamp":1784886583975,"kind":"scroll","url":"http://localhost:3000/#team","viewport":{"width":1182,"height":682},"payload":{"scrollX":0,"scrollY":446.3999938964844,"documentHeight":12388,"viewportHeight":682}}
[2026-07-24T09:49:52.661Z] {"timestamp":1784886591974,"kind":"scroll","url":"http://localhost:3000/#team","viewport":{"width":1182,"height":682},"payload":{"scrollX":0,"scrollY":439.20001220703125,"documentHeight":12388,"viewportHeight":682}}
[2026-07-24T09:49:56.668Z] {"timestamp":1784886595908,"kind":"scroll","url":"http://localhost:3000/#team","viewport":{"width":1182,"height":682},"payload":{"scrollX":0,"scrollY":431.20001220703125,"documentHeight":12388,"viewportHeight":682}}
[2026-07-24T09:50:00.667Z] {"timestamp":1784886600059,"kind":"scroll","url":"http://localhost:3000/#team","viewport":{"width":1182,"height":682},"payload":{"scrollX":0,"scrollY":424,"documentHeight":12388,"viewportHeight":682}}
[2026-07-24T09:50:08.652Z] {"timestamp":1784886608076,"kind":"scroll","url":"http://localhost:3000/#team","viewport":{"width":1182,"height":682},"payload":{"scrollX":0,"scrollY":416.79998779296875,"documentHeight":12388,"viewportHeight":682}}
[2026-07-24T09:50:12.652Z] {"timestamp":1784886612042,"kind":"scroll","url":"http://localhost:3000/#team","viewport":{"width":1182,"height":682},"payload":{"scrollX":0,"scrollY":409.6000061035156,"documentHeight":12388,"viewportHeight":682}}
[2026-07-24T09:50:16.667Z] {"timestamp":1784886616193,"kind":"scroll","url":"http://localhost:3000/#team","viewport":{"width":1182,"height":682},"payload":{"scrollX":0,"scrollY":402.3999938964844,"documentHeight":12388,"viewportHeight":682}}
[2026-07-24T09:50:24.670Z] {"timestamp":1784886624160,"kind":"scroll","url":"http://localhost:3000/#team","viewport":{"width":1182,"height":682},"payload":{"scrollX":0,"scrollY":395.20001220703125,"documentHeight":12388,"viewportHeight":682}}
[2026-07-24T09:50:28.651Z] {"timestamp":1784886628128,"kind":"scroll","url":"http://localhost:3000/#team","viewport":{"width":1182,"height":682},"payload":{"scrollX":0,"scrollY":388.79998779296875,"documentHeight":12388,"viewportHeight":682}}
[2026-07-24T09:50:32.650Z] {"timestamp":1784886632243,"kind":"scroll","url":"http://localhost:3000/#team","viewport":{"width":1182,"height":682},"payload":{"scrollX":0,"scrollY":382.3999938964844,"documentHeight":12388,"viewportHeight":682}}
[2026-07-24T09:50:40.652Z] {"timestamp":1784886640211,"kind":"scroll","url":"http://localhost:3000/#team","viewport":{"width":1182,"height":682},"payload":{"scrollX":0,"scrollY":376,"documentHeight":12388,"viewportHeight":682}}
[2026-07-24T09:50:44.651Z] {"timestamp":1784886644177,"kind":"scroll","url":"http://localhost:3000/#team","viewport":{"width":1182,"height":682},"payload":{"scrollX":0,"scrollY":370.3999938964844,"documentHeight":12388,"viewportHeight":682}}
[2026-07-24T09:50:48.669Z] {"timestamp":1784886648311,"kind":"scroll","url":"http://localhost:3000/#team","viewport":{"width":1182,"height":682},"payload":{"scrollX":0,"scrollY":364,"documentHeight":12388,"viewportHeight":682}}
[2026-07-24T09:50:56.654Z] {"timestamp":1784886656312,"kind":"scroll","url":"http://localhost:3000/#team","viewport":{"width":1182,"height":682},"payload":{"scrollX":0,"scrollY":357.6000061035156,"documentHeight":12388,"viewportHeight":682}}
[2026-07-24T09:51:00.669Z] {"timestamp":1784886660299,"kind":"scroll","url":"http://localhost:3000/#team","viewport":{"width":1182,"height":682},"payload":{"scrollX":0,"scrollY":352,"documentHeight":12388,"viewportHeight":682}}
[2026-07-24T09:51:04.657Z] {"timestamp":1784886664429,"kind":"scroll","url":"http://localhost:3000/#team","viewport":{"width":1182,"height":682},"payload":{"scrollX":0,"scrollY":346.3999938964844,"documentHeight":12388,"viewportHeight":682}}
[2026-07-24T09:51:12.675Z] {"timestamp":1784886672396,"kind":"scroll","url":"http://localhost:3000/#team","viewport":{"width":1182,"height":682},"payload":{"scrollX":0,"scrollY":340,"documentHeight":12388,"viewportHeight":682}}
[2026-07-24T09:51:16.665Z] {"timestamp":1784886676380,"kind":"scroll","url":"http://localhost:3000/#team","viewport":{"width":1182,"height":682},"payload":{"scrollX":0,"scrollY":334.3999938964844,"documentHeight":12388,"viewportHeight":682}}
[2026-07-24T09:51:20.653Z] {"timestamp":1784886680546,"kind":"scroll","url":"http://localhost:3000/#team","viewport":{"width":1182,"height":682},"payload":{"scrollX":0,"scrollY":328.79998779296875,"documentHeight":12388,"viewportHeight":682}}
[2026-07-24T09:51:28.664Z] {"timestamp":1784886688530,"kind":"scroll","url":"http://localhost:3000/#team","viewport":{"width":1182,"height":682},"payload":{"scrollX":0,"scrollY":324,"documentHeight":12388,"viewportHeight":682}}
[2026-07-24T09:51:32.652Z] {"timestamp":1784886692480,"kind":"scroll","url":"http://localhost:3000/#team","viewport":{"width":1182,"height":682},"payload":{"scrollX":0,"scrollY":318.3999938964844,"documentHeight":12388,"viewportHeight":682}}
[2026-07-24T09:51:36.656Z] {"timestamp":1784886696632,"kind":"scroll","url":"http://localhost:3000/#team","viewport":{"width":1182,"height":682},"payload":{"scrollX":0,"scrollY":313.6000061035156,"documentHeight":12388,"viewportHeight":682}}
[2026-07-24T09:51:44.666Z] {"timestamp":1784886704632,"kind":"scroll","url":"http://localhost:3000/#team","viewport":{"width":1182,"height":682},"payload":{"scrollX":0,"scrollY":308.79998779296875,"documentHeight":12388,"viewportHeight":682}}
[2026-07-24T09:51:48.658Z] {"timestamp":1784886708548,"kind":"scroll","url":"http://localhost:3000/#team","viewport":{"width":1182,"height":682},"payload":{"scrollX":0,"scrollY":304,"documentHeight":12388,"viewportHeight":682}}
[2026-07-24T09:51:54.657Z] {"timestamp":1784886712681,"kind":"scroll","url":"http://localhost:3000/#team","viewport":{"width":1182,"height":682},"payload":{"scrollX":0,"scrollY":299.20001220703125,"documentHeight":12388,"viewportHeight":682}}
[2026-07-24T09:52:02.656Z] {"timestamp":1784886720689,"kind":"scroll","url":"http://localhost:3000/#team","viewport":{"width":1182,"height":682},"payload":{"scrollX":0,"scrollY":294.3999938964844,"documentHeight":12388,"viewportHeight":682}}
[2026-07-24T09:52:06.661Z] {"timestamp":1784886724683,"kind":"scroll","url":"http://localhost:3000/#team","viewport":{"width":1182,"height":682},"payload":{"scrollX":0,"scrollY":289.6000061035156,"documentHeight":12388,"viewportHeight":682}}
[2026-07-24T09:52:10.658Z] {"timestamp":1784886728832,"kind":"scroll","url":"http://localhost:3000/#team","viewport":{"width":1182,"height":682},"payload":{"scrollX":0,"scrollY":284.79998779296875,"documentHeight":12388,"viewportHeight":682}}
[2026-07-24T09:52:18.661Z] {"timestamp":1784886736816,"kind":"scroll","url":"http://localhost:3000/#team","viewport":{"width":1182,"height":682},"payload":{"scrollX":0,"scrollY":280,"documentHeight":12388,"viewportHeight":682}}
[2026-07-24T09:52:22.656Z] {"timestamp":1784886740799,"kind":"scroll","url":"http://localhost:3000/#team","viewport":{"width":1182,"height":682},"payload":{"scrollX":0,"scrollY":276,"documentHeight":12388,"viewportHeight":682}}
[2026-07-24T09:52:26.653Z] {"timestamp":1784886744953,"kind":"scroll","url":"http://localhost:3000/#team","viewport":{"width":1182,"height":682},"payload":{"scrollX":0,"scrollY":272,"documentHeight":12388,"viewportHeight":682}}
[2026-07-24T09:52:26.653Z] {"timestamp":1784886745669,"kind":"scroll","url":"http://localhost:3000/#team","viewport":{"width":1182,"height":682},"payload":{"scrollX":0,"scrollY":275.20001220703125,"documentHeight":12388,"viewportHeight":682}}
[2026-07-24T09:52:26.653Z] {"timestamp":1784886746203,"kind":"scroll","url":"http://localhost:3000/#team","viewport":{"width":1182,"height":682},"payload":{"scrollX":0,"scrollY":1888.800048828125,"documentHeight":12388,"viewportHeight":682}}
[2026-07-24T09:52:28.652Z] {"timestamp":1784886746718,"kind":"scroll","url":"http://localhost:3000/#team","viewport":{"width":1182,"height":682},"payload":{"scrollX":0,"scrollY":2322.39990234375,"documentHeight":12388,"viewportHeight":682}}
[2026-07-24T09:52:28.652Z] {"timestamp":1784886747251,"kind":"scroll","url":"http://localhost:3000/#team","viewport":{"width":1182,"height":682},"payload":{"scrollX":0,"scrollY":3140,"documentHeight":12388,"viewportHeight":682}}
[2026-07-24T09:52:28.652Z] {"timestamp":1784886747751,"kind":"scroll","url":"http://localhost:3000/#team","viewport":{"width":1182,"height":682},"payload":{"scrollX":0,"scrollY":4064,"documentHeight":12388,"viewportHeight":682}}
[2026-07-24T09:52:28.652Z] {"timestamp":1784886748351,"kind":"scroll","url":"http://localhost:3000/#team","viewport":{"width":1182,"height":682},"payload":{"scrollX":0,"scrollY":4824.7998046875,"documentHeight":12388,"viewportHeight":682}}
[2026-07-24T09:52:30.653Z] {"timestamp":1784886749283,"kind":"scroll","url":"http://localhost:3000/#team","viewport":{"width":1182,"height":682},"payload":{"scrollX":0,"scrollY":5144.7998046875,"documentHeight":12388,"viewportHeight":682}}
[2026-07-24T09:52:30.653Z] {"timestamp":1784886750502,"kind":"scroll","url":"http://localhost:3000/#team","viewport":{"width":1182,"height":682},"payload":{"scrollX":0,"scrollY":5772.7998046875,"documentHeight":12388,"viewportHeight":682}}
[2026-07-24T09:52:32.651Z] {"timestamp":1784886751005,"kind":"scroll","url":"http://localhost:3000/#team","viewport":{"width":1182,"height":682},"payload":{"scrollX":0,"scrollY":6799.2001953125,"documentHeight":12442,"viewportHeight":682}}
[2026-07-24T09:52:32.651Z] {"timestamp":1784886751519,"kind":"scroll","url":"http://localhost:3000/#team","viewport":{"width":1182,"height":682},"payload":{"scrollX":4,"scrollY":7202.39990234375,"documentHeight":12442,"viewportHeight":682}}
[2026-07-24T09:52:32.651Z] {"timestamp":1784886752036,"kind":"scroll","url":"http://localhost:3000/#team","viewport":{"width":1182,"height":682},"payload":{"scrollX":4,"scrollY":7765.60009765625,"documentHeight":12442,"viewportHeight":682}}
[2026-07-24T09:52:34.658Z] {"timestamp":1784886752667,"kind":"scroll","url":"http://localhost:3000/#team","viewport":{"width":1182,"height":682},"payload":{"scrollX":4,"scrollY":7799.2001953125,"documentHeight":12388,"viewportHeight":682}}
[2026-07-24T09:52:36.653Z] {"timestamp":1784886754667,"kind":"scroll","url":"http://localhost:3000/#team","viewport":{"width":1182,"height":682},"payload":{"scrollX":4,"scrollY":7852.7998046875,"documentHeight":12442,"viewportHeight":682}}
[2026-07-24T09:52:36.653Z] {"timestamp":1784886755408,"kind":"focusin","url":"http://localhost:3000/#team","viewport":{"width":1182,"height":682},"payload":{"target":{"tag":"button","id":null,"name":null,"type":null,"role":null,"ariaLabel":"View full image of Brahamjeet Singh","testId":null,"dataLoc":"client\\src\\components\\TeamSection.tsx:57","href":null,"text":"","selectorHint":"[data-loc=\"client\\src\\components\\TeamSection.tsx:57\"]"}}}
[2026-07-24T09:52:36.653Z] {"timestamp":1784886755625,"kind":"click","url":"http://localhost:3000/#team","viewport":{"width":1182,"height":682},"payload":{"target":{"tag":"img","id":null,"name":null,"type":null,"role":null,"ariaLabel":null,"testId":null,"dataLoc":"client\\src\\components\\TeamSection.tsx:63","href":null,"text":"","selectorHint":"[data-loc=\"client\\src\\components\\TeamSection.tsx:63\"]"},"x":389,"y":220}}
[2026-07-24T09:52:36.653Z] {"timestamp":1784886755681,"kind":"focusout","url":"http://localhost:3000/#team","viewport":{"width":1182,"height":682},"payload":{"target":{"tag":"button","id":null,"name":null,"type":null,"role":null,"ariaLabel":"View full image of Brahamjeet Singh","testId":null,"dataLoc":"client\\src\\components\\TeamSection.tsx:57","href":null,"text":"","selectorHint":"[data-loc=\"client\\src\\components\\TeamSection.tsx:57\"]"},"value":null}}
[2026-07-24T09:52:36.653Z] {"timestamp":1784886755681,"kind":"focusin","url":"http://localhost:3000/#team","viewport":{"width":1182,"height":682},"payload":{"target":{"tag":"button","id":null,"name":null,"type":null,"role":null,"ariaLabel":null,"testId":null,"dataLoc":"client\\src\\components\\ui\\dialog.tsx:135","href":null,"text":"Close","selectorHint":"[data-loc=\"client\\src\\components\\ui\\dialog.tsx:135\"]"}}}
[2026-07-24T09:52:36.653Z] {"timestamp":1784886755746,"kind":"focusout","url":"http://localhost:3000/#team","viewport":{"width":1182,"height":682},"payload":{"target":{"tag":"button","id":null,"name":null,"type":null,"role":null,"ariaLabel":null,"testId":null,"dataLoc":"client\\src\\components\\ui\\dialog.tsx:135","href":null,"text":"Close","selectorHint":"[data-loc=\"client\\src\\components\\ui\\dialog.tsx:135\"]"},"value":null}}
[2026-07-24T09:52:36.653Z] {"timestamp":1784886755747,"kind":"focusin","url":"http://localhost:3000/#team","viewport":{"width":1182,"height":682},"payload":{"target":{"tag":"div","id":"radix-_r_g_","name":null,"type":null,"role":"dialog","ariaLabel":null,"testId":null,"dataLoc":"client\\src\\components\\TeamSection.tsx:162","href":null,"text":"Brahamjeet Singh Close","selectorHint":"[data-loc=\"client\\src\\components\\TeamSection.tsx:162\"]"}}}
[2026-07-24T09:52:36.653Z] {"timestamp":1784886755922,"kind":"click","url":"http://localhost:3000/#team","viewport":{"width":1182,"height":682},"payload":{"target":{"tag":"img","id":null,"name":null,"type":null,"role":null,"ariaLabel":null,"testId":null,"dataLoc":"client\\src\\components\\TeamSection.tsx:165","href":null,"text":"","selectorHint":"[data-loc=\"client\\src\\components\\TeamSection.tsx:165\"]"},"x":389,"y":220}}
[2026-07-24T09:52:36.653Z] {"timestamp":1784886756056,"kind":"click","url":"http://localhost:3000/#team","viewport":{"width":1182,"height":682},"payload":{"target":{"tag":"img","id":null,"name":null,"type":null,"role":null,"ariaLabel":null,"testId":null,"dataLoc":"client\\src\\components\\TeamSection.tsx:165","href":null,"text":"","selectorHint":"[data-loc=\"client\\src\\components\\TeamSection.tsx:165\"]"},"x":389,"y":220}}
[2026-07-24T09:52:36.653Z] {"timestamp":1784886756281,"kind":"click","url":"http://localhost:3000/#team","viewport":{"width":1182,"height":682},"payload":{"target":{"tag":"img","id":null,"name":null,"type":null,"role":null,"ariaLabel":null,"testId":null,"dataLoc":"client\\src\\components\\TeamSection.tsx:165","href":null,"text":"","selectorHint":"[data-loc=\"client\\src\\components\\TeamSection.tsx:165\"]"},"x":389,"y":220}}
[2026-07-24T09:52:36.653Z] {"timestamp":1784886756517,"kind":"scroll","url":"http://localhost:3000/#team","viewport":{"width":1182,"height":682},"payload":{"scrollX":4,"scrollY":7799.2001953125,"documentHeight":12388,"viewportHeight":682}}
[2026-07-24T09:52:38.658Z] {"timestamp":1784886757012,"kind":"focusout","url":"http://localhost:3000/#team","viewport":{"width":1182,"height":682},"payload":{"target":{"tag":"div","id":"radix-_r_g_","name":null,"type":null,"role":"dialog","ariaLabel":null,"testId":null,"dataLoc":"client\\src\\components\\TeamSection.tsx:162","href":null,"text":"Brahamjeet Singh Close","selectorHint":"[data-loc=\"client\\src\\components\\TeamSection.tsx:162\"]"},"value":null}}
[2026-07-24T09:52:38.659Z] {"timestamp":1784886757234,"kind":"click","url":"http://localhost:3000/#team","viewport":{"width":1182,"height":682},"payload":{"target":{"tag":"div","id":null,"name":null,"type":null,"role":null,"ariaLabel":null,"testId":null,"dataLoc":"client\\src\\components\\ui\\dialog.tsx:123","href":null,"text":"","selectorHint":"[data-loc=\"client\\src\\components\\ui\\dialog.tsx:123\"]"},"x":925,"y":280}}
[2026-07-24T09:52:38.659Z] {"timestamp":1784886758604,"kind":"scroll","url":"http://localhost:3000/#team","viewport":{"width":1182,"height":682},"payload":{"scrollX":4,"scrollY":7852.7998046875,"documentHeight":12442,"viewportHeight":682}}
[2026-07-24T09:52:40.674Z] {"timestamp":1784886759274,"kind":"focusin","url":"http://localhost:3000/#team","viewport":{"width":1182,"height":682},"payload":{"target":{"tag":"button","id":null,"name":null,"type":null,"role":null,"ariaLabel":"View full image of Manthan Garg","testId":null,"dataLoc":"client\\src\\components\\TeamSection.tsx:57","href":null,"text":"","selectorHint":"[data-loc=\"client\\src\\components\\TeamSection.tsx:57\"]"}}}
[2026-07-24T09:52:40.674Z] {"timestamp":1784886759504,"kind":"click","url":"http://localhost:3000/#team","viewport":{"width":1182,"height":682},"payload":{"target":{"tag":"img","id":null,"name":null,"type":null,"role":null,"ariaLabel":null,"testId":null,"dataLoc":"client\\src\\components\\TeamSection.tsx:63","href":null,"text":"","selectorHint":"[data-loc=\"client\\src\\components\\TeamSection.tsx:63\"]"},"x":923,"y":566}}
[2026-07-24T09:52:40.674Z] {"timestamp":1784886759542,"kind":"focusout","url":"http://localhost:3000/#team","viewport":{"width":1182,"height":682},"payload":{"target":{"tag":"button","id":null,"name":null,"type":null,"role":null,"ariaLabel":"View full image of Manthan Garg","testId":null,"dataLoc":"client\\src\\components\\TeamSection.tsx:57","href":null,"text":"","selectorHint":"[data-loc=\"client\\src\\components\\TeamSection.tsx:57\"]"},"value":null}}
[2026-07-24T09:52:40.674Z] {"timestamp":1784886759543,"kind":"focusin","url":"http://localhost:3000/#team","viewport":{"width":1182,"height":682},"payload":{"target":{"tag":"button","id":null,"name":null,"type":null,"role":null,"ariaLabel":null,"testId":null,"dataLoc":"client\\src\\components\\ui\\dialog.tsx:135","href":null,"text":"Close","selectorHint":"[data-loc=\"client\\src\\components\\ui\\dialog.tsx:135\"]"}}}
[2026-07-24T09:52:40.674Z] {"timestamp":1784886760407,"kind":"focusout","url":"http://localhost:3000/#team","viewport":{"width":1182,"height":682},"payload":{"target":{"tag":"button","id":null,"name":null,"type":null,"role":null,"ariaLabel":null,"testId":null,"dataLoc":"client\\src\\components\\ui\\dialog.tsx:135","href":null,"text":"Close","selectorHint":"[data-loc=\"client\\src\\components\\ui\\dialog.tsx:135\"]"},"value":null}}
[2026-07-24T09:52:40.674Z] {"timestamp":1784886760502,"kind":"scroll","url":"http://localhost:3000/#team","viewport":{"width":1182,"height":682},"payload":{"scrollX":4,"scrollY":7799.2001953125,"documentHeight":12388,"viewportHeight":682}}
[2026-07-24T09:52:40.674Z] {"timestamp":1784886760627,"kind":"click","url":"http://localhost:3000/#team","viewport":{"width":1182,"height":682},"payload":{"target":{"tag":"div","id":null,"name":null,"type":null,"role":null,"ariaLabel":null,"testId":null,"dataLoc":"client\\src\\components\\ui\\dialog.tsx:123","href":null,"text":"","selectorHint":"[data-loc=\"client\\src\\components\\ui\\dialog.tsx:123\"]"},"x":910,"y":374}}
[2026-07-24T09:52:42.654Z] {"timestamp":1784886762185,"kind":"scroll","url":"http://localhost:3000/#team","viewport":{"width":1182,"height":682},"payload":{"scrollX":4,"scrollY":7873.60009765625,"documentHeight":12388,"viewportHeight":682}}
[2026-07-24T09:52:44.666Z] {"timestamp":1784886762687,"kind":"scroll","url":"http://localhost:3000/#team","viewport":{"width":1182,"height":682},"payload":{"scrollX":4,"scrollY":8461.599609375,"documentHeight":12388,"viewportHeight":682}}
[2026-07-24T09:52:44.666Z] {"timestamp":1784886763302,"kind":"scroll","url":"http://localhost:3000/#team","viewport":{"width":1182,"height":682},"payload":{"scrollX":4,"scrollY":8547.2001953125,"documentHeight":12388,"viewportHeight":682}}
[2026-07-24T09:52:46.657Z] {"timestamp":1784886765177,"kind":"focusin","url":"http://localhost:3000/#team","viewport":{"width":1182,"height":682},"payload":{"target":{"tag":"button","id":null,"name":null,"type":null,"role":null,"ariaLabel":"View full image of Vaibhav Sharma","testId":null,"dataLoc":"client\\src\\components\\TeamSection.tsx:57","href":null,"text":"","selectorHint":"[data-loc=\"client\\src\\components\\TeamSection.tsx:57\"]"}}}
[2026-07-24T09:52:46.657Z] {"timestamp":1784886765395,"kind":"click","url":"http://localhost:3000/#team","viewport":{"width":1182,"height":682},"payload":{"target":{"tag":"img","id":null,"name":null,"type":null,"role":null,"ariaLabel":null,"testId":null,"dataLoc":"client\\src\\components\\TeamSection.tsx:63","href":null,"text":"","selectorHint":"[data-loc=\"client\\src\\components\\TeamSection.tsx:63\"]"},"x":576,"y":322}}
[2026-07-24T09:52:46.657Z] {"timestamp":1784886765460,"kind":"focusout","url":"http://localhost:3000/#team","viewport":{"width":1182,"height":682},"payload":{"target":{"tag":"button","id":null,"name":null,"type":null,"role":null,"ariaLabel":"View full image of Vaibhav Sharma","testId":null,"dataLoc":"client\\src\\components\\TeamSection.tsx:57","href":null,"text":"","selectorHint":"[data-loc=\"client\\src\\components\\TeamSection.tsx:57\"]"},"value":null}}
[2026-07-24T09:52:46.657Z] {"timestamp":1784886765461,"kind":"focusin","url":"http://localhost:3000/#team","viewport":{"width":1182,"height":682},"payload":{"target":{"tag":"button","id":null,"name":null,"type":null,"role":null,"ariaLabel":null,"testId":null,"dataLoc":"client\\src\\components\\ui\\dialog.tsx:135","href":null,"text":"Close","selectorHint":"[data-loc=\"client\\src\\components\\ui\\dialog.tsx:135\"]"}}}
[2026-07-24T09:52:46.657Z] {"timestamp":1784886766455,"kind":"scroll","url":"http://localhost:3000/#team","viewport":{"width":1182,"height":682},"payload":{"scrollX":4,"scrollY":8888.7998046875,"documentHeight":12442,"viewportHeight":682}}
[2026-07-24T09:52:48.667Z] {"timestamp":1784886766845,"kind":"focusout","url":"http://localhost:3000/#team","viewport":{"width":1182,"height":682},"payload":{"target":{"tag":"button","id":null,"name":null,"type":null,"role":null,"ariaLabel":null,"testId":null,"dataLoc":"client\\src\\components\\ui\\dialog.tsx:135","href":null,"text":"Close","selectorHint":"[data-loc=\"client\\src\\components\\ui\\dialog.tsx:135\"]"},"value":null}}
[2026-07-24T09:52:48.667Z] {"timestamp":1784886766846,"kind":"focusin","url":"http://localhost:3000/#team","viewport":{"width":1182,"height":682},"payload":{"target":{"tag":"div","id":"radix-_r_g_","name":null,"type":null,"role":"dialog","ariaLabel":null,"testId":null,"dataLoc":"client\\src\\components\\TeamSection.tsx:162","href":null,"text":"Vaibhav Sharma Close","selectorHint":"[data-loc=\"client\\src\\components\\TeamSection.tsx:162\"]"}}}
[2026-07-24T09:52:48.667Z] {"timestamp":1784886767063,"kind":"click","url":"http://localhost:3000/#team","viewport":{"width":1182,"height":682},"payload":{"target":{"tag":"img","id":null,"name":null,"type":null,"role":null,"ariaLabel":null,"testId":null,"dataLoc":"client\\src\\components\\TeamSection.tsx:165","href":null,"text":"","selectorHint":"[data-loc=\"client\\src\\components\\TeamSection.tsx:165\"]"},"x":827,"y":75}}
[2026-07-24T09:52:48.667Z] {"timestamp":1784886768356,"kind":"scroll","url":"http://localhost:3000/#team","viewport":{"width":1182,"height":682},"payload":{"scrollX":4,"scrollY":8835.2001953125,"documentHeight":12388,"viewportHeight":682}}
[2026-07-24T09:52:48.667Z] {"timestamp":1784886768541,"kind":"focusout","url":"http://localhost:3000/#team","viewport":{"width":1182,"height":682},"payload":{"target":{"tag":"div","id":"radix-_r_g_","name":null,"type":null,"role":"dialog","ariaLabel":null,"testId":null,"dataLoc":"client\\src\\components\\TeamSection.tsx:162","href":null,"text":"Vaibhav Sharma Close","selectorHint":"[data-loc=\"client\\src\\components\\TeamSection.tsx:162\"]"},"value":null}}
[2026-07-24T09:52:48.667Z] {"timestamp":1784886768542,"kind":"focusin","url":"http://localhost:3000/#team","viewport":{"width":1182,"height":682},"payload":{"target":{"tag":"button","id":null,"name":null,"type":null,"role":null,"ariaLabel":null,"testId":null,"dataLoc":"client\\src\\components\\ui\\dialog.tsx:135","href":null,"text":"Close","selectorHint":"[data-loc=\"client\\src\\components\\ui\\dialog.tsx:135\"]"}}}
[2026-07-24T09:52:50.653Z] {"timestamp":1784886768764,"kind":"click","url":"http://localhost:3000/#team","viewport":{"width":1182,"height":682},"payload":{"target":{"tag":"button","id":null,"name":null,"type":null,"role":null,"ariaLabel":null,"testId":null,"dataLoc":"client\\src\\components\\ui\\dialog.tsx:135","href":null,"text":"Close","selectorHint":"[data-loc=\"client\\src\\components\\ui\\dialog.tsx:135\"]"},"x":822,"y":70}}
[2026-07-24T09:52:50.653Z] {"timestamp":1784886769011,"kind":"focusout","url":"http://localhost:3000/#team","viewport":{"width":1182,"height":682},"payload":{"target":{"tag":"button","id":null,"name":null,"type":null,"role":null,"ariaLabel":null,"testId":null,"dataLoc":"client\\src\\components\\ui\\dialog.tsx:135","href":null,"text":"Close","selectorHint":"[data-loc=\"client\\src\\components\\ui\\dialog.tsx:135\"]"},"value":null}}
[2026-07-24T09:52:50.653Z] {"timestamp":1784886769655,"kind":"scroll","url":"http://localhost:3000/#team","viewport":{"width":1182,"height":682},"payload":{"scrollX":4,"scrollY":8939.2001953125,"documentHeight":12388,"viewportHeight":682}}
[2026-07-24T09:52:50.653Z] {"timestamp":1784886770388,"kind":"scroll","url":"http://localhost:3000/#team","viewport":{"width":1182,"height":682},"payload":{"scrollX":4,"scrollY":9272.7998046875,"documentHeight":12388,"viewportHeight":682}}
[2026-07-24T09:52:52.652Z] {"timestamp":1784886772256,"kind":"scroll","url":"http://localhost:3000/#team","viewport":{"width":1182,"height":682},"payload":{"scrollX":4,"scrollY":9540,"documentHeight":12388,"viewportHeight":682}}
[2026-07-24T09:52:54.652Z] {"timestamp":1784886774390,"kind":"scroll","url":"http://localhost:3000/#team","viewport":{"width":1182,"height":682},"payload":{"scrollX":4,"scrollY":9593.599609375,"documentHeight":12442,"viewportHeight":682}}
[2026-07-24T09:52:56.650Z] {"timestamp":1784886776306,"kind":"scroll","url":"http://localhost:3000/#team","viewport":{"width":1182,"height":682},"payload":{"scrollX":4,"scrollY":9540,"documentHeight":12388,"viewportHeight":682}}
[2026-07-24T09:53:02.651Z] {"timestamp":1784886782104,"kind":"scroll","url":"http://localhost:3000/#team","viewport":{"width":1182,"height":682},"payload":{"scrollX":4,"scrollY":9593.599609375,"documentHeight":12442,"viewportHeight":682}}
[2026-07-24T09:53:04.650Z] {"timestamp":1784886784021,"kind":"scroll","url":"http://localhost:3000/#team","viewport":{"width":1182,"height":682},"payload":{"scrollX":4,"scrollY":9540,"documentHeight":12388,"viewportHeight":682}}
[2026-07-24T09:53:06.659Z] {"timestamp":1784886785922,"kind":"scroll","url":"http://localhost:3000/#team","viewport":{"width":1182,"height":682},"payload":{"scrollX":4,"scrollY":9593.599609375,"documentHeight":12442,"viewportHeight":682}}
[2026-07-24T09:53:08.652Z] {"timestamp":1784886787741,"kind":"scroll","url":"http://localhost:3000/#team","viewport":{"width":1182,"height":682},"payload":{"scrollX":4,"scrollY":9540,"documentHeight":12388,"viewportHeight":682}}
[2026-07-24T09:53:10.650Z] {"timestamp":1784886789857,"kind":"scroll","url":"http://localhost:3000/#team","viewport":{"width":1182,"height":682},"payload":{"scrollX":4,"scrollY":9593.599609375,"documentHeight":12442,"viewportHeight":682}}
[2026-07-24T09:53:12.660Z] {"timestamp":1784886791770,"kind":"scroll","url":"http://localhost:3000/#team","viewport":{"width":1182,"height":682},"payload":{"scrollX":4,"scrollY":9540,"documentHeight":12388,"viewportHeight":682}}
[2026-07-24T09:53:18.661Z] {"timestamp":1784886797821,"kind":"scroll","url":"http://localhost:3000/#team","viewport":{"width":1182,"height":682},"payload":{"scrollX":4,"scrollY":9593.599609375,"documentHeight":12442,"viewportHeight":682}}
[2026-07-24T09:53:20.660Z] {"timestamp":1784886799755,"kind":"scroll","url":"http://localhost:3000/#team","viewport":{"width":1182,"height":682},"payload":{"scrollX":4,"scrollY":9540,"documentHeight":12388,"viewportHeight":682}}
[2026-07-24T09:53:22.660Z] {"timestamp":1784886801887,"kind":"scroll","url":"http://localhost:3000/#team","viewport":{"width":1182,"height":682},"payload":{"scrollX":4,"scrollY":9593.599609375,"documentHeight":12442,"viewportHeight":682}}
[2026-07-24T09:53:24.661Z] {"timestamp":1784886803737,"kind":"scroll","url":"http://localhost:3000/#team","viewport":{"width":1182,"height":682},"payload":{"scrollX":4,"scrollY":9540,"documentHeight":12388,"viewportHeight":682}}
[2026-07-24T09:53:26.659Z] {"timestamp":1784886805988,"kind":"scroll","url":"http://localhost:3000/#team","viewport":{"width":1182,"height":682},"payload":{"scrollX":4,"scrollY":9593.599609375,"documentHeight":12442,"viewportHeight":682}}
[2026-07-24T09:53:28.655Z] {"timestamp":1784886807904,"kind":"scroll","url":"http://localhost:3000/#team","viewport":{"width":1182,"height":682},"payload":{"scrollX":4,"scrollY":9540,"documentHeight":12388,"viewportHeight":682}}
[2026-07-24T09:53:34.660Z] {"timestamp":1784886813938,"kind":"scroll","url":"http://localhost:3000/#team","viewport":{"width":1182,"height":682},"payload":{"scrollX":4,"scrollY":9593.599609375,"documentHeight":12442,"viewportHeight":682}}
[2026-07-24T09:53:36.661Z] {"timestamp":1784886815872,"kind":"scroll","url":"http://localhost:3000/#team","viewport":{"width":1182,"height":682},"payload":{"scrollX":4,"scrollY":9540,"documentHeight":12388,"viewportHeight":682}}
[2026-07-24T09:53:38.651Z] {"timestamp":1784886818020,"kind":"scroll","url":"http://localhost:3000/#team","viewport":{"width":1182,"height":682},"payload":{"scrollX":4,"scrollY":9593.599609375,"documentHeight":12442,"viewportHeight":682}}
[2026-07-24T09:53:40.660Z] {"timestamp":1784886819854,"kind":"scroll","url":"http://localhost:3000/#team","viewport":{"width":1182,"height":682},"payload":{"scrollX":4,"scrollY":9540,"documentHeight":12388,"viewportHeight":682}}
[2026-07-24T09:53:42.662Z] {"timestamp":1784886822070,"kind":"scroll","url":"http://localhost:3000/#team","viewport":{"width":1182,"height":682},"payload":{"scrollX":4,"scrollY":9593.599609375,"documentHeight":12442,"viewportHeight":682}}
[2026-07-24T09:53:44.661Z] {"timestamp":1784886823987,"kind":"scroll","url":"http://localhost:3000/#team","viewport":{"width":1182,"height":682},"payload":{"scrollX":4,"scrollY":9540,"documentHeight":12388,"viewportHeight":682}}
[2026-07-24T09:53:48.652Z] {"timestamp":1784886828390,"kind":"scroll","url":"http://localhost:3000/#team","viewport":{"width":1182,"height":682},"payload":{"scrollX":4,"scrollY":9484.7998046875,"documentHeight":12388,"viewportHeight":682}}
[2026-07-24T09:53:50.654Z] {"timestamp":1784886828906,"kind":"scroll","url":"http://localhost:3000/#team","viewport":{"width":1182,"height":682},"payload":{"scrollX":3.200000047683716,"scrollY":8720,"documentHeight":12388,"viewportHeight":682}}
[2026-07-24T09:53:50.655Z] {"timestamp":1784886829441,"kind":"scroll","url":"http://localhost:3000/#team","viewport":{"width":1182,"height":682},"payload":{"scrollX":3.200000047683716,"scrollY":8391.2001953125,"documentHeight":12388,"viewportHeight":682}}
[2026-07-24T09:53:50.655Z] {"timestamp":1784886829940,"kind":"scroll","url":"http://localhost:3000/#team","viewport":{"width":1182,"height":682},"payload":{"scrollX":3.200000047683716,"scrollY":8475.2001953125,"documentHeight":12442,"viewportHeight":682}}
[2026-07-24T09:53:50.655Z] {"timestamp":1784886830049,"kind":"focusin","url":"http://localhost:3000/#team","viewport":{"width":1182,"height":682},"payload":{"target":{"tag":"button","id":null,"name":null,"type":null,"role":null,"ariaLabel":"View full image of Rohan Dhami","testId":null,"dataLoc":"client\\src\\components\\TeamSection.tsx:57","href":null,"text":"","selectorHint":"[data-loc=\"client\\src\\components\\TeamSection.tsx:57\"]"}}}
[2026-07-24T09:53:50.655Z] {"timestamp":1784886830264,"kind":"click","url":"http://localhost:3000/#team","viewport":{"width":1182,"height":682},"payload":{"target":{"tag":"img","id":null,"name":null,"type":null,"role":null,"ariaLabel":null,"testId":null,"dataLoc":"client\\src\\components\\TeamSection.tsx:63","href":null,"text":"","selectorHint":"[data-loc=\"client\\src\\components\\TeamSection.tsx:63\"]"},"x":547,"y":302}}
[2026-07-24T09:53:50.655Z] {"timestamp":1784886830317,"kind":"focusout","url":"http://localhost:3000/#team","viewport":{"width":1182,"height":682},"payload":{"target":{"tag":"button","id":null,"name":null,"type":null,"role":null,"ariaLabel":"View full image of Rohan Dhami","testId":null,"dataLoc":"client\\src\\components\\TeamSection.tsx:57","href":null,"text":"","selectorHint":"[data-loc=\"client\\src\\components\\TeamSection.tsx:57\"]"},"value":null}}
[2026-07-24T09:53:50.655Z] {"timestamp":1784886830318,"kind":"focusin","url":"http://localhost:3000/#team","viewport":{"width":1182,"height":682},"payload":{"target":{"tag":"button","id":null,"name":null,"type":null,"role":null,"ariaLabel":null,"testId":null,"dataLoc":"client\\src\\components\\ui\\dialog.tsx:135","href":null,"text":"Close","selectorHint":"[data-loc=\"client\\src\\components\\ui\\dialog.tsx:135\"]"}}}
[2026-07-24T09:53:52.661Z] {"timestamp":1784886831238,"kind":"focusout","url":"http://localhost:3000/#team","viewport":{"width":1182,"height":682},"payload":{"target":{"tag":"button","id":null,"name":null,"type":null,"role":null,"ariaLabel":null,"testId":null,"dataLoc":"client\\src\\components\\ui\\dialog.tsx:135","href":null,"text":"Close","selectorHint":"[data-loc=\"client\\src\\components\\ui\\dialog.tsx:135\"]"},"value":null}}
[2026-07-24T09:53:52.661Z] {"timestamp":1784886831459,"kind":"click","url":"http://localhost:3000/#team","viewport":{"width":1182,"height":682},"payload":{"target":{"tag":"div","id":null,"name":null,"type":null,"role":null,"ariaLabel":null,"testId":null,"dataLoc":"client\\src\\components\\ui\\dialog.tsx:123","href":null,"text":"","selectorHint":"[data-loc=\"client\\src\\components\\ui\\dialog.tsx:123\"]"},"x":1013,"y":236}}
[2026-07-24T09:53:52.661Z] {"timestamp":1784886831856,"kind":"scroll","url":"http://localhost:3000/#team","viewport":{"width":1182,"height":682},"payload":{"scrollX":3.200000047683716,"scrollY":8421.599609375,"documentHeight":12388,"viewportHeight":682}}
[2026-07-24T09:53:54.657Z] {"timestamp":1784886832673,"kind":"scroll","url":"http://localhost:3000/#team","viewport":{"width":1182,"height":682},"payload":{"scrollX":3.200000047683716,"scrollY":8369.599609375,"documentHeight":12388,"viewportHeight":682}}
[2026-07-24T09:53:54.657Z] {"timestamp":1784886833190,"kind":"scroll","url":"http://localhost:3000/#team","viewport":{"width":1182,"height":682},"payload":{"scrollX":3.200000047683716,"scrollY":8095.2001953125,"documentHeight":12388,"viewportHeight":682}}
[2026-07-24T09:53:54.657Z] {"timestamp":1784886833941,"kind":"scroll","url":"http://localhost:3000/#team","viewport":{"width":1182,"height":682},"payload":{"scrollX":3.200000047683716,"scrollY":7976.7998046875,"documentHeight":12442,"viewportHeight":682}}
[2026-07-24T09:53:56.656Z] {"timestamp":1784886835776,"kind":"scroll","url":"http://localhost:3000/#team","viewport":{"width":1182,"height":682},"payload":{"scrollX":3.200000047683716,"scrollY":7923.2001953125,"documentHeight":12388,"viewportHeight":682}}
[2026-07-24T09:53:56.656Z] {"timestamp":1784886836293,"kind":"scroll","url":"http://localhost:3000/#team","viewport":{"width":1182,"height":682},"payload":{"scrollX":3.200000047683716,"scrollY":7631.2001953125,"documentHeight":12388,"viewportHeight":682}}
[2026-07-24T09:53:58.651Z] {"timestamp":1784886836974,"kind":"scroll","url":"http://localhost:3000/#team","viewport":{"width":1182,"height":682},"payload":{"scrollX":3.200000047683716,"scrollY":7504.7998046875,"documentHeight":12388,"viewportHeight":682}}
[2026-07-24T09:53:58.651Z] {"timestamp":1784886837475,"kind":"scroll","url":"http://localhost:3000/#team","viewport":{"width":1182,"height":682},"payload":{"scrollX":3.200000047683716,"scrollY":7444.7998046875,"documentHeight":12388,"viewportHeight":682}}
[2026-07-24T09:53:58.651Z] {"timestamp":1784886838123,"kind":"scroll","url":"http://localhost:3000/#team","viewport":{"width":1182,"height":682},"payload":{"scrollX":3.200000047683716,"scrollY":7545.60009765625,"documentHeight":12442,"viewportHeight":682}}
[2026-07-24T09:54:00.661Z] {"timestamp":1784886839825,"kind":"scroll","url":"http://localhost:3000/#team","viewport":{"width":1182,"height":682},"payload":{"scrollX":3.200000047683716,"scrollY":7491.2001953125,"documentHeight":12388,"viewportHeight":682}}
[2026-07-24T09:54:06.661Z] {"timestamp":1784886845539,"kind":"scroll","url":"http://localhost:3000/#team","viewport":{"width":1182,"height":682},"payload":{"scrollX":3.200000047683716,"scrollY":7545.60009765625,"documentHeight":12442,"viewportHeight":682}}
[2026-07-24T09:54:08.650Z] {"timestamp":1784886847439,"kind":"scroll","url":"http://localhost:3000/#team","viewport":{"width":1182,"height":682},"payload":{"scrollX":3.200000047683716,"scrollY":7491.2001953125,"documentHeight":12388,"viewportHeight":682}}
[2026-07-24T09:54:10.657Z] {"timestamp":1784886849422,"kind":"scroll","url":"http://localhost:3000/#team","viewport":{"width":1182,"height":682},"payload":{"scrollX":3.200000047683716,"scrollY":7545.60009765625,"documentHeight":12442,"viewportHeight":682}}
[2026-07-24T09:54:12.657Z] {"timestamp":1784886851242,"kind":"scroll","url":"http://localhost:3000/#team","viewport":{"width":1182,"height":682},"payload":{"scrollX":3.200000047683716,"scrollY":7491.2001953125,"documentHeight":12388,"viewportHeight":682}}
[2026-07-24T09:54:14.652Z] {"timestamp":1784886853323,"kind":"scroll","url":"http://localhost:3000/#team","viewport":{"width":1182,"height":682},"payload":{"scrollX":3.200000047683716,"scrollY":7545.60009765625,"documentHeight":12442,"viewportHeight":682}}
[2026-07-24T09:54:16.651Z] {"timestamp":1784886855223,"kind":"scroll","url":"http://localhost:3000/#team","viewport":{"width":1182,"height":682},"payload":{"scrollX":3.200000047683716,"scrollY":7491.2001953125,"documentHeight":12388,"viewportHeight":682}}
[2026-07-24T09:54:22.661Z] {"timestamp":1784886861127,"kind":"scroll","url":"http://localhost:3000/#team","viewport":{"width":1182,"height":682},"payload":{"scrollX":3.200000047683716,"scrollY":7545.60009765625,"documentHeight":12442,"viewportHeight":682}}
[2026-07-24T09:54:24.650Z] {"timestamp":1784886863040,"kind":"scroll","url":"http://localhost:3000/#team","viewport":{"width":1182,"height":682},"payload":{"scrollX":3.200000047683716,"scrollY":7491.2001953125,"documentHeight":12388,"viewportHeight":682}}
[2026-07-24T09:54:26.661Z] {"timestamp":1784886865123,"kind":"scroll","url":"http://localhost:3000/#team","viewport":{"width":1182,"height":682},"payload":{"scrollX":3.200000047683716,"scrollY":7545.60009765625,"documentHeight":12442,"viewportHeight":682}}
[2026-07-24T09:54:28.678Z] {"timestamp":1784886866958,"kind":"scroll","url":"http://localhost:3000/#team","viewport":{"width":1182,"height":682},"payload":{"scrollX":3.200000047683716,"scrollY":7491.2001953125,"documentHeight":12388,"viewportHeight":682}}
[2026-07-24T09:54:30.664Z] {"timestamp":1784886869257,"kind":"scroll","url":"http://localhost:3000/#team","viewport":{"width":1182,"height":682},"payload":{"scrollX":3.200000047683716,"scrollY":7545.60009765625,"documentHeight":12442,"viewportHeight":682}}
[2026-07-24T09:54:32.654Z] {"timestamp":1784886871159,"kind":"scroll","url":"http://localhost:3000/#team","viewport":{"width":1182,"height":682},"payload":{"scrollX":3.200000047683716,"scrollY":7491.2001953125,"documentHeight":12388,"viewportHeight":682}}
[2026-07-24T09:54:38.655Z] {"timestamp":1784886877192,"kind":"scroll","url":"http://localhost:3000/#team","viewport":{"width":1182,"height":682},"payload":{"scrollX":3.200000047683716,"scrollY":7545.60009765625,"documentHeight":12442,"viewportHeight":682}}
[2026-07-24T09:54:40.659Z] {"timestamp":1784886879109,"kind":"scroll","url":"http://localhost:3000/#team","viewport":{"width":1182,"height":682},"payload":{"scrollX":3.200000047683716,"scrollY":7491.2001953125,"documentHeight":12388,"viewportHeight":682}}
[2026-07-24T09:54:42.665Z] {"timestamp":1784886881275,"kind":"scroll","url":"http://localhost:3000/#team","viewport":{"width":1182,"height":682},"payload":{"scrollX":3.200000047683716,"scrollY":7545.60009765625,"documentHeight":12442,"viewportHeight":682}}
[2026-07-24T09:54:44.657Z] {"timestamp":1784886883108,"kind":"scroll","url":"http://localhost:3000/#team","viewport":{"width":1182,"height":682},"payload":{"scrollX":3.200000047683716,"scrollY":7491.2001953125,"documentHeight":12388,"viewportHeight":682}}
[2026-07-24T09:54:46.650Z] {"timestamp":1784886885307,"kind":"scroll","url":"http://localhost:3000/#team","viewport":{"width":1182,"height":682},"payload":{"scrollX":3.200000047683716,"scrollY":7545.60009765625,"documentHeight":12442,"viewportHeight":682}}
[2026-07-24T09:54:48.650Z] {"timestamp":1784886887208,"kind":"scroll","url":"http://localhost:3000/#team","viewport":{"width":1182,"height":682},"payload":{"scrollX":3.200000047683716,"scrollY":7491.2001953125,"documentHeight":12388,"viewportHeight":682}}
[2026-07-24T09:54:54.661Z] {"timestamp":1784886892992,"kind":"scroll","url":"http://localhost:3000/#team","viewport":{"width":1182,"height":682},"payload":{"scrollX":3.200000047683716,"scrollY":7545.60009765625,"documentHeight":12442,"viewportHeight":682}}
[2026-07-24T09:54:56.651Z] {"timestamp":1784886894909,"kind":"scroll","url":"http://localhost:3000/#team","viewport":{"width":1182,"height":682},"payload":{"scrollX":3.200000047683716,"scrollY":7491.2001953125,"documentHeight":12388,"viewportHeight":682}}
[2026-07-24T09:54:58.650Z] {"timestamp":1784886896892,"kind":"scroll","url":"http://localhost:3000/#team","viewport":{"width":1182,"height":682},"payload":{"scrollX":3.200000047683716,"scrollY":7545.60009765625,"documentHeight":12442,"viewportHeight":682}}
[2026-07-24T09:55:00.650Z] {"timestamp":1784886898708,"kind":"scroll","url":"http://localhost:3000/#team","viewport":{"width":1182,"height":682},"payload":{"scrollX":3.200000047683716,"scrollY":7491.2001953125,"documentHeight":12388,"viewportHeight":682}}
[2026-07-24T09:55:02.656Z] {"timestamp":1784886900794,"kind":"scroll","url":"http://localhost:3000/#team","viewport":{"width":1182,"height":682},"payload":{"scrollX":3.200000047683716,"scrollY":7545.60009765625,"documentHeight":12442,"viewportHeight":682}}
[2026-07-24T09:55:02.656Z] {"timestamp":1784886901824,"kind":"focusin","url":"http://localhost:3000/#team","viewport":{"width":1182,"height":682},"payload":{"target":{"tag":"button","id":null,"name":null,"type":null,"role":null,"ariaLabel":"View full image of Dhrita","testId":null,"dataLoc":"client\\src\\components\\TeamSection.tsx:57","href":null,"text":"","selectorHint":"[data-loc=\"client\\src\\components\\TeamSection.tsx:57\"]"}}}
[2026-07-24T09:55:02.656Z] {"timestamp":1784886902050,"kind":"click","url":"http://localhost:3000/#team","viewport":{"width":1182,"height":682},"payload":{"target":{"tag":"img","id":null,"name":null,"type":null,"role":null,"ariaLabel":null,"testId":null,"dataLoc":"client\\src\\components\\TeamSection.tsx:63","href":null,"text":"","selectorHint":"[data-loc=\"client\\src\\components\\TeamSection.tsx:63\"]"},"x":698,"y":502}}
[2026-07-24T09:55:02.656Z] {"timestamp":1784886902100,"kind":"focusout","url":"http://localhost:3000/#team","viewport":{"width":1182,"height":682},"payload":{"target":{"tag":"button","id":null,"name":null,"type":null,"role":null,"ariaLabel":"View full image of Dhrita","testId":null,"dataLoc":"client\\src\\components\\TeamSection.tsx:57","href":null,"text":"","selectorHint":"[data-loc=\"client\\src\\components\\TeamSection.tsx:57\"]"},"value":null}}
[2026-07-24T09:55:02.656Z] {"timestamp":1784886902100,"kind":"focusin","url":"http://localhost:3000/#team","viewport":{"width":1182,"height":682},"payload":{"target":{"tag":"button","id":null,"name":null,"type":null,"role":null,"ariaLabel":null,"testId":null,"dataLoc":"client\\src\\components\\ui\\dialog.tsx:135","href":null,"text":"Close","selectorHint":"[data-loc=\"client\\src\\components\\ui\\dialog.tsx:135\"]"}}}
[2026-07-24T09:55:04.666Z] {"timestamp":1784886902695,"kind":"scroll","url":"http://localhost:3000/#team","viewport":{"width":1182,"height":682},"payload":{"scrollX":3.200000047683716,"scrollY":7491.2001953125,"documentHeight":12388,"viewportHeight":682}}
[2026-07-24T09:55:06.662Z] {"timestamp":1784886904989,"kind":"click","url":"http://localhost:3000/#team","viewport":{"width":1182,"height":682},"payload":{"target":{"tag":"button","id":null,"name":null,"type":null,"role":null,"ariaLabel":null,"testId":null,"dataLoc":"client\\src\\components\\ui\\dialog.tsx:135","href":null,"text":"Close","selectorHint":"[data-loc=\"client\\src\\components\\ui\\dialog.tsx:135\"]"},"x":829,"y":137}}
[2026-07-24T09:55:06.662Z] {"timestamp":1784886905266,"kind":"focusout","url":"http://localhost:3000/#team","viewport":{"width":1182,"height":682},"payload":{"target":{"tag":"button","id":null,"name":null,"type":null,"role":null,"ariaLabel":null,"testId":null,"dataLoc":"client\\src\\components\\ui\\dialog.tsx:135","href":null,"text":"Close","selectorHint":"[data-loc=\"client\\src\\components\\ui\\dialog.tsx:135\"]"},"value":null}}
[2026-07-24T09:55:06.662Z] {"timestamp":1784886905863,"kind":"scroll","url":"http://localhost:3000/#team","viewport":{"width":1182,"height":682},"payload":{"scrollX":3.200000047683716,"scrollY":7579.2001953125,"documentHeight":12388,"viewportHeight":682}}
[2026-07-24T09:55:06.662Z] {"timestamp":1784886906377,"kind":"scroll","url":"http://localhost:3000/#team","viewport":{"width":1182,"height":682},"payload":{"scrollX":3.200000047683716,"scrollY":7767.2001953125,"documentHeight":12388,"viewportHeight":682}}
[2026-07-24T09:55:08.653Z] {"timestamp":1784886907459,"kind":"scroll","url":"http://localhost:3000/#team","viewport":{"width":1182,"height":682},"payload":{"scrollX":3.200000047683716,"scrollY":7633.60009765625,"documentHeight":12388,"viewportHeight":682}}
[2026-07-24T09:55:08.653Z] {"timestamp":1784886908447,"kind":"scroll","url":"http://localhost:3000/#team","viewport":{"width":1182,"height":682},"payload":{"scrollX":3.200000047683716,"scrollY":7487.2001953125,"documentHeight":12442,"viewportHeight":682}}
[2026-07-24T09:55:10.653Z] {"timestamp":1784886908946,"kind":"scroll","url":"http://localhost:3000/#team","viewport":{"width":1182,"height":682},"payload":{"scrollX":3.200000047683716,"scrollY":7540,"documentHeight":12442,"viewportHeight":682}}
[2026-07-24T09:55:10.653Z] {"timestamp":1784886910026,"kind":"scroll","url":"http://localhost:3000/#team","viewport":{"width":1182,"height":682},"payload":{"scrollX":3.200000047683716,"scrollY":7577.60009765625,"documentHeight":12442,"viewportHeight":682}}
[2026-07-24T09:55:12.660Z] {"timestamp":1784886912310,"kind":"scroll","url":"http://localhost:3000/#team","viewport":{"width":1182,"height":682},"payload":{"scrollX":3.200000047683716,"scrollY":7599.2001953125,"documentHeight":12442,"viewportHeight":682}}
[2026-07-24T09:55:14.650Z] {"timestamp":1784886914143,"kind":"scroll","url":"http://localhost:3000/#team","viewport":{"width":1182,"height":682},"payload":{"scrollX":3.200000047683716,"scrollY":7545.60009765625,"documentHeight":12388,"viewportHeight":682}}
[2026-07-24T09:55:16.656Z] {"timestamp":1784886916243,"kind":"scroll","url":"http://localhost:3000/#team","viewport":{"width":1182,"height":682},"payload":{"scrollX":3.200000047683716,"scrollY":7599.2001953125,"documentHeight":12442,"viewportHeight":682}}
[2026-07-24T09:55:18.661Z] {"timestamp":1784886918143,"kind":"scroll","url":"http://localhost:3000/#team","viewport":{"width":1182,"height":682},"payload":{"scrollX":3.200000047683716,"scrollY":7545.60009765625,"documentHeight":12388,"viewportHeight":682}}
[2026-07-24T09:55:24.652Z] {"timestamp":1784886923993,"kind":"scroll","url":"http://localhost:3000/#team","viewport":{"width":1182,"height":682},"payload":{"scrollX":3.200000047683716,"scrollY":7599.2001953125,"documentHeight":12442,"viewportHeight":682}}
[2026-07-24T09:55:26.663Z] {"timestamp":1784886925900,"kind":"scroll","url":"http://localhost:3000/#team","viewport":{"width":1182,"height":682},"payload":{"scrollX":3.200000047683716,"scrollY":7545.60009765625,"documentHeight":12388,"viewportHeight":682}}
[2026-07-24T09:55:28.651Z] {"timestamp":1784886927826,"kind":"scroll","url":"http://localhost:3000/#team","viewport":{"width":1182,"height":682},"payload":{"scrollX":3.200000047683716,"scrollY":7599.2001953125,"documentHeight":12442,"viewportHeight":682}}
[2026-07-24T09:55:30.652Z] {"timestamp":1784886929660,"kind":"scroll","url":"http://localhost:3000/#team","viewport":{"width":1182,"height":682},"payload":{"scrollX":3.200000047683716,"scrollY":7545.60009765625,"documentHeight":12388,"viewportHeight":682}}
[2026-07-24T09:55:32.650Z] {"timestamp":1784886931760,"kind":"scroll","url":"http://localhost:3000/#team","viewport":{"width":1182,"height":682},"payload":{"scrollX":3.200000047683716,"scrollY":7599.2001953125,"documentHeight":12442,"viewportHeight":682}}
[2026-07-24T09:55:34.651Z] {"timestamp":1784886933678,"kind":"scroll","url":"http://localhost:3000/#team","viewport":{"width":1182,"height":682},"payload":{"scrollX":3.200000047683716,"scrollY":7545.60009765625,"documentHeight":12388,"viewportHeight":682}}
[2026-07-24T09:55:40.650Z] {"timestamp":1784886939477,"kind":"scroll","url":"http://localhost:3000/#team","viewport":{"width":1182,"height":682},"payload":{"scrollX":3.200000047683716,"scrollY":7599.2001953125,"documentHeight":12442,"viewportHeight":682}}
[2026-07-24T09:55:42.652Z] {"timestamp":1784886941362,"kind":"scroll","url":"http://localhost:3000/#team","viewport":{"width":1182,"height":682},"payload":{"scrollX":3.200000047683716,"scrollY":7545.60009765625,"documentHeight":12388,"viewportHeight":682}}
[2026-07-24T09:55:44.652Z] {"timestamp":1784886943364,"kind":"scroll","url":"http://localhost:3000/#team","viewport":{"width":1182,"height":682},"payload":{"scrollX":3.200000047683716,"scrollY":7599.2001953125,"documentHeight":12442,"viewportHeight":682}}
[2026-07-24T09:55:46.652Z] {"timestamp":1784886944751,"kind":"focusin","url":"http://localhost:3000/#team","viewport":{"width":1182,"height":682},"payload":{"target":{"tag":"button","id":null,"name":null,"type":null,"role":null,"ariaLabel":"View full image of Ayush Singh","testId":null,"dataLoc":"client\\src\\components\\TeamSection.tsx:57","href":null,"text":"","selectorHint":"[data-loc=\"client\\src\\components\\TeamSection.tsx:57\"]"}}}
[2026-07-24T09:55:46.652Z] {"timestamp":1784886944967,"kind":"click","url":"http://localhost:3000/#team","viewport":{"width":1182,"height":682},"payload":{"target":{"tag":"img","id":null,"name":null,"type":null,"role":null,"ariaLabel":null,"testId":null,"dataLoc":"client\\src\\components\\TeamSection.tsx:63","href":null,"text":"","selectorHint":"[data-loc=\"client\\src\\components\\TeamSection.tsx:63\"]"},"x":151,"y":446}}
[2026-07-24T09:55:46.652Z] {"timestamp":1784886945027,"kind":"focusout","url":"http://localhost:3000/#team","viewport":{"width":1182,"height":682},"payload":{"target":{"tag":"button","id":null,"name":null,"type":null,"role":null,"ariaLabel":"View full image of Ayush Singh","testId":null,"dataLoc":"client\\src\\components\\TeamSection.tsx:57","href":null,"text":"","selectorHint":"[data-loc=\"client\\src\\components\\TeamSection.tsx:57\"]"},"value":null}}
[2026-07-24T09:55:46.652Z] {"timestamp":1784886945027,"kind":"focusin","url":"http://localhost:3000/#team","viewport":{"width":1182,"height":682},"payload":{"target":{"tag":"button","id":null,"name":null,"type":null,"role":null,"ariaLabel":null,"testId":null,"dataLoc":"client\\src\\components\\ui\\dialog.tsx:135","href":null,"text":"Close","selectorHint":"[data-loc=\"client\\src\\components\\ui\\dialog.tsx:135\"]"}}}
[2026-07-24T09:55:46.652Z] {"timestamp":1784886945180,"kind":"scroll","url":"http://localhost:3000/#team","viewport":{"width":1182,"height":682},"payload":{"scrollX":3.200000047683716,"scrollY":7545.60009765625,"documentHeight":12388,"viewportHeight":682}}
[2026-07-24T09:55:46.652Z] {"timestamp":1784886945632,"kind":"focusout","url":"http://localhost:3000/#team","viewport":{"width":1182,"height":682},"payload":{"target":{"tag":"button","id":null,"name":null,"type":null,"role":null,"ariaLabel":null,"testId":null,"dataLoc":"client\\src\\components\\ui\\dialog.tsx:135","href":null,"text":"Close","selectorHint":"[data-loc=\"client\\src\\components\\ui\\dialog.tsx:135\"]"},"value":null}}
[2026-07-24T09:55:46.652Z] {"timestamp":1784886945846,"kind":"click","url":"http://localhost:3000/#team","viewport":{"width":1182,"height":682},"payload":{"target":{"tag":"div","id":null,"name":null,"type":null,"role":null,"ariaLabel":null,"testId":null,"dataLoc":"client\\src\\components\\ui\\dialog.tsx:123","href":null,"text":"","selectorHint":"[data-loc=\"client\\src\\components\\ui\\dialog.tsx:123\"]"},"x":151,"y":446}}
[2026-07-24T09:55:48.709Z] {"timestamp":1784886947113,"kind":"scroll","url":"http://localhost:3000/#team","viewport":{"width":1182,"height":682},"payload":{"scrollX":3.200000047683716,"scrollY":7590.39990234375,"documentHeight":12388,"viewportHeight":682}}
[2026-07-24T09:55:48.709Z] {"timestamp":1784886947618,"kind":"scroll","url":"http://localhost:3000/#team","viewport":{"width":1182,"height":682},"payload":{"scrollX":3.200000047683716,"scrollY":7949.60009765625,"documentHeight":12442,"viewportHeight":682}}
[2026-07-24T09:55:48.709Z] {"timestamp":1784886948405,"kind":"focusin","url":"http://localhost:3000/#team","viewport":{"width":1182,"height":682},"payload":{"target":{"tag":"button","id":null,"name":null,"type":null,"role":null,"ariaLabel":"View full image of Kartik Karnwal","testId":null,"dataLoc":"client\\src\\components\\TeamSection.tsx:57","href":null,"text":"","selectorHint":"[data-loc=\"client\\src\\components\\TeamSection.tsx:57\"]"}}}
[2026-07-24T09:55:48.709Z] {"timestamp":1784886948637,"kind":"click","url":"http://localhost:3000/#team","viewport":{"width":1182,"height":682},"payload":{"target":{"tag":"img","id":null,"name":null,"type":null,"role":null,"ariaLabel":null,"testId":null,"dataLoc":"client\\src\\components\\TeamSection.tsx:63","href":null,"text":"","selectorHint":"[data-loc=\"client\\src\\components\\TeamSection.tsx:63\"]"},"x":329,"y":476}}
[2026-07-24T09:55:48.709Z] {"timestamp":1784886948691,"kind":"focusout","url":"http://localhost:3000/#team","viewport":{"width":1182,"height":682},"payload":{"target":{"tag":"button","id":null,"name":null,"type":null,"role":null,"ariaLabel":"View full image of Kartik Karnwal","testId":null,"dataLoc":"client\\src\\components\\TeamSection.tsx:57","href":null,"text":"","selectorHint":"[data-loc=\"client\\src\\components\\TeamSection.tsx:57\"]"},"value":null}}
[2026-07-24T09:55:48.709Z] {"timestamp":1784886948692,"kind":"focusin","url":"http://localhost:3000/#team","viewport":{"width":1182,"height":682},"payload":{"target":{"tag":"button","id":null,"name":null,"type":null,"role":null,"ariaLabel":null,"testId":null,"dataLoc":"client\\src\\components\\ui\\dialog.tsx:135","href":null,"text":"Close","selectorHint":"[data-loc=\"client\\src\\components\\ui\\dialog.tsx:135\"]"}}}
[2026-07-24T09:55:50.655Z] {"timestamp":1784886949785,"kind":"focusout","url":"http://localhost:3000/#team","viewport":{"width":1182,"height":682},"payload":{"target":{"tag":"button","id":null,"name":null,"type":null,"role":null,"ariaLabel":null,"testId":null,"dataLoc":"client\\src\\components\\ui\\dialog.tsx:135","href":null,"text":"Close","selectorHint":"[data-loc=\"client\\src\\components\\ui\\dialog.tsx:135\"]"},"value":null}}
[2026-07-24T09:55:50.655Z] {"timestamp":1784886950010,"kind":"click","url":"http://localhost:3000/#team","viewport":{"width":1182,"height":682},"payload":{"target":{"tag":"div","id":null,"name":null,"type":null,"role":null,"ariaLabel":null,"testId":null,"dataLoc":"client\\src\\components\\ui\\dialog.tsx:123","href":null,"text":"","selectorHint":"[data-loc=\"client\\src\\components\\ui\\dialog.tsx:123\"]"},"x":1031,"y":258}}
[2026-07-24T09:55:50.655Z] {"timestamp":1784886950565,"kind":"scroll","url":"http://localhost:3000/#team","viewport":{"width":1182,"height":682},"payload":{"scrollX":3.200000047683716,"scrollY":8010.39990234375,"documentHeight":12388,"viewportHeight":682}}
[2026-07-24T09:55:52.660Z] {"timestamp":1784886951940,"kind":"focusin","url":"http://localhost:3000/#team","viewport":{"width":1182,"height":682},"payload":{"target":{"tag":"button","id":null,"name":null,"type":null,"role":null,"ariaLabel":"View full image of Ritik Sharma","testId":null,"dataLoc":"client\\src\\components\\TeamSection.tsx:57","href":null,"text":"","selectorHint":"[data-loc=\"client\\src\\components\\TeamSection.tsx:57\"]"}}}
[2026-07-24T09:55:52.661Z] {"timestamp":1784886952169,"kind":"click","url":"http://localhost:3000/#team","viewport":{"width":1182,"height":682},"payload":{"target":{"tag":"img","id":null,"name":null,"type":null,"role":null,"ariaLabel":null,"testId":null,"dataLoc":"client\\src\\components\\TeamSection.tsx:63","href":null,"text":"","selectorHint":"[data-loc=\"client\\src\\components\\TeamSection.tsx:63\"]"},"x":277,"y":415}}
[2026-07-24T09:55:52.661Z] {"timestamp":1784886952223,"kind":"focusout","url":"http://localhost:3000/#team","viewport":{"width":1182,"height":682},"payload":{"target":{"tag":"button","id":null,"name":null,"type":null,"role":null,"ariaLabel":"View full image of Ritik Sharma","testId":null,"dataLoc":"client\\src\\components\\TeamSection.tsx:57","href":null,"text":"","selectorHint":"[data-loc=\"client\\src\\components\\TeamSection.tsx:57\"]"},"value":null}}
[2026-07-24T09:55:52.661Z] {"timestamp":1784886952223,"kind":"focusin","url":"http://localhost:3000/#team","viewport":{"width":1182,"height":682},"payload":{"target":{"tag":"button","id":null,"name":null,"type":null,"role":null,"ariaLabel":null,"testId":null,"dataLoc":"client\\src\\components\\ui\\dialog.tsx:135","href":null,"text":"Close","selectorHint":"[data-loc=\"client\\src\\components\\ui\\dialog.tsx:135\"]"}}}
[2026-07-24T09:55:54.652Z] {"timestamp":1784886953037,"kind":"focusout","url":"http://localhost:3000/#team","viewport":{"width":1182,"height":682},"payload":{"target":{"tag":"button","id":null,"name":null,"type":null,"role":null,"ariaLabel":null,"testId":null,"dataLoc":"client\\src\\components\\ui\\dialog.tsx:135","href":null,"text":"Close","selectorHint":"[data-loc=\"client\\src\\components\\ui\\dialog.tsx:135\"]"},"value":null}}
[2026-07-24T09:55:54.652Z] {"timestamp":1784886953266,"kind":"click","url":"http://localhost:3000/#team","viewport":{"width":1182,"height":682},"payload":{"target":{"tag":"div","id":null,"name":null,"type":null,"role":null,"ariaLabel":null,"testId":null,"dataLoc":"client\\src\\components\\ui\\dialog.tsx:123","href":null,"text":"","selectorHint":"[data-loc=\"client\\src\\components\\ui\\dialog.tsx:123\"]"},"x":238,"y":400}}
[2026-07-24T09:55:54.652Z] {"timestamp":1784886953947,"kind":"scroll","url":"http://localhost:3000/#team","viewport":{"width":1182,"height":682},"payload":{"scrollX":3.200000047683716,"scrollY":8390.400390625,"documentHeight":12388,"viewportHeight":682}}
[2026-07-24T09:55:56.650Z] {"timestamp":1784886955180,"kind":"scroll","url":"http://localhost:3000/#team","viewport":{"width":1182,"height":682},"payload":{"scrollX":3.200000047683716,"scrollY":8803.2001953125,"documentHeight":12442,"viewportHeight":682}}
[2026-07-24T09:55:56.650Z] {"timestamp":1784886955729,"kind":"focusin","url":"http://localhost:3000/#team","viewport":{"width":1182,"height":682},"payload":{"target":{"tag":"button","id":null,"name":null,"type":null,"role":null,"ariaLabel":"View full image of Sukhwinder Singh","testId":null,"dataLoc":"client\\src\\components\\TeamSection.tsx:57","href":null,"text":"","selectorHint":"[data-loc=\"client\\src\\components\\TeamSection.tsx:57\"]"}}}
[2026-07-24T09:55:56.650Z] {"timestamp":1784886955956,"kind":"click","url":"http://localhost:3000/#team","viewport":{"width":1182,"height":682},"payload":{"target":{"tag":"img","id":null,"name":null,"type":null,"role":null,"ariaLabel":null,"testId":null,"dataLoc":"client\\src\\components\\TeamSection.tsx:63","href":null,"text":"","selectorHint":"[data-loc=\"client\\src\\components\\TeamSection.tsx:63\"]"},"x":157,"y":399}}
[2026-07-24T09:55:56.650Z] {"timestamp":1784886956015,"kind":"focusout","url":"http://localhost:3000/#team","viewport":{"width":1182,"height":682},"payload":{"target":{"tag":"button","id":null,"name":null,"type":null,"role":null,"ariaLabel":"View full image of Sukhwinder Singh","testId":null,"dataLoc":"client\\src\\components\\TeamSection.tsx:57","href":null,"text":"","selectorHint":"[data-loc=\"client\\src\\components\\TeamSection.tsx:57\"]"},"value":null}}
[2026-07-24T09:55:56.650Z] {"timestamp":1784886956015,"kind":"focusin","url":"http://localhost:3000/#team","viewport":{"width":1182,"height":682},"payload":{"target":{"tag":"button","id":null,"name":null,"type":null,"role":null,"ariaLabel":null,"testId":null,"dataLoc":"client\\src\\components\\ui\\dialog.tsx:135","href":null,"text":"Close","selectorHint":"[data-loc=\"client\\src\\components\\ui\\dialog.tsx:135\"]"}}}
[2026-07-24T09:55:58.655Z] {"timestamp":1784886956965,"kind":"focusout","url":"http://localhost:3000/#team","viewport":{"width":1182,"height":682},"payload":{"target":{"tag":"button","id":null,"name":null,"type":null,"role":null,"ariaLabel":null,"testId":null,"dataLoc":"client\\src\\components\\ui\\dialog.tsx:135","href":null,"text":"Close","selectorHint":"[data-loc=\"client\\src\\components\\ui\\dialog.tsx:135\"]"},"value":null}}
[2026-07-24T09:55:58.655Z] {"timestamp":1784886957098,"kind":"scroll","url":"http://localhost:3000/#team","viewport":{"width":1182,"height":682},"payload":{"scrollX":3.200000047683716,"scrollY":8749.599609375,"documentHeight":12388,"viewportHeight":682}}
[2026-07-24T09:55:58.655Z] {"timestamp":1784886957192,"kind":"click","url":"http://localhost:3000/#team","viewport":{"width":1182,"height":682},"payload":{"target":{"tag":"div","id":null,"name":null,"type":null,"role":null,"ariaLabel":null,"testId":null,"dataLoc":"client\\src\\components\\ui\\dialog.tsx:123","href":null,"text":"","selectorHint":"[data-loc=\"client\\src\\components\\ui\\dialog.tsx:123\"]"},"x":985,"y":276}}
[2026-07-24T09:56:00.652Z] {"timestamp":1784886959178,"kind":"scroll","url":"http://localhost:3000/#team","viewport":{"width":1182,"height":682},"payload":{"scrollX":3.200000047683716,"scrollY":8803.2001953125,"documentHeight":12442,"viewportHeight":682}}
[2026-07-24T09:56:02.652Z] {"timestamp":1784886961013,"kind":"scroll","url":"http://localhost:3000/#team","viewport":{"width":1182,"height":682},"payload":{"scrollX":3.200000047683716,"scrollY":8749.599609375,"documentHeight":12388,"viewportHeight":682}}
[2026-07-24T09:56:04.651Z] {"timestamp":1784886963214,"kind":"scroll","url":"http://localhost:3000/#team","viewport":{"width":1182,"height":682},"payload":{"scrollX":3.200000047683716,"scrollY":8803.2001953125,"documentHeight":12442,"viewportHeight":682}}
[2026-07-24T09:56:06.651Z] {"timestamp":1784886965134,"kind":"scroll","url":"http://localhost:3000/#team","viewport":{"width":1182,"height":682},"payload":{"scrollX":3.200000047683716,"scrollY":8749.599609375,"documentHeight":12388,"viewportHeight":682}}
[2026-07-24T09:56:12.652Z] {"timestamp":1784886971179,"kind":"scroll","url":"http://localhost:3000/#team","viewport":{"width":1182,"height":682},"payload":{"scrollX":3.200000047683716,"scrollY":8803.2001953125,"documentHeight":12442,"viewportHeight":682}}
[2026-07-24T09:56:14.651Z] {"timestamp":1784886973097,"kind":"scroll","url":"http://localhost:3000/#team","viewport":{"width":1182,"height":682},"payload":{"scrollX":3.200000047683716,"scrollY":8749.599609375,"documentHeight":12388,"viewportHeight":682}}
[2026-07-24T09:56:16.651Z] {"timestamp":1784886975231,"kind":"scroll","url":"http://localhost:3000/#team","viewport":{"width":1182,"height":682},"payload":{"scrollX":3.200000047683716,"scrollY":8803.2001953125,"documentHeight":12442,"viewportHeight":682}}
[2026-07-24T09:56:18.653Z] {"timestamp":1784886977063,"kind":"scroll","url":"http://localhost:3000/#team","viewport":{"width":1182,"height":682},"payload":{"scrollX":3.200000047683716,"scrollY":8749.599609375,"documentHeight":12388,"viewportHeight":682}}
[2026-07-24T09:56:20.650Z] {"timestamp":1784886979412,"kind":"scroll","url":"http://localhost:3000/#team","viewport":{"width":1182,"height":682},"payload":{"scrollX":3.200000047683716,"scrollY":8803.2001953125,"documentHeight":12442,"viewportHeight":682}}
[2026-07-24T09:56:22.652Z] {"timestamp":1784886981330,"kind":"scroll","url":"http://localhost:3000/#team","viewport":{"width":1182,"height":682},"payload":{"scrollX":3.200000047683716,"scrollY":8749.599609375,"documentHeight":12388,"viewportHeight":682}}
[2026-07-24T09:56:28.651Z] {"timestamp":1784886987397,"kind":"scroll","url":"http://localhost:3000/#team","viewport":{"width":1182,"height":682},"payload":{"scrollX":3.200000047683716,"scrollY":8803.2001953125,"documentHeight":12442,"viewportHeight":682}}
[2026-07-24T09:56:30.653Z] {"timestamp":1784886989313,"kind":"scroll","url":"http://localhost:3000/#team","viewport":{"width":1182,"height":682},"payload":{"scrollX":3.200000047683716,"scrollY":8749.599609375,"documentHeight":12388,"viewportHeight":682}}
[2026-07-24T09:56:32.655Z] {"timestamp":1784886991430,"kind":"scroll","url":"http://localhost:3000/#team","viewport":{"width":1182,"height":682},"payload":{"scrollX":3.200000047683716,"scrollY":8803.2001953125,"documentHeight":12442,"viewportHeight":682}}
[2026-07-24T09:56:34.653Z] {"timestamp":1784886993283,"kind":"scroll","url":"http://localhost:3000/#team","viewport":{"width":1182,"height":682},"payload":{"scrollX":3.200000047683716,"scrollY":8749.599609375,"documentHeight":12388,"viewportHeight":682}}
[2026-07-24T09:56:36.659Z] {"timestamp":1784886995515,"kind":"scroll","url":"http://localhost:3000/#team","viewport":{"width":1182,"height":682},"payload":{"scrollX":3.200000047683716,"scrollY":8803.2001953125,"documentHeight":12442,"viewportHeight":682}}
[2026-07-24T09:56:38.665Z] {"timestamp":1784886997432,"kind":"scroll","url":"http://localhost:3000/#team","viewport":{"width":1182,"height":682},"payload":{"scrollX":3.200000047683716,"scrollY":8749.599609375,"documentHeight":12388,"viewportHeight":682}}
[2026-07-24T09:56:44.652Z] {"timestamp":1784887003414,"kind":"scroll","url":"http://localhost:3000/#team","viewport":{"width":1182,"height":682},"payload":{"scrollX":3.200000047683716,"scrollY":8803.2001953125,"documentHeight":12442,"viewportHeight":682}}
[2026-07-24T09:56:46.654Z] {"timestamp":1784887005317,"kind":"scroll","url":"http://localhost:3000/#team","viewport":{"width":1182,"height":682},"payload":{"scrollX":3.200000047683716,"scrollY":8749.599609375,"documentHeight":12388,"viewportHeight":682}}
[2026-07-24T09:56:48.822Z] {"timestamp":1784887007281,"kind":"scroll","url":"http://localhost:3000/#team","viewport":{"width":1182,"height":682},"payload":{"scrollX":3.200000047683716,"scrollY":8803.2001953125,"documentHeight":12442,"viewportHeight":682}}
[2026-07-24T09:57:04.652Z] {"timestamp":1784887023561,"kind":"scroll","url":"http://localhost:3000/#team","viewport":{"width":1182,"height":682},"payload":{"scrollX":3.200000047683716,"scrollY":8749.599609375,"documentHeight":12388,"viewportHeight":682}}
[2026-07-24T09:57:06.816Z] {"timestamp":1784887025317,"kind":"scroll","url":"http://localhost:3000/#team","viewport":{"width":1182,"height":682},"payload":{"scrollX":3.200000047683716,"scrollY":8803.2001953125,"documentHeight":12442,"viewportHeight":682}}
[2026-07-24T09:57:14.662Z] {"timestamp":1784887034593,"kind":"scroll","url":"http://localhost:3000/#team","viewport":{"width":1182,"height":682},"payload":{"scrollX":3.200000047683716,"scrollY":8749.599609375,"documentHeight":12388,"viewportHeight":682}}
[2026-07-24T09:59:30.657Z] {"timestamp":1784887169339,"kind":"scroll","url":"http://localhost:3000/#team","viewport":{"width":1182,"height":682},"payload":{"scrollX":3.200000047683716,"scrollY":8803.2001953125,"documentHeight":12442,"viewportHeight":682}}
[2026-07-24T09:59:30.657Z] {"timestamp":1784887169841,"kind":"scroll","url":"http://localhost:3000/#team","viewport":{"width":1182,"height":682},"payload":{"scrollX":3.200000047683716,"scrollY":8680.7998046875,"documentHeight":12442,"viewportHeight":682}}
[2026-07-24T09:59:30.657Z] {"timestamp":1784887170379,"kind":"scroll","url":"http://localhost:3000/#team","viewport":{"width":1182,"height":682},"payload":{"scrollX":3.200000047683716,"scrollY":8168,"documentHeight":12442,"viewportHeight":682}}
[2026-07-24T09:59:32.656Z] {"timestamp":1784887170924,"kind":"scroll","url":"http://localhost:3000/#team","viewport":{"width":1182,"height":682},"payload":{"scrollX":3.200000047683716,"scrollY":7805.60009765625,"documentHeight":12442,"viewportHeight":682}}
[2026-07-24T09:59:32.656Z] {"timestamp":1784887171426,"kind":"scroll","url":"http://localhost:3000/#team","viewport":{"width":1182,"height":682},"payload":{"scrollX":3.200000047683716,"scrollY":7237.60009765625,"documentHeight":12388,"viewportHeight":682}}
[2026-07-24T09:59:32.656Z] {"timestamp":1784887171955,"kind":"scroll","url":"http://localhost:3000/#team","viewport":{"width":1182,"height":682},"payload":{"scrollX":3.200000047683716,"scrollY":7022.39990234375,"documentHeight":12388,"viewportHeight":682}}
[2026-07-24T09:59:32.656Z] {"timestamp":1784887172605,"kind":"scroll","url":"http://localhost:3000/#team","viewport":{"width":1182,"height":682},"payload":{"scrollX":3.200000047683716,"scrollY":6876.7998046875,"documentHeight":12388,"viewportHeight":682}}
[2026-07-24T09:59:34.657Z] {"timestamp":1784887173106,"kind":"scroll","url":"http://localhost:3000/#team","viewport":{"width":1182,"height":682},"payload":{"scrollX":3.200000047683716,"scrollY":6429.60009765625,"documentHeight":12388,"viewportHeight":682}}
[2026-07-24T09:59:34.657Z] {"timestamp":1784887173689,"kind":"scroll","url":"http://localhost:3000/#team","viewport":{"width":1182,"height":682},"payload":{"scrollX":3.200000047683716,"scrollY":6087.2001953125,"documentHeight":12442,"viewportHeight":682}}
[2026-07-24T09:59:34.657Z] {"timestamp":1784887174189,"kind":"scroll","url":"http://localhost:3000/#team","viewport":{"width":1182,"height":682},"payload":{"scrollX":3.200000047683716,"scrollY":5624,"documentHeight":12442,"viewportHeight":682}}
[2026-07-24T09:59:36.663Z] {"timestamp":1784887174839,"kind":"scroll","url":"http://localhost:3000/#team","viewport":{"width":1182,"height":682},"payload":{"scrollX":3.200000047683716,"scrollY":5101.60009765625,"documentHeight":12442,"viewportHeight":682}}
[2026-07-24T09:59:36.664Z] {"timestamp":1784887175342,"kind":"scroll","url":"http://localhost:3000/#team","viewport":{"width":1182,"height":682},"payload":{"scrollX":3.200000047683716,"scrollY":4567.2001953125,"documentHeight":12388,"viewportHeight":682}}
[2026-07-24T09:59:36.664Z] {"timestamp":1784887176240,"kind":"scroll","url":"http://localhost:3000/#team","viewport":{"width":1182,"height":682},"payload":{"scrollX":3.200000047683716,"scrollY":4512.7998046875,"documentHeight":12388,"viewportHeight":682}}
[2026-07-24T09:59:38.657Z] {"timestamp":1784887177923,"kind":"scroll","url":"http://localhost:3000/#team","viewport":{"width":1182,"height":682},"payload":{"scrollX":3.200000047683716,"scrollY":4424.7998046875,"documentHeight":12388,"viewportHeight":682}}
[2026-07-24T09:59:38.657Z] {"timestamp":1784887178441,"kind":"scroll","url":"http://localhost:3000/#team","viewport":{"width":1182,"height":682},"payload":{"scrollX":3.200000047683716,"scrollY":4038.39990234375,"documentHeight":12388,"viewportHeight":682}}
[2026-07-24T09:59:40.660Z] {"timestamp":1784887178991,"kind":"scroll","url":"http://localhost:3000/#team","viewport":{"width":1182,"height":682},"payload":{"scrollX":3.200000047683716,"scrollY":3933.60009765625,"documentHeight":12388,"viewportHeight":682}}
[2026-07-24T09:59:40.660Z] {"timestamp":1784887179525,"kind":"scroll","url":"http://localhost:3000/#team","viewport":{"width":1182,"height":682},"payload":{"scrollX":3.200000047683716,"scrollY":3678.39990234375,"documentHeight":12388,"viewportHeight":682}}
[2026-07-24T09:59:42.656Z] {"timestamp":1784887180843,"kind":"scroll","url":"http://localhost:3000/#team","viewport":{"width":1182,"height":682},"payload":{"scrollX":3.200000047683716,"scrollY":3559.199951171875,"documentHeight":12442,"viewportHeight":682}}
[2026-07-24T09:59:44.651Z] {"timestamp":1784887182759,"kind":"scroll","url":"http://localhost:3000/#team","viewport":{"width":1182,"height":682},"payload":{"scrollX":3.200000047683716,"scrollY":3504.800048828125,"documentHeight":12388,"viewportHeight":682}}
[2026-07-24T09:59:44.651Z] {"timestamp":1784887183276,"kind":"scroll","url":"http://localhost:3000/#team","viewport":{"width":1182,"height":682},"payload":{"scrollX":3.200000047683716,"scrollY":3194.39990234375,"documentHeight":12388,"viewportHeight":682}}
[2026-07-24T09:59:44.651Z] {"timestamp":1784887183957,"kind":"scroll","url":"http://localhost:3000/#team","viewport":{"width":1182,"height":682},"payload":{"scrollX":3.200000047683716,"scrollY":2963.199951171875,"documentHeight":12388,"viewportHeight":682}}
[2026-07-24T09:59:46.665Z] {"timestamp":1784887184794,"kind":"scroll","url":"http://localhost:3000/#team","viewport":{"width":1182,"height":682},"payload":{"scrollX":3.200000047683716,"scrollY":2980.800048828125,"documentHeight":12442,"viewportHeight":682}}
[2026-07-24T09:59:46.665Z] {"timestamp":1784887186623,"kind":"scroll","url":"http://localhost:3000/#team","viewport":{"width":1182,"height":682},"payload":{"scrollX":3.200000047683716,"scrollY":2848.800048828125,"documentHeight":12388,"viewportHeight":682}}
[2026-07-24T09:59:50.657Z] {"timestamp":1784887188809,"kind":"scroll","url":"http://localhost:3000/#team","viewport":{"width":1182,"height":682},"payload":{"scrollX":3.200000047683716,"scrollY":2902.39990234375,"documentHeight":12442,"viewportHeight":682}}
[2026-07-24T09:59:50.657Z] {"timestamp":1784887189858,"kind":"scroll","url":"http://localhost:3000/#team","viewport":{"width":1182,"height":682},"payload":{"scrollX":3.200000047683716,"scrollY":2532.800048828125,"documentHeight":12442,"viewportHeight":682}}
[2026-07-24T09:59:50.657Z] {"timestamp":1784887190359,"kind":"scroll","url":"http://localhost:3000/#team","viewport":{"width":1182,"height":682},"payload":{"scrollX":3.200000047683716,"scrollY":1967.199951171875,"documentHeight":12442,"viewportHeight":682}}
[2026-07-24T09:59:52.651Z] {"timestamp":1784887190890,"kind":"scroll","url":"http://localhost:3000/#team","viewport":{"width":1182,"height":682},"payload":{"scrollX":3.200000047683716,"scrollY":1672,"documentHeight":12388,"viewportHeight":682}}
[2026-07-24T09:59:52.651Z] {"timestamp":1784887191408,"kind":"scroll","url":"http://localhost:3000/#team","viewport":{"width":1182,"height":682},"payload":{"scrollX":3.200000047683716,"scrollY":1340.800048828125,"documentHeight":12388,"viewportHeight":682}}
[2026-07-24T09:59:52.651Z] {"timestamp":1784887191941,"kind":"scroll","url":"http://localhost:3000/#team","viewport":{"width":1182,"height":682},"payload":{"scrollX":3.200000047683716,"scrollY":808.7999877929688,"documentHeight":12388,"viewportHeight":682}}
[2026-07-24T09:59:52.651Z] {"timestamp":1784887192442,"kind":"scroll","url":"http://localhost:3000/#team","viewport":{"width":1182,"height":682},"payload":{"scrollX":3.200000047683716,"scrollY":345.6000061035156,"documentHeight":12388,"viewportHeight":682}}
[2026-07-24T10:12:56.661Z] {"timestamp":1784887976573,"kind":"scroll","url":"http://localhost:3000/#team","viewport":{"width":1182,"height":682},"payload":{"scrollX":3.200000047683716,"scrollY":16,"documentHeight":12442,"viewportHeight":682}}
[2026-07-24T10:12:58.658Z] {"timestamp":1784887977074,"kind":"scroll","url":"http://localhost:3000/#team","viewport":{"width":1182,"height":682},"payload":{"scrollX":3.200000047683716,"scrollY":1936,"documentHeight":12442,"viewportHeight":682}}
[2026-07-24T10:12:58.658Z] {"timestamp":1784887977575,"kind":"scroll","url":"http://localhost:3000/#team","viewport":{"width":1182,"height":682},"payload":{"scrollX":3.200000047683716,"scrollY":3166.39990234375,"documentHeight":12388,"viewportHeight":682}}
[2026-07-24T10:12:58.658Z] {"timestamp":1784887978123,"kind":"scroll","url":"http://localhost:3000/#team","viewport":{"width":1182,"height":682},"payload":{"scrollX":3.200000047683716,"scrollY":4353.60009765625,"documentHeight":12388,"viewportHeight":682}}
[2026-07-24T10:12:58.658Z] {"timestamp":1784887978625,"kind":"scroll","url":"http://localhost:3000/#team","viewport":{"width":1182,"height":682},"payload":{"scrollX":3.200000047683716,"scrollY":5518.39990234375,"documentHeight":12388,"viewportHeight":682}}
[2026-07-24T10:13:00.651Z] {"timestamp":1784887979124,"kind":"scroll","url":"http://localhost:3000/#team","viewport":{"width":1182,"height":682},"payload":{"scrollX":3.200000047683716,"scrollY":5722.39990234375,"documentHeight":12388,"viewportHeight":682}}
[2026-07-24T10:13:00.651Z] {"timestamp":1784887979625,"kind":"scroll","url":"http://localhost:3000/#team","viewport":{"width":1182,"height":682},"payload":{"scrollX":3.200000047683716,"scrollY":6813.60009765625,"documentHeight":12442,"viewportHeight":682}}
[2026-07-24T10:13:00.651Z] {"timestamp":1784887980175,"kind":"scroll","url":"http://localhost:3000/#team","viewport":{"width":1182,"height":682},"payload":{"scrollX":3.200000047683716,"scrollY":7493.60009765625,"documentHeight":12442,"viewportHeight":682}}
[2026-07-24T10:13:02.659Z] {"timestamp":1784887981324,"kind":"scroll","url":"http://localhost:3000/#team","viewport":{"width":1182,"height":682},"payload":{"scrollX":3.200000047683716,"scrollY":7660,"documentHeight":12388,"viewportHeight":682}}
[2026-07-24T10:13:08.651Z] {"timestamp":1784887987073,"kind":"scroll","url":"http://localhost:3000/#team","viewport":{"width":1182,"height":682},"payload":{"scrollX":3.200000047683716,"scrollY":7713.60009765625,"documentHeight":12442,"viewportHeight":682}}
[2026-07-24T10:13:10.652Z] {"timestamp":1784887988973,"kind":"scroll","url":"http://localhost:3000/#team","viewport":{"width":1182,"height":682},"payload":{"scrollX":3.200000047683716,"scrollY":7660,"documentHeight":12388,"viewportHeight":682}}
[2026-07-24T10:13:12.663Z] {"timestamp":1784887990973,"kind":"scroll","url":"http://localhost:3000/#team","viewport":{"width":1182,"height":682},"payload":{"scrollX":3.200000047683716,"scrollY":7713.60009765625,"documentHeight":12442,"viewportHeight":682}}
[2026-07-24T10:13:14.652Z] {"timestamp":1784887992808,"kind":"scroll","url":"http://localhost:3000/#team","viewport":{"width":1182,"height":682},"payload":{"scrollX":3.200000047683716,"scrollY":7660,"documentHeight":12388,"viewportHeight":682}}
[2026-07-24T10:13:16.651Z] {"timestamp":1784887994923,"kind":"scroll","url":"http://localhost:3000/#team","viewport":{"width":1182,"height":682},"payload":{"scrollX":3.200000047683716,"scrollY":7713.60009765625,"documentHeight":12442,"viewportHeight":682}}
[2026-07-24T10:13:18.650Z] {"timestamp":1784887996823,"kind":"scroll","url":"http://localhost:3000/#team","viewport":{"width":1182,"height":682},"payload":{"scrollX":3.200000047683716,"scrollY":7660,"documentHeight":12388,"viewportHeight":682}}
[2026-07-24T10:13:22.651Z] {"timestamp":1784888002607,"kind":"scroll","url":"http://localhost:3000/#team","viewport":{"width":1182,"height":682},"payload":{"scrollX":3.200000047683716,"scrollY":7713.60009765625,"documentHeight":12442,"viewportHeight":682}}
[2026-07-24T10:13:24.659Z] {"timestamp":1784888004524,"kind":"scroll","url":"http://localhost:3000/#team","viewport":{"width":1182,"height":682},"payload":{"scrollX":3.200000047683716,"scrollY":7660,"documentHeight":12388,"viewportHeight":682}}
[2026-07-24T10:13:26.651Z] {"timestamp":1784888006507,"kind":"scroll","url":"http://localhost:3000/#team","viewport":{"width":1182,"height":682},"payload":{"scrollX":3.200000047683716,"scrollY":7713.60009765625,"documentHeight":12442,"viewportHeight":682}}
[2026-07-24T10:13:28.652Z] {"timestamp":1784888008324,"kind":"scroll","url":"http://localhost:3000/#team","viewport":{"width":1182,"height":682},"payload":{"scrollX":3.200000047683716,"scrollY":7660,"documentHeight":12388,"viewportHeight":682}}
[2026-07-24T10:13:30.652Z] {"timestamp":1784888010424,"kind":"scroll","url":"http://localhost:3000/#team","viewport":{"width":1182,"height":682},"payload":{"scrollX":3.200000047683716,"scrollY":7713.60009765625,"documentHeight":12442,"viewportHeight":682}}
[2026-07-24T10:13:32.664Z] {"timestamp":1784888012341,"kind":"scroll","url":"http://localhost:3000/#team","viewport":{"width":1182,"height":682},"payload":{"scrollX":3.200000047683716,"scrollY":7660,"documentHeight":12388,"viewportHeight":682}}
[2026-07-24T10:13:38.651Z] {"timestamp":1784888018074,"kind":"scroll","url":"http://localhost:3000/#team","viewport":{"width":1182,"height":682},"payload":{"scrollX":3.200000047683716,"scrollY":7713.60009765625,"documentHeight":12442,"viewportHeight":682}}
[2026-07-24T10:13:40.650Z] {"timestamp":1784888019991,"kind":"scroll","url":"http://localhost:3000/#team","viewport":{"width":1182,"height":682},"payload":{"scrollX":3.200000047683716,"scrollY":7660,"documentHeight":12388,"viewportHeight":682}}
[2026-07-24T10:13:42.656Z] {"timestamp":1784888021976,"kind":"scroll","url":"http://localhost:3000/#team","viewport":{"width":1182,"height":682},"payload":{"scrollX":3.200000047683716,"scrollY":7713.60009765625,"documentHeight":12442,"viewportHeight":682}}
[2026-07-24T10:13:44.659Z] {"timestamp":1784888023809,"kind":"scroll","url":"http://localhost:3000/#team","viewport":{"width":1182,"height":682},"payload":{"scrollX":3.200000047683716,"scrollY":7660,"documentHeight":12388,"viewportHeight":682}}
[2026-07-24T10:13:46.651Z] {"timestamp":1784888025876,"kind":"scroll","url":"http://localhost:3000/#team","viewport":{"width":1182,"height":682},"payload":{"scrollX":3.200000047683716,"scrollY":7713.60009765625,"documentHeight":12442,"viewportHeight":682}}
[2026-07-24T10:13:48.651Z] {"timestamp":1784888027777,"kind":"scroll","url":"http://localhost:3000/#team","viewport":{"width":1182,"height":682},"payload":{"scrollX":3.200000047683716,"scrollY":7660,"documentHeight":12388,"viewportHeight":682}}
[2026-07-24T10:14:24.817Z] {"timestamp":1784888062690,"kind":"scroll","url":"http://localhost:3000/#team","viewport":{"width":1182,"height":682},"payload":{"scrollX":3.200000047683716,"scrollY":7713.60009765625,"documentHeight":12442,"viewportHeight":682}}
[2026-07-24T10:14:26.822Z] {"timestamp":1784888065996,"kind":"scroll","url":"http://localhost:3000/#team","viewport":{"width":1182,"height":682},"payload":{"scrollX":3.200000047683716,"scrollY":7660,"documentHeight":12388,"viewportHeight":682}}
[2026-07-24T10:14:46.665Z] {"timestamp":1784888085560,"kind":"scroll","url":"http://localhost:3000/#team","viewport":{"width":1182,"height":682},"payload":{"scrollX":3.200000047683716,"scrollY":7713.60009765625,"documentHeight":12442,"viewportHeight":682}}
[2026-07-24T10:14:48.816Z] {"timestamp":1784888087760,"kind":"scroll","url":"http://localhost:3000/#team","viewport":{"width":1182,"height":682},"payload":{"scrollX":3.200000047683716,"scrollY":7660,"documentHeight":12388,"viewportHeight":682}}
[2026-07-24T10:15:08.817Z] {"timestamp":1784888108401,"kind":"scroll","url":"http://localhost:3000/#team","viewport":{"width":1182,"height":682},"payload":{"scrollX":3.200000047683716,"scrollY":7713.60009765625,"documentHeight":12442,"viewportHeight":682}}
[2026-07-24T10:15:12.766Z] {"timestamp":1784888111681,"kind":"scroll","url":"http://localhost:3000/#team","viewport":{"width":1182,"height":682},"payload":{"scrollX":3.200000047683716,"scrollY":7660,"documentHeight":12388,"viewportHeight":682}}
[2026-07-24T10:15:56.816Z] {"timestamp":1784888156099,"kind":"scroll","url":"http://localhost:3000/#team","viewport":{"width":1182,"height":682},"payload":{"scrollX":3.200000047683716,"scrollY":7713.60009765625,"documentHeight":12442,"viewportHeight":682}}
[2026-07-24T10:16:00.819Z] {"timestamp":1784888159340,"kind":"scroll","url":"http://localhost:3000/#team","viewport":{"width":1182,"height":682},"payload":{"scrollX":3.200000047683716,"scrollY":7660,"documentHeight":12388,"viewportHeight":682}}
[2026-07-24T10:16:22.659Z] {"timestamp":1784888181054,"kind":"scroll","url":"http://localhost:3000/#team","viewport":{"width":1182,"height":682},"payload":{"scrollX":3.200000047683716,"scrollY":7713.60009765625,"documentHeight":12442,"viewportHeight":682}}
[2026-07-24T10:16:24.651Z] {"timestamp":1784888182901,"kind":"scroll","url":"http://localhost:3000/#team","viewport":{"width":1182,"height":682},"payload":{"scrollX":3.200000047683716,"scrollY":7660,"documentHeight":12388,"viewportHeight":682}}
[2026-07-24T10:16:26.651Z] {"timestamp":1784888185034,"kind":"scroll","url":"http://localhost:3000/#team","viewport":{"width":1182,"height":682},"payload":{"scrollX":3.200000047683716,"scrollY":7713.60009765625,"documentHeight":12442,"viewportHeight":682}}
[2026-07-24T10:16:28.660Z] {"timestamp":1784888186934,"kind":"scroll","url":"http://localhost:3000/#team","viewport":{"width":1182,"height":682},"payload":{"scrollX":3.200000047683716,"scrollY":7660,"documentHeight":12388,"viewportHeight":682}}
[2026-07-24T10:16:34.652Z] {"timestamp":1784888193486,"kind":"scroll","url":"http://localhost:3000/#team","viewport":{"width":1182,"height":682},"payload":{"scrollX":3.200000047683716,"scrollY":7691.2001953125,"documentHeight":12388,"viewportHeight":682}}
[2026-07-24T10:16:34.652Z] {"timestamp":1784888194052,"kind":"scroll","url":"http://localhost:3000/#team","viewport":{"width":1182,"height":682},"payload":{"scrollX":3.200000047683716,"scrollY":8247.2001953125,"documentHeight":12388,"viewportHeight":682}}
[2026-07-24T10:16:34.652Z] {"timestamp":1784888194619,"kind":"scroll","url":"http://localhost:3000/#team","viewport":{"width":1182,"height":682},"payload":{"scrollX":3.200000047683716,"scrollY":8772,"documentHeight":12442,"viewportHeight":682}}
[2026-07-24T10:16:36.661Z] {"timestamp":1784888196320,"kind":"scroll","url":"http://localhost:3000/#team","viewport":{"width":1182,"height":682},"payload":{"scrollX":3.200000047683716,"scrollY":8997.599609375,"documentHeight":12388,"viewportHeight":682}}
[2026-07-24T10:16:38.657Z] {"timestamp":1784888198453,"kind":"scroll","url":"http://localhost:3000/#team","viewport":{"width":1182,"height":682},"payload":{"scrollX":3.200000047683716,"scrollY":9051.2001953125,"documentHeight":12442,"viewportHeight":682}}
[2026-07-24T10:16:40.657Z] {"timestamp":1784888200303,"kind":"scroll","url":"http://localhost:3000/#team","viewport":{"width":1182,"height":682},"payload":{"scrollX":3.200000047683716,"scrollY":8997.599609375,"documentHeight":12388,"viewportHeight":682}}
[2026-07-24T10:16:42.660Z] {"timestamp":1784888202536,"kind":"scroll","url":"http://localhost:3000/#team","viewport":{"width":1182,"height":682},"payload":{"scrollX":3.200000047683716,"scrollY":9051.2001953125,"documentHeight":12442,"viewportHeight":682}}
[2026-07-24T10:16:44.659Z] {"timestamp":1784888204454,"kind":"scroll","url":"http://localhost:3000/#team","viewport":{"width":1182,"height":682},"payload":{"scrollX":3.200000047683716,"scrollY":8997.599609375,"documentHeight":12388,"viewportHeight":682}}
[2026-07-24T10:16:50.660Z] {"timestamp":1784888210554,"kind":"scroll","url":"http://localhost:3000/#team","viewport":{"width":1182,"height":682},"payload":{"scrollX":3.200000047683716,"scrollY":9051.2001953125,"documentHeight":12442,"viewportHeight":682}}
[2026-07-24T10:16:52.662Z] {"timestamp":1784888212489,"kind":"scroll","url":"http://localhost:3000/#team","viewport":{"width":1182,"height":682},"payload":{"scrollX":3.200000047683716,"scrollY":8997.599609375,"documentHeight":12388,"viewportHeight":682}}
[2026-07-24T10:16:54.653Z] {"timestamp":1784888214640,"kind":"scroll","url":"http://localhost:3000/#team","viewport":{"width":1182,"height":682},"payload":{"scrollX":3.200000047683716,"scrollY":9051.2001953125,"documentHeight":12442,"viewportHeight":682}}
[2026-07-24T10:16:56.659Z] {"timestamp":1784888216470,"kind":"scroll","url":"http://localhost:3000/#team","viewport":{"width":1182,"height":682},"payload":{"scrollX":3.200000047683716,"scrollY":8997.599609375,"documentHeight":12388,"viewportHeight":682}}
[2026-07-24T10:16:58.669Z] {"timestamp":1784888218566,"kind":"scroll","url":"http://localhost:3000/#team","viewport":{"width":1182,"height":682},"payload":{"scrollX":3.200000047683716,"scrollY":9045.599609375,"documentHeight":12452,"viewportHeight":682}}
[2026-07-24T10:17:02.658Z] {"timestamp":1784888220824,"kind":"scroll","url":"http://localhost:3000/#team","viewport":{"width":1182,"height":682},"payload":{"scrollX":3.200000047683716,"scrollY":9045.599609375,"documentHeight":12452,"viewportHeight":682}}
[2026-07-24T10:17:08.666Z] {"timestamp":1784888226805,"kind":"scroll","url":"http://localhost:3000/#team","viewport":{"width":1182,"height":682},"payload":{"scrollX":3.200000047683716,"scrollY":9099.2001953125,"documentHeight":12506,"viewportHeight":682}}
[2026-07-24T10:17:10.667Z] {"timestamp":1784888228721,"kind":"scroll","url":"http://localhost:3000/#team","viewport":{"width":1182,"height":682},"payload":{"scrollX":3.200000047683716,"scrollY":9045.599609375,"documentHeight":12452,"viewportHeight":682}}
[2026-07-24T10:17:12.668Z] {"timestamp":1784888230822,"kind":"scroll","url":"http://localhost:3000/#team","viewport":{"width":1182,"height":682},"payload":{"scrollX":3.200000047683716,"scrollY":9099.2001953125,"documentHeight":12506,"viewportHeight":682}}
[2026-07-24T10:17:12.668Z] {"timestamp":1784888232656,"kind":"scroll","url":"http://localhost:3000/#team","viewport":{"width":1182,"height":682},"payload":{"scrollX":3.200000047683716,"scrollY":9045.599609375,"documentHeight":12452,"viewportHeight":682}}
[2026-07-24T10:17:16.658Z] {"timestamp":1784888234889,"kind":"scroll","url":"http://localhost:3000/#team","viewport":{"width":1182,"height":682},"payload":{"scrollX":3.200000047683716,"scrollY":9099.2001953125,"documentHeight":12506,"viewportHeight":682}}
[2026-07-24T10:17:18.649Z] {"timestamp":1784888236803,"kind":"scroll","url":"http://localhost:3000/#team","viewport":{"width":1182,"height":682},"payload":{"scrollX":3.200000047683716,"scrollY":9045.599609375,"documentHeight":12452,"viewportHeight":682}}
[2026-07-24T10:17:18.649Z] {"timestamp":1784888237473,"kind":"scroll","url":"http://localhost:3000/#team","viewport":{"width":1182,"height":682},"payload":{"scrollX":3.200000047683716,"scrollY":9024,"documentHeight":12452,"viewportHeight":682}}
[2026-07-24T10:17:18.649Z] {"timestamp":1784888238389,"kind":"scroll","url":"http://localhost:3000/#team","viewport":{"width":1182,"height":682},"payload":{"scrollX":3.200000047683716,"scrollY":8785.599609375,"documentHeight":12452,"viewportHeight":682}}
[2026-07-24T10:17:20.651Z] {"timestamp":1784888239656,"kind":"scroll","url":"http://localhost:3000/#team","viewport":{"width":1182,"height":682},"payload":{"scrollX":3.200000047683716,"scrollY":8385.599609375,"documentHeight":12452,"viewportHeight":682}}
[2026-07-24T10:17:22.657Z] {"timestamp":1784888241198,"kind":"focusin","url":"http://localhost:3000/#team","viewport":{"width":1182,"height":682},"payload":{"target":{"tag":"button","id":null,"name":null,"type":null,"role":null,"ariaLabel":"View full image of Husanpreet Kaur","testId":null,"dataLoc":"client\\src\\components\\TeamSection.tsx:57","href":null,"text":"","selectorHint":"[data-loc=\"client\\src\\components\\TeamSection.tsx:57\"]"}}}
[2026-07-24T10:17:22.657Z] {"timestamp":1784888241417,"kind":"click","url":"http://localhost:3000/#team","viewport":{"width":1182,"height":682},"payload":{"target":{"tag":"img","id":null,"name":null,"type":null,"role":null,"ariaLabel":null,"testId":null,"dataLoc":"client\\src\\components\\TeamSection.tsx:64","href":null,"text":"","selectorHint":"[data-loc=\"client\\src\\components\\TeamSection.tsx:64\"]"},"x":195,"y":229}}
[2026-07-24T10:17:22.657Z] {"timestamp":1784888241471,"kind":"focusout","url":"http://localhost:3000/#team","viewport":{"width":1182,"height":682},"payload":{"target":{"tag":"button","id":null,"name":null,"type":null,"role":null,"ariaLabel":"View full image of Husanpreet Kaur","testId":null,"dataLoc":"client\\src\\components\\TeamSection.tsx:57","href":null,"text":"","selectorHint":"[data-loc=\"client\\src\\components\\TeamSection.tsx:57\"]"},"value":null}}
[2026-07-24T10:17:22.657Z] {"timestamp":1784888241472,"kind":"focusin","url":"http://localhost:3000/#team","viewport":{"width":1182,"height":682},"payload":{"target":{"tag":"button","id":null,"name":null,"type":null,"role":null,"ariaLabel":null,"testId":null,"dataLoc":"client\\src\\components\\ui\\dialog.tsx:135","href":null,"text":"Close","selectorHint":"[data-loc=\"client\\src\\components\\ui\\dialog.tsx:135\"]"}}}
[2026-07-24T10:17:24.652Z] {"timestamp":1784888242722,"kind":"scroll","url":"http://localhost:3000/#team","viewport":{"width":1182,"height":682},"payload":{"scrollX":3.200000047683716,"scrollY":8232,"documentHeight":12506,"viewportHeight":682}}
[2026-07-24T10:17:24.652Z] {"timestamp":1784888242787,"kind":"focusout","url":"http://localhost:3000/#team","viewport":{"width":1182,"height":682},"payload":{"target":{"tag":"button","id":null,"name":null,"type":null,"role":null,"ariaLabel":null,"testId":null,"dataLoc":"client\\src\\components\\ui\\dialog.tsx:135","href":null,"text":"Close","selectorHint":"[data-loc=\"client\\src\\components\\ui\\dialog.tsx:135\"]"},"value":null}}
[2026-07-24T10:17:24.652Z] {"timestamp":1784888243010,"kind":"click","url":"http://localhost:3000/#team","viewport":{"width":1182,"height":682},"payload":{"target":{"tag":"div","id":null,"name":null,"type":null,"role":null,"ariaLabel":null,"testId":null,"dataLoc":"client\\src\\components\\ui\\dialog.tsx:123","href":null,"text":"","selectorHint":"[data-loc=\"client\\src\\components\\ui\\dialog.tsx:123\"]"},"x":196,"y":308}}
[2026-07-24T10:17:24.652Z] {"timestamp":1784888244621,"kind":"scroll","url":"http://localhost:3000/#team","viewport":{"width":1182,"height":682},"payload":{"scrollX":3.200000047683716,"scrollY":8177.60009765625,"documentHeight":12452,"viewportHeight":682}}
[2026-07-24T10:17:28.663Z] {"timestamp":1784888246687,"kind":"scroll","url":"http://localhost:3000/#team","viewport":{"width":1182,"height":682},"payload":{"scrollX":3.200000047683716,"scrollY":8232,"documentHeight":12506,"viewportHeight":682}}
[2026-07-24T10:17:28.663Z] {"timestamp":1784888247189,"kind":"scroll","url":"http://localhost:3000/#team","viewport":{"width":1182,"height":682},"payload":{"scrollX":3.200000047683716,"scrollY":7858.39990234375,"documentHeight":12506,"viewportHeight":682}}
[2026-07-24T10:17:28.663Z] {"timestamp":1784888248508,"kind":"scroll","url":"http://localhost:3000/#team","viewport":{"width":1182,"height":682},"payload":{"scrollX":3.200000047683716,"scrollY":7746.39990234375,"documentHeight":12452,"viewportHeight":682}}
[2026-07-24T10:17:30.649Z] {"timestamp":1784888250341,"kind":"scroll","url":"http://localhost:3000/#team","viewport":{"width":1182,"height":682},"payload":{"scrollX":3.200000047683716,"scrollY":7818.39990234375,"documentHeight":12452,"viewportHeight":682}}
[2026-07-24T10:17:32.653Z] {"timestamp":1784888251672,"kind":"scroll","url":"http://localhost:3000/#team","viewport":{"width":1182,"height":682},"payload":{"scrollX":3.200000047683716,"scrollY":8231.2001953125,"documentHeight":12506,"viewportHeight":682}}
[2026-07-24T10:17:34.650Z] {"timestamp":1784888252773,"kind":"scroll","url":"http://localhost:3000/#team","viewport":{"width":1182,"height":682},"payload":{"scrollX":3.200000047683716,"scrollY":8622.400390625,"documentHeight":12452,"viewportHeight":682}}
[2026-07-24T10:18:14.655Z] {"timestamp":1784888294025,"kind":"scroll","url":"http://localhost:3000/#team","viewport":{"width":1182,"height":682},"payload":{"scrollX":3.200000047683716,"scrollY":8908.7998046875,"documentHeight":12506,"viewportHeight":682}}
[2026-07-24T10:18:16.650Z] {"timestamp":1784888295877,"kind":"scroll","url":"http://localhost:3000/#team","viewport":{"width":1182,"height":682},"payload":{"scrollX":3.200000047683716,"scrollY":8855.2001953125,"documentHeight":12452,"viewportHeight":682}}
[2026-07-24T10:18:18.651Z] {"timestamp":1784888298074,"kind":"scroll","url":"http://localhost:3000/#team","viewport":{"width":1182,"height":682},"payload":{"scrollX":3.200000047683716,"scrollY":8908.7998046875,"documentHeight":12506,"viewportHeight":682}}
[2026-07-24T10:18:20.669Z] {"timestamp":1784888299993,"kind":"scroll","url":"http://localhost:3000/#team","viewport":{"width":1182,"height":682},"payload":{"scrollX":3.200000047683716,"scrollY":8855.2001953125,"documentHeight":12452,"viewportHeight":682}}
[2026-07-24T10:18:26.670Z] {"timestamp":1784888306076,"kind":"scroll","url":"http://localhost:3000/#team","viewport":{"width":1182,"height":682},"payload":{"scrollX":3.200000047683716,"scrollY":8908.7998046875,"documentHeight":12506,"viewportHeight":682}}
[2026-07-24T10:18:28.667Z] {"timestamp":1784888308013,"kind":"scroll","url":"http://localhost:3000/#team","viewport":{"width":1182,"height":682},"payload":{"scrollX":3.200000047683716,"scrollY":8855.2001953125,"documentHeight":12452,"viewportHeight":682}}
[2026-07-24T10:18:30.666Z] {"timestamp":1784888310157,"kind":"scroll","url":"http://localhost:3000/#team","viewport":{"width":1182,"height":682},"payload":{"scrollX":3.200000047683716,"scrollY":8908.7998046875,"documentHeight":12506,"viewportHeight":682}}
[2026-07-24T10:18:32.667Z] {"timestamp":1784888311995,"kind":"scroll","url":"http://localhost:3000/#team","viewport":{"width":1182,"height":682},"payload":{"scrollX":3.200000047683716,"scrollY":8855.2001953125,"documentHeight":12452,"viewportHeight":682}}
[2026-07-24T10:18:34.650Z] {"timestamp":1784888313627,"kind":"scroll","url":"http://localhost:3000/#team","viewport":{"width":1182,"height":682},"payload":{"scrollX":3.200000047683716,"scrollY":8831.2001953125,"documentHeight":12452,"viewportHeight":682}}
[2026-07-24T10:18:34.650Z] {"timestamp":1784888314158,"kind":"scroll","url":"http://localhost:3000/#team","viewport":{"width":1182,"height":682},"payload":{"scrollX":3.200000047683716,"scrollY":8581.599609375,"documentHeight":12506,"viewportHeight":682}}
[2026-07-24T10:18:36.664Z] {"timestamp":1784888316076,"kind":"scroll","url":"http://localhost:3000/#team","viewport":{"width":1182,"height":682},"payload":{"scrollX":3.200000047683716,"scrollY":8528,"documentHeight":12452,"viewportHeight":682}}
[2026-07-24T10:18:40.654Z] {"timestamp":1784888318992,"kind":"scroll","url":"http://localhost:3000/#team","viewport":{"width":1182,"height":682},"payload":{"scrollX":3.200000047683716,"scrollY":8507.2001953125,"documentHeight":12452,"viewportHeight":682}}
[2026-07-24T10:18:42.658Z] {"timestamp":1784888321810,"kind":"scroll","url":"http://localhost:3000/#team","viewport":{"width":1182,"height":682},"payload":{"scrollX":3.200000047683716,"scrollY":7992,"documentHeight":12452,"viewportHeight":682}}
[2026-07-24T10:18:42.658Z] {"timestamp":1784888322343,"kind":"scroll","url":"http://localhost:3000/#team","viewport":{"width":1182,"height":682},"payload":{"scrollX":3.200000047683716,"scrollY":7797.60009765625,"documentHeight":12506,"viewportHeight":682}}
[2026-07-24T10:18:44.650Z] {"timestamp":1784888323093,"kind":"scroll","url":"http://localhost:3000/#team","viewport":{"width":1182,"height":682},"payload":{"scrollX":3.200000047683716,"scrollY":7502.39990234375,"documentHeight":12506,"viewportHeight":682}}
[2026-07-24T10:18:44.650Z] {"timestamp":1784888323743,"kind":"scroll","url":"http://localhost:3000/#team","viewport":{"width":1182,"height":682},"payload":{"scrollX":3.200000047683716,"scrollY":7777.60009765625,"documentHeight":12506,"viewportHeight":682}}
[2026-07-24T10:18:46.650Z] {"timestamp":1784888325791,"kind":"scroll","url":"http://localhost:3000/#team","viewport":{"width":1182,"height":682},"payload":{"scrollX":3.200000047683716,"scrollY":7876,"documentHeight":12506,"viewportHeight":682}}
[2026-07-24T10:18:48.657Z] {"timestamp":1784888327609,"kind":"scroll","url":"http://localhost:3000/#team","viewport":{"width":1182,"height":682},"payload":{"scrollX":3.200000047683716,"scrollY":7822.39990234375,"documentHeight":12452,"viewportHeight":682}}
[2026-07-24T10:18:50.654Z] {"timestamp":1784888329708,"kind":"scroll","url":"http://localhost:3000/#team","viewport":{"width":1182,"height":682},"payload":{"scrollX":3.200000047683716,"scrollY":7876,"documentHeight":12506,"viewportHeight":682}}
[2026-07-24T10:18:52.650Z] {"timestamp":1784888331598,"kind":"scroll","url":"http://localhost:3000/#team","viewport":{"width":1182,"height":682},"payload":{"scrollX":3.200000047683716,"scrollY":7822.39990234375,"documentHeight":12452,"viewportHeight":682}}
[2026-07-24T10:18:56.651Z] {"timestamp":1784888336262,"kind":"scroll","url":"http://localhost:3000/#team","viewport":{"width":1182,"height":682},"payload":{"scrollX":3.200000047683716,"scrollY":7875.2001953125,"documentHeight":12452,"viewportHeight":682}}
[2026-07-24T10:18:58.659Z] {"timestamp":1784888336792,"kind":"scroll","url":"http://localhost:3000/#team","viewport":{"width":1182,"height":682},"payload":{"scrollX":0,"scrollY":8307.2001953125,"documentHeight":12452,"viewportHeight":682}}
[2026-07-24T10:19:40.657Z] {"timestamp":1784888379598,"kind":"scroll","url":"http://localhost:3000/#team","viewport":{"width":1182,"height":682},"payload":{"scrollX":0,"scrollY":8307.2001953125,"documentHeight":12516,"viewportHeight":682}}
[2026-07-24T10:19:40.657Z] {"timestamp":1784888380114,"kind":"scroll","url":"http://localhost:3000/#team","viewport":{"width":1182,"height":682},"payload":{"scrollX":0,"scrollY":8080.7998046875,"documentHeight":12516,"viewportHeight":682}}
[2026-07-24T10:19:42.653Z] {"timestamp":1784888380913,"kind":"scroll","url":"http://localhost:3000/#team","viewport":{"width":1182,"height":682},"payload":{"scrollX":0,"scrollY":7951.2001953125,"documentHeight":12516,"viewportHeight":682}}
[2026-07-24T10:19:46.651Z] {"timestamp":1784888385429,"kind":"scroll","url":"http://localhost:3000/#team","viewport":{"width":1182,"height":682},"payload":{"scrollX":0,"scrollY":7764.7998046875,"documentHeight":12570,"viewportHeight":682}}
[2026-07-24T10:19:48.656Z] {"timestamp":1784888387347,"kind":"scroll","url":"http://localhost:3000/#team","viewport":{"width":1182,"height":682},"payload":{"scrollX":0,"scrollY":7711.2001953125,"documentHeight":12516,"viewportHeight":682}}
[2026-07-24T10:19:50.651Z] {"timestamp":1784888389901,"kind":"scroll","url":"http://localhost:3000/#team","viewport":{"width":1182,"height":682},"payload":{"scrollX":0,"scrollY":7764.7998046875,"documentHeight":12570,"viewportHeight":682}}
[2026-07-24T10:19:52.652Z] {"timestamp":1784888391269,"kind":"scroll","url":"http://localhost:3000/#team","viewport":{"width":1182,"height":682},"payload":{"scrollX":0,"scrollY":7711.2001953125,"documentHeight":12516,"viewportHeight":682}}
[2026-07-24T10:19:54.660Z] {"timestamp":1784888393313,"kind":"scroll","url":"http://localhost:3000/#team","viewport":{"width":1182,"height":682},"payload":{"scrollX":0,"scrollY":7764.7998046875,"documentHeight":12570,"viewportHeight":682}}
[2026-07-24T10:19:56.651Z] {"timestamp":1784888395226,"kind":"scroll","url":"http://localhost:3000/#team","viewport":{"width":1182,"height":682},"payload":{"scrollX":0,"scrollY":7711.2001953125,"documentHeight":12516,"viewportHeight":682}}
[2026-07-24T10:20:02.670Z] {"timestamp":1784888401011,"kind":"scroll","url":"http://localhost:3000/#team","viewport":{"width":1182,"height":682},"payload":{"scrollX":0,"scrollY":7764.7998046875,"documentHeight":12570,"viewportHeight":682}}
[2026-07-24T10:20:04.651Z] {"timestamp":1784888402912,"kind":"scroll","url":"http://localhost:3000/#team","viewport":{"width":1182,"height":682},"payload":{"scrollX":0,"scrollY":7711.2001953125,"documentHeight":12516,"viewportHeight":682}}
[2026-07-24T10:20:06.654Z] {"timestamp":1784888404945,"kind":"scroll","url":"http://localhost:3000/#team","viewport":{"width":1182,"height":682},"payload":{"scrollX":0,"scrollY":7764.7998046875,"documentHeight":12570,"viewportHeight":682}}
[2026-07-24T10:20:08.653Z] {"timestamp":1784888406780,"kind":"scroll","url":"http://localhost:3000/#team","viewport":{"width":1182,"height":682},"payload":{"scrollX":0,"scrollY":7711.2001953125,"documentHeight":12516,"viewportHeight":682}}
[2026-07-24T10:20:10.652Z] {"timestamp":1784888408845,"kind":"scroll","url":"http://localhost:3000/#team","viewport":{"width":1182,"height":682},"payload":{"scrollX":0,"scrollY":7764.7998046875,"documentHeight":12570,"viewportHeight":682}}
[2026-07-24T10:20:10.652Z] {"timestamp":1784888409349,"kind":"scroll","url":"http://localhost:3000/#team","viewport":{"width":1182,"height":682},"payload":{"scrollX":0,"scrollY":8148,"documentHeight":12570,"viewportHeight":682}}
[2026-07-24T10:20:10.652Z] {"timestamp":1784888409981,"kind":"scroll","url":"http://localhost:3000/#team","viewport":{"width":1182,"height":682},"payload":{"scrollX":0,"scrollY":8068.7998046875,"documentHeight":12570,"viewportHeight":682}}
[2026-07-24T10:20:10.652Z] {"timestamp":1784888410514,"kind":"scroll","url":"http://localhost:3000/#team","viewport":{"width":1182,"height":682},"payload":{"scrollX":0,"scrollY":7779.2001953125,"documentHeight":12570,"viewportHeight":682}}
[2026-07-24T10:20:12.652Z] {"timestamp":1784888411014,"kind":"scroll","url":"http://localhost:3000/#team","viewport":{"width":1182,"height":682},"payload":{"scrollX":0,"scrollY":7556,"documentHeight":12516,"viewportHeight":682}}
[2026-07-24T10:20:18.658Z] {"timestamp":1784888416681,"kind":"scroll","url":"http://localhost:3000/#team","viewport":{"width":1182,"height":682},"payload":{"scrollX":0,"scrollY":7722.39990234375,"documentHeight":12570,"viewportHeight":682}}
[2026-07-24T10:20:18.658Z] {"timestamp":1784888418595,"kind":"scroll","url":"http://localhost:3000/#team","viewport":{"width":1182,"height":682},"payload":{"scrollX":0,"scrollY":7668.7998046875,"documentHeight":12516,"viewportHeight":682}}
[2026-07-24T10:20:22.673Z] {"timestamp":1784888420770,"kind":"scroll","url":"http://localhost:3000/#team","viewport":{"width":1182,"height":682},"payload":{"scrollX":0,"scrollY":7722.39990234375,"documentHeight":12570,"viewportHeight":682}}
[2026-07-24T10:20:22.673Z] {"timestamp":1784888422598,"kind":"scroll","url":"http://localhost:3000/#team","viewport":{"width":1182,"height":682},"payload":{"scrollX":0,"scrollY":7668.7998046875,"documentHeight":12516,"viewportHeight":682}}
[2026-07-24T10:20:26.658Z] {"timestamp":1784888424915,"kind":"scroll","url":"http://localhost:3000/#team","viewport":{"width":1182,"height":682},"payload":{"scrollX":0,"scrollY":7722.39990234375,"documentHeight":12570,"viewportHeight":682}}
[2026-07-24T10:20:28.659Z] {"timestamp":1784888426883,"kind":"scroll","url":"http://localhost:3000/#team","viewport":{"width":1182,"height":682},"payload":{"scrollX":0,"scrollY":7668.7998046875,"documentHeight":12516,"viewportHeight":682}}
[2026-07-24T10:20:34.655Z] {"timestamp":1784888433067,"kind":"scroll","url":"http://localhost:3000/#team","viewport":{"width":1182,"height":682},"payload":{"scrollX":0,"scrollY":7722.39990234375,"documentHeight":12570,"viewportHeight":682}}
[2026-07-24T10:20:36.651Z] {"timestamp":1784888434999,"kind":"scroll","url":"http://localhost:3000/#team","viewport":{"width":1182,"height":682},"payload":{"scrollX":0,"scrollY":7668.7998046875,"documentHeight":12516,"viewportHeight":682}}
[2026-07-24T10:20:38.651Z] {"timestamp":1784888437097,"kind":"scroll","url":"http://localhost:3000/#team","viewport":{"width":1182,"height":682},"payload":{"scrollX":0,"scrollY":7722.39990234375,"documentHeight":12570,"viewportHeight":682}}
[2026-07-24T10:20:38.651Z] {"timestamp":1784888437615,"kind":"scroll","url":"http://localhost:3000/#team","viewport":{"width":1182,"height":682},"payload":{"scrollX":0,"scrollY":7772,"documentHeight":12570,"viewportHeight":682}}
[2026-07-24T10:20:38.651Z] {"timestamp":1784888438133,"kind":"scroll","url":"http://localhost:3000/#team","viewport":{"width":1182,"height":682},"payload":{"scrollX":0,"scrollY":8582.400390625,"documentHeight":12570,"viewportHeight":682}}
[2026-07-24T10:20:38.651Z] {"timestamp":1784888438633,"kind":"scroll","url":"http://localhost:3000/#team","viewport":{"width":1182,"height":682},"payload":{"scrollX":0,"scrollY":9108,"documentHeight":12570,"viewportHeight":682}}
[2026-07-24T10:20:40.652Z] {"timestamp":1784888439135,"kind":"scroll","url":"http://localhost:3000/#team","viewport":{"width":1182,"height":682},"payload":{"scrollX":0,"scrollY":8888.7998046875,"documentHeight":12516,"viewportHeight":682}}
[2026-07-24T10:20:40.652Z] {"timestamp":1784888439651,"kind":"scroll","url":"http://localhost:3000/#team","viewport":{"width":1182,"height":682},"payload":{"scrollX":0,"scrollY":7740,"documentHeight":12516,"viewportHeight":682}}
[2026-07-24T10:20:40.652Z] {"timestamp":1784888440164,"kind":"scroll","url":"http://localhost:3000/#team","viewport":{"width":1182,"height":682},"payload":{"scrollX":0,"scrollY":7264,"documentHeight":12516,"viewportHeight":682}}
[2026-07-24T10:20:42.658Z] {"timestamp":1784888440666,"kind":"scroll","url":"http://localhost:3000/#team","viewport":{"width":1182,"height":682},"payload":{"scrollX":0,"scrollY":6542.39990234375,"documentHeight":12516,"viewportHeight":682}}
[2026-07-24T10:20:44.652Z] {"timestamp":1784888442819,"kind":"scroll","url":"http://localhost:3000/#team","viewport":{"width":1182,"height":682},"payload":{"scrollX":0,"scrollY":6520.7998046875,"documentHeight":12570,"viewportHeight":682}}
[2026-07-24T10:20:44.652Z] {"timestamp":1784888443318,"kind":"scroll","url":"http://localhost:3000/#team","viewport":{"width":1182,"height":682},"payload":{"scrollX":0,"scrollY":5920.7998046875,"documentHeight":12516,"viewportHeight":682}}
[2026-07-24T10:20:44.652Z] {"timestamp":1784888443834,"kind":"scroll","url":"http://localhost:3000/#team","viewport":{"width":1182,"height":682},"payload":{"scrollX":0,"scrollY":5748,"documentHeight":12516,"viewportHeight":682}}
[2026-07-24T10:20:44.652Z] {"timestamp":1784888444334,"kind":"scroll","url":"http://localhost:3000/#team","viewport":{"width":1182,"height":682},"payload":{"scrollX":0,"scrollY":5297.60009765625,"documentHeight":12516,"viewportHeight":682}}
[2026-07-24T10:20:46.654Z] {"timestamp":1784888444849,"kind":"scroll","url":"http://localhost:3000/#team","viewport":{"width":1182,"height":682},"payload":{"scrollX":0,"scrollY":4969.60009765625,"documentHeight":12516,"viewportHeight":682}}
[2026-07-24T10:20:46.654Z] {"timestamp":1784888445351,"kind":"scroll","url":"http://localhost:3000/#team","viewport":{"width":1182,"height":682},"payload":{"scrollX":0,"scrollY":4716.7998046875,"documentHeight":12516,"viewportHeight":682}}
[2026-07-24T10:20:48.658Z] {"timestamp":1784888446867,"kind":"scroll","url":"http://localhost:3000/#team","viewport":{"width":1182,"height":682},"payload":{"scrollX":0,"scrollY":4680.7998046875,"documentHeight":12516,"viewportHeight":682}}
[2026-07-24T10:20:48.658Z] {"timestamp":1784888447566,"kind":"scroll","url":"http://localhost:3000/#team","viewport":{"width":1182,"height":682},"payload":{"scrollX":0,"scrollY":4608.7998046875,"documentHeight":12516,"viewportHeight":682}}
[2026-07-24T10:20:48.658Z] {"timestamp":1784888448183,"kind":"scroll","url":"http://localhost:3000/#team","viewport":{"width":1182,"height":682},"payload":{"scrollX":0,"scrollY":4596.7998046875,"documentHeight":12516,"viewportHeight":682}}
[2026-07-24T10:20:50.654Z] {"timestamp":1784888448815,"kind":"scroll","url":"http://localhost:3000/#team","viewport":{"width":1182,"height":682},"payload":{"scrollX":0,"scrollY":4808.7998046875,"documentHeight":12570,"viewportHeight":682}}
[2026-07-24T10:20:52.655Z] {"timestamp":1784888450715,"kind":"scroll","url":"http://localhost:3000/#team","viewport":{"width":1182,"height":682},"payload":{"scrollX":0,"scrollY":4790.39990234375,"documentHeight":12516,"viewportHeight":682}}
[2026-07-24T10:20:54.659Z] {"timestamp":1784888452798,"kind":"scroll","url":"http://localhost:3000/#team","viewport":{"width":1182,"height":682},"payload":{"scrollX":0,"scrollY":4844.7998046875,"documentHeight":12570,"viewportHeight":682}}
[2026-07-24T10:20:54.659Z] {"timestamp":1784888453301,"kind":"scroll","url":"http://localhost:3000/#team","viewport":{"width":1182,"height":682},"payload":{"scrollX":0,"scrollY":4768,"documentHeight":12570,"viewportHeight":682}}
[2026-07-24T10:20:54.659Z] {"timestamp":1784888454633,"kind":"scroll","url":"http://localhost:3000/#team","viewport":{"width":1182,"height":682},"payload":{"scrollX":0,"scrollY":4640,"documentHeight":12516,"viewportHeight":682}}
[2026-07-24T10:20:58.654Z] {"timestamp":1784888456881,"kind":"scroll","url":"http://localhost:3000/#team","viewport":{"width":1182,"height":682},"payload":{"scrollX":0,"scrollY":4694.39990234375,"documentHeight":12570,"viewportHeight":682}}
[2026-07-24T10:21:00.663Z] {"timestamp":1784888458816,"kind":"scroll","url":"http://localhost:3000/#team","viewport":{"width":1182,"height":682},"payload":{"scrollX":0,"scrollY":4640,"documentHeight":12516,"viewportHeight":682}}
[2026-07-24T10:21:06.666Z] {"timestamp":1784888464782,"kind":"scroll","url":"http://localhost:3000/#team","viewport":{"width":1182,"height":682},"payload":{"scrollX":0,"scrollY":4694.39990234375,"documentHeight":12570,"viewportHeight":682}}
[2026-07-24T10:21:08.659Z] {"timestamp":1784888466683,"kind":"scroll","url":"http://localhost:3000/#team","viewport":{"width":1182,"height":682},"payload":{"scrollX":0,"scrollY":4640,"documentHeight":12516,"viewportHeight":682}}
[2026-07-24T10:21:10.656Z] {"timestamp":1784888468783,"kind":"scroll","url":"http://localhost:3000/#team","viewport":{"width":1182,"height":682},"payload":{"scrollX":0,"scrollY":4694.39990234375,"documentHeight":12570,"viewportHeight":682}}
[2026-07-24T10:21:10.656Z] {"timestamp":1784888470634,"kind":"scroll","url":"http://localhost:3000/#team","viewport":{"width":1182,"height":682},"payload":{"scrollX":0,"scrollY":4640,"documentHeight":12516,"viewportHeight":682}}
[2026-07-24T10:21:14.657Z] {"timestamp":1784888472855,"kind":"scroll","url":"http://localhost:3000/#team","viewport":{"width":1182,"height":682},"payload":{"scrollX":0,"scrollY":4694.39990234375,"documentHeight":12570,"viewportHeight":682}}
[2026-07-24T10:21:16.659Z] {"timestamp":1784888474783,"kind":"scroll","url":"http://localhost:3000/#team","viewport":{"width":1182,"height":682},"payload":{"scrollX":0,"scrollY":4640,"documentHeight":12516,"viewportHeight":682}}
[2026-07-24T10:21:22.659Z] {"timestamp":1784888480900,"kind":"scroll","url":"http://localhost:3000/#team","viewport":{"width":1182,"height":682},"payload":{"scrollX":0,"scrollY":4694.39990234375,"documentHeight":12570,"viewportHeight":682}}
[2026-07-24T10:21:24.660Z] {"timestamp":1784888482816,"kind":"scroll","url":"http://localhost:3000/#team","viewport":{"width":1182,"height":682},"payload":{"scrollX":0,"scrollY":4640,"documentHeight":12516,"viewportHeight":682}}
[2026-07-24T10:21:26.663Z] {"timestamp":1784888484985,"kind":"scroll","url":"http://localhost:3000/#team","viewport":{"width":1182,"height":682},"payload":{"scrollX":0,"scrollY":4694.39990234375,"documentHeight":12570,"viewportHeight":682}}
[2026-07-24T10:21:28.664Z] {"timestamp":1784888486841,"kind":"scroll","url":"http://localhost:3000/#team","viewport":{"width":1182,"height":682},"payload":{"scrollX":0,"scrollY":4640,"documentHeight":12516,"viewportHeight":682}}
[2026-07-24T10:21:30.667Z] {"timestamp":1784888489074,"kind":"scroll","url":"http://localhost:3000/#team","viewport":{"width":1182,"height":682},"payload":{"scrollX":0,"scrollY":4694.39990234375,"documentHeight":12570,"viewportHeight":682}}
[2026-07-24T10:21:32.661Z] {"timestamp":1784888490990,"kind":"scroll","url":"http://localhost:3000/#team","viewport":{"width":1182,"height":682},"payload":{"scrollX":0,"scrollY":4640,"documentHeight":12516,"viewportHeight":682}}
[2026-07-24T10:21:38.661Z] {"timestamp":1784888497202,"kind":"scroll","url":"http://localhost:3000/#team","viewport":{"width":1182,"height":682},"payload":{"scrollX":0,"scrollY":4694.39990234375,"documentHeight":12570,"viewportHeight":682}}
[2026-07-24T10:21:40.662Z] {"timestamp":1784888499136,"kind":"scroll","url":"http://localhost:3000/#team","viewport":{"width":1182,"height":682},"payload":{"scrollX":0,"scrollY":4640,"documentHeight":12516,"viewportHeight":682}}
[2026-07-24T10:21:42.663Z] {"timestamp":1784888501267,"kind":"scroll","url":"http://localhost:3000/#team","viewport":{"width":1182,"height":682},"payload":{"scrollX":0,"scrollY":4694.39990234375,"documentHeight":12570,"viewportHeight":682}}
[2026-07-24T10:21:44.661Z] {"timestamp":1784888503103,"kind":"scroll","url":"http://localhost:3000/#team","viewport":{"width":1182,"height":682},"payload":{"scrollX":0,"scrollY":4640,"documentHeight":12516,"viewportHeight":682}}
[2026-07-24T10:21:46.656Z] {"timestamp":1784888505301,"kind":"scroll","url":"http://localhost:3000/#team","viewport":{"width":1182,"height":682},"payload":{"scrollX":0,"scrollY":4694.39990234375,"documentHeight":12570,"viewportHeight":682}}
[2026-07-24T10:21:48.652Z] {"timestamp":1784888507219,"kind":"scroll","url":"http://localhost:3000/#team","viewport":{"width":1182,"height":682},"payload":{"scrollX":0,"scrollY":4640,"documentHeight":12516,"viewportHeight":682}}
[2026-07-24T10:21:54.664Z] {"timestamp":1784888513269,"kind":"scroll","url":"http://localhost:3000/#team","viewport":{"width":1182,"height":682},"payload":{"scrollX":0,"scrollY":4694.39990234375,"documentHeight":12570,"viewportHeight":682}}
[2026-07-24T10:21:56.656Z] {"timestamp":1784888515188,"kind":"scroll","url":"http://localhost:3000/#team","viewport":{"width":1182,"height":682},"payload":{"scrollX":0,"scrollY":4640,"documentHeight":12516,"viewportHeight":682}}
[2026-07-24T10:21:56.656Z] {"timestamp":1784888516406,"kind":"scroll","url":"http://localhost:3000/#team","viewport":{"width":1182,"height":682},"payload":{"scrollX":0,"scrollY":4764.7998046875,"documentHeight":12516,"viewportHeight":682}}
[2026-07-24T10:21:58.656Z] {"timestamp":1784888516921,"kind":"scroll","url":"http://localhost:3000/#team","viewport":{"width":1182,"height":682},"payload":{"scrollX":0,"scrollY":6405.60009765625,"documentHeight":12516,"viewportHeight":682}}
[2026-07-24T10:21:58.656Z] {"timestamp":1784888517503,"kind":"scroll","url":"http://localhost:3000/#team","viewport":{"width":1182,"height":682},"payload":{"scrollX":0,"scrollY":6156.7998046875,"documentHeight":12570,"viewportHeight":682}}
[2026-07-24T10:21:58.656Z] {"timestamp":1784888518022,"kind":"scroll","url":"http://localhost:3000/#team","viewport":{"width":1182,"height":682},"payload":{"scrollX":0,"scrollY":4164,"documentHeight":12570,"viewportHeight":682}}
[2026-07-24T10:21:58.656Z] {"timestamp":1784888518542,"kind":"scroll","url":"http://localhost:3000/#team","viewport":{"width":1182,"height":682},"payload":{"scrollX":0,"scrollY":3056.800048828125,"documentHeight":12570,"viewportHeight":682}}
[2026-07-24T10:22:00.655Z] {"timestamp":1784888519053,"kind":"scroll","url":"http://localhost:3000/#team","viewport":{"width":1182,"height":682},"payload":{"scrollX":0,"scrollY":1870.4000244140625,"documentHeight":12570,"viewportHeight":682}}
[2026-07-24T10:22:00.655Z] {"timestamp":1784888519554,"kind":"scroll","url":"http://localhost:3000/#team","viewport":{"width":1182,"height":682},"payload":{"scrollX":0,"scrollY":1046.4000244140625,"documentHeight":12516,"viewportHeight":682}}
[2026-07-24T10:22:00.655Z] {"timestamp":1784888520088,"kind":"scroll","url":"http://localhost:3000/#team","viewport":{"width":1182,"height":682},"payload":{"scrollX":0,"scrollY":138.39999389648438,"documentHeight":12516,"viewportHeight":682}}
[2026-07-24T10:24:18.654Z] {"timestamp":1784888658494,"kind":"scroll","url":"http://localhost:3000/#team","viewport":{"width":1182,"height":682},"payload":{"scrollX":0,"scrollY":0.800000011920929,"documentHeight":12516,"viewportHeight":682}}
[2026-07-24T10:24:20.665Z] {"timestamp":1784888659081,"kind":"scroll","url":"http://localhost:3000/#team","viewport":{"width":1182,"height":682},"payload":{"scrollX":0,"scrollY":1648.800048828125,"documentHeight":12516,"viewportHeight":682}}
[2026-07-24T10:24:20.666Z] {"timestamp":1784888659598,"kind":"scroll","url":"http://localhost:3000/#team","viewport":{"width":1182,"height":682},"payload":{"scrollX":0,"scrollY":2608.800048828125,"documentHeight":12516,"viewportHeight":682}}
[2026-07-24T10:24:20.666Z] {"timestamp":1784888660112,"kind":"scroll","url":"http://localhost:3000/#team","viewport":{"width":1182,"height":682},"payload":{"scrollX":0,"scrollY":3996.800048828125,"documentHeight":12570,"viewportHeight":682}}
[2026-07-24T10:24:20.666Z] {"timestamp":1784888660631,"kind":"scroll","url":"http://localhost:3000/#team","viewport":{"width":1182,"height":682},"payload":{"scrollX":0,"scrollY":5129.60009765625,"documentHeight":12570,"viewportHeight":682}}
[2026-07-24T10:24:22.655Z] {"timestamp":1784888661164,"kind":"scroll","url":"http://localhost:3000/#team","viewport":{"width":1182,"height":682},"payload":{"scrollX":0,"scrollY":6012.7998046875,"documentHeight":12570,"viewportHeight":682}}
[2026-07-24T10:24:22.655Z] {"timestamp":1784888661664,"kind":"scroll","url":"http://localhost:3000/#team","viewport":{"width":1182,"height":682},"payload":{"scrollX":0,"scrollY":6514.39990234375,"documentHeight":12516,"viewportHeight":682}}
[2026-07-24T10:24:22.655Z] {"timestamp":1784888662183,"kind":"scroll","url":"http://localhost:3000/#team","viewport":{"width":1182,"height":682},"payload":{"scrollX":0,"scrollY":7561.60009765625,"documentHeight":12516,"viewportHeight":682}}
[2026-07-24T10:24:24.657Z] {"timestamp":1784888662699,"kind":"scroll","url":"http://localhost:3000/#team","viewport":{"width":1182,"height":682},"payload":{"scrollX":0,"scrollY":8101.60009765625,"documentHeight":12516,"viewportHeight":682}}
[2026-07-24T10:24:24.657Z] {"timestamp":1784888663229,"kind":"scroll","url":"http://localhost:3000/#team","viewport":{"width":1182,"height":682},"payload":{"scrollX":0,"scrollY":8574.400390625,"documentHeight":12516,"viewportHeight":682}}
[2026-07-24T10:24:24.657Z] {"timestamp":1784888663778,"kind":"scroll","url":"http://localhost:3000/#team","viewport":{"width":1182,"height":682},"payload":{"scrollX":0,"scrollY":8757.599609375,"documentHeight":12570,"viewportHeight":682}}
[2026-07-24T10:24:24.657Z] {"timestamp":1784888664281,"kind":"scroll","url":"http://localhost:3000/#team","viewport":{"width":1182,"height":682},"payload":{"scrollX":0,"scrollY":8275.2001953125,"documentHeight":12570,"viewportHeight":682}}
[2026-07-24T10:25:34.658Z] {"timestamp":1784888733867,"kind":"scroll","url":"http://localhost:3000/#team","viewport":{"width":1182,"height":682},"payload":{"scrollX":0,"scrollY":8183.2001953125,"documentHeight":12516,"viewportHeight":682}}
[2026-07-24T10:25:36.658Z] {"timestamp":1784888735532,"kind":"scroll","url":"http://localhost:3000/#team","viewport":{"width":1182,"height":682},"payload":{"scrollX":0,"scrollY":8579.2001953125,"documentHeight":12516,"viewportHeight":682}}
[2026-07-24T10:30:30.663Z] {"timestamp":1784889029387,"kind":"scroll","url":"http://localhost:3000/#team","viewport":{"width":1182,"height":682},"payload":{"scrollX":0,"scrollY":8735.2001953125,"documentHeight":12570,"viewportHeight":682}}
[2026-07-24T10:30:30.664Z] {"timestamp":1784889029967,"kind":"scroll","url":"http://localhost:3000/#team","viewport":{"width":1182,"height":682},"payload":{"scrollX":0,"scrollY":7909.60009765625,"documentHeight":12570,"viewportHeight":682}}
[2026-07-24T10:30:32.651Z] {"timestamp":1784889030901,"kind":"scroll","url":"http://localhost:3000/#team","viewport":{"width":1182,"height":682},"payload":{"scrollX":0,"scrollY":7554.39990234375,"documentHeight":12516,"viewportHeight":682}}
[2026-07-24T10:30:32.651Z] {"timestamp":1784889031416,"kind":"scroll","url":"http://localhost:3000/#team","viewport":{"width":1182,"height":682},"payload":{"scrollX":0,"scrollY":6954.39990234375,"documentHeight":12516,"viewportHeight":682}}
[2026-07-24T10:30:32.651Z] {"timestamp":1784889031948,"kind":"scroll","url":"http://localhost:3000/#team","viewport":{"width":1182,"height":682},"payload":{"scrollX":0,"scrollY":6251.2001953125,"documentHeight":12516,"viewportHeight":682}}
[2026-07-24T10:30:32.651Z] {"timestamp":1784889032468,"kind":"scroll","url":"http://localhost:3000/#team","viewport":{"width":1182,"height":682},"payload":{"scrollX":0,"scrollY":5552,"documentHeight":12516,"viewportHeight":682}}
[2026-07-24T10:30:34.654Z] {"timestamp":1784889032983,"kind":"scroll","url":"http://localhost:3000/#team","viewport":{"width":1182,"height":682},"payload":{"scrollX":0,"scrollY":4042.39990234375,"documentHeight":12570,"viewportHeight":682}}
[2026-07-24T10:30:34.654Z] {"timestamp":1784889033485,"kind":"scroll","url":"http://localhost:3000/#team","viewport":{"width":1182,"height":682},"payload":{"scrollX":0,"scrollY":2424.800048828125,"documentHeight":12570,"viewportHeight":682}}
[2026-07-24T10:30:34.654Z] {"timestamp":1784889034101,"kind":"scroll","url":"http://localhost:3000/#team","viewport":{"width":1182,"height":682},"payload":{"scrollX":0,"scrollY":0,"documentHeight":12570,"viewportHeight":682}}
[2026-07-24T10:31:36.666Z] {"timestamp":1784889095621,"kind":"scroll","url":"http://localhost:3000/#team","viewport":{"width":1182,"height":682},"payload":{"scrollX":0,"scrollY":26.399999618530273,"documentHeight":12570,"viewportHeight":682}}
[2026-07-24T10:31:40.658Z] {"timestamp":1784889099715,"kind":"scroll","url":"http://localhost:3000/#team","viewport":{"width":1182,"height":682},"payload":{"scrollX":0,"scrollY":793.5999755859375,"documentHeight":12516,"viewportHeight":682}}
[2026-07-24T10:31:44.663Z] {"timestamp":1784889103889,"kind":"scroll","url":"http://localhost:3000/#team","viewport":{"width":1182,"height":682},"payload":{"scrollX":0,"scrollY":738.4000244140625,"documentHeight":12516,"viewportHeight":682}}
[2026-07-24T10:31:52.670Z] {"timestamp":1784889112004,"kind":"scroll","url":"http://localhost:3000/#team","viewport":{"width":1182,"height":682},"payload":{"scrollX":0,"scrollY":684,"documentHeight":12516,"viewportHeight":682}}
[2026-07-24T10:31:56.662Z] {"timestamp":1784889115995,"kind":"scroll","url":"http://localhost:3000/#team","viewport":{"width":1182,"height":682},"payload":{"scrollX":0,"scrollY":631.2000122070312,"documentHeight":12516,"viewportHeight":682}}
[2026-07-24T10:32:00.666Z] {"timestamp":1784889120173,"kind":"scroll","url":"http://localhost:3000/#team","viewport":{"width":1182,"height":682},"payload":{"scrollX":0,"scrollY":579.2000122070312,"documentHeight":12516,"viewportHeight":682}}
[2026-07-24T10:32:08.658Z] {"timestamp":1784889128342,"kind":"scroll","url":"http://localhost:3000/#team","viewport":{"width":1182,"height":682},"payload":{"scrollX":0,"scrollY":568.7999877929688,"documentHeight":12516,"viewportHeight":682}}
[2026-07-24T10:32:12.671Z] {"timestamp":1784889132322,"kind":"scroll","url":"http://localhost:3000/#team","viewport":{"width":1182,"height":682},"payload":{"scrollX":0,"scrollY":559.2000122070312,"documentHeight":12516,"viewportHeight":682}}
[2026-07-24T10:32:16.656Z] {"timestamp":1784889136609,"kind":"scroll","url":"http://localhost:3000/#team","viewport":{"width":1182,"height":682},"payload":{"scrollX":0,"scrollY":548.7999877929688,"documentHeight":12516,"viewportHeight":682}}
[2026-07-24T10:32:26.673Z] {"timestamp":1784889144718,"kind":"scroll","url":"http://localhost:3000/#team","viewport":{"width":1182,"height":682},"payload":{"scrollX":0,"scrollY":539.2000122070312,"documentHeight":12516,"viewportHeight":682}}
[2026-07-24T10:32:30.651Z] {"timestamp":1784889148765,"kind":"scroll","url":"http://localhost:3000/#team","viewport":{"width":1182,"height":682},"payload":{"scrollX":0,"scrollY":529.5999755859375,"documentHeight":12516,"viewportHeight":682}}
[2026-07-24T10:32:34.654Z] {"timestamp":1784889152940,"kind":"scroll","url":"http://localhost:3000/#team","viewport":{"width":1182,"height":682},"payload":{"scrollX":0,"scrollY":525.5999755859375,"documentHeight":12570,"viewportHeight":682}}
[2026-07-24T10:44:24.652Z] {"timestamp":1784889863797,"kind":"scroll","url":"http://localhost:3000/#team","viewport":{"width":1182,"height":682},"payload":{"scrollX":0,"scrollY":4,"documentHeight":12408,"viewportHeight":682}}
[2026-07-24T10:44:24.652Z] {"timestamp":1784889864299,"kind":"scroll","url":"http://localhost:3000/#team","viewport":{"width":1182,"height":682},"payload":{"scrollX":0,"scrollY":624.7999877929688,"documentHeight":12408,"viewportHeight":682}}
[2026-07-24T10:44:26.656Z] {"timestamp":1784889864963,"kind":"scroll","url":"http://localhost:3000/#team","viewport":{"width":1182,"height":682},"payload":{"scrollX":0,"scrollY":836.7999877929688,"documentHeight":12408,"viewportHeight":682}}
[2026-07-24T10:44:26.656Z] {"timestamp":1784889865466,"kind":"scroll","url":"http://localhost:3000/#team","viewport":{"width":1182,"height":682},"payload":{"scrollX":0,"scrollY":388.79998779296875,"documentHeight":12408,"viewportHeight":682}}
[2026-07-24T10:44:26.656Z] {"timestamp":1784889865981,"kind":"scroll","url":"http://localhost:3000/#team","viewport":{"width":1182,"height":682},"payload":{"scrollX":0,"scrollY":256,"documentHeight":12462,"viewportHeight":682}}
[2026-07-24T10:44:26.656Z] {"timestamp":1784889866631,"kind":"scroll","url":"http://localhost:3000/#team","viewport":{"width":1182,"height":682},"payload":{"scrollX":0,"scrollY":414.3999938964844,"documentHeight":12462,"viewportHeight":682}}
[2026-07-24T10:44:28.654Z] {"timestamp":1784889867130,"kind":"scroll","url":"http://localhost:3000/#team","viewport":{"width":1182,"height":682},"payload":{"scrollX":0,"scrollY":1104,"documentHeight":12462,"viewportHeight":682}}
[2026-07-24T10:44:28.654Z] {"timestamp":1784889867665,"kind":"scroll","url":"http://localhost:3000/#team","viewport":{"width":1182,"height":682},"payload":{"scrollX":0,"scrollY":579.2000122070312,"documentHeight":12462,"viewportHeight":682}}
[2026-07-24T10:44:30.653Z] {"timestamp":1784889869598,"kind":"scroll","url":"http://localhost:3000/#team","viewport":{"width":1182,"height":682},"payload":{"scrollX":0,"scrollY":684.7999877929688,"documentHeight":12408,"viewportHeight":682}}
[2026-07-24T10:44:30.653Z] {"timestamp":1784889870098,"kind":"scroll","url":"http://localhost:3000/#team","viewport":{"width":1182,"height":682},"payload":{"scrollX":0,"scrollY":1381.5999755859375,"documentHeight":12462,"viewportHeight":682}}
[2026-07-24T10:44:30.653Z] {"timestamp":1784889870615,"kind":"scroll","url":"http://localhost:3000/#team","viewport":{"width":1182,"height":682},"payload":{"scrollX":0,"scrollY":1560.800048828125,"documentHeight":12486,"viewportHeight":682}}
[2026-07-24T10:44:32.656Z] {"timestamp":1784889871115,"kind":"scroll","url":"http://localhost:3000/#team","viewport":{"width":1182,"height":682},"payload":{"scrollX":0,"scrollY":2208,"documentHeight":12486,"viewportHeight":682}}
[2026-07-24T10:44:32.656Z] {"timestamp":1784889871617,"kind":"scroll","url":"http://localhost:3000/#team","viewport":{"width":1182,"height":682},"payload":{"scrollX":0,"scrollY":2525.60009765625,"documentHeight":12486,"viewportHeight":682}}
[2026-07-24T10:44:32.656Z] {"timestamp":1784889872182,"kind":"scroll","url":"http://localhost:3000/#team","viewport":{"width":1182,"height":682},"payload":{"scrollX":0,"scrollY":2812,"documentHeight":12432,"viewportHeight":682}}
[2026-07-24T10:44:34.655Z] {"timestamp":1784889872716,"kind":"scroll","url":"http://localhost:3000/#team","viewport":{"width":1182,"height":682},"payload":{"scrollX":0,"scrollY":3214.39990234375,"documentHeight":12432,"viewportHeight":682}}
[2026-07-24T10:44:34.655Z] {"timestamp":1784889873267,"kind":"scroll","url":"http://localhost:3000/#team","viewport":{"width":1182,"height":682},"payload":{"scrollX":0,"scrollY":3006.39990234375,"documentHeight":12432,"viewportHeight":682}}
[2026-07-24T10:44:34.655Z] {"timestamp":1784889873898,"kind":"scroll","url":"http://localhost:3000/#team","viewport":{"width":1182,"height":682},"payload":{"scrollX":0,"scrollY":3127.199951171875,"documentHeight":12432,"viewportHeight":682}}
[2026-07-24T10:44:34.655Z] {"timestamp":1784889874615,"kind":"scroll","url":"http://localhost:3000/#team","viewport":{"width":1182,"height":682},"payload":{"scrollX":0,"scrollY":3632,"documentHeight":12432,"viewportHeight":682}}
[2026-07-24T10:44:36.656Z] {"timestamp":1784889876248,"kind":"scroll","url":"http://localhost:3000/#team","viewport":{"width":1182,"height":682},"payload":{"scrollX":0,"scrollY":3727.199951171875,"documentHeight":12432,"viewportHeight":682}}
[2026-07-24T10:44:38.654Z] {"timestamp":1784889876749,"kind":"scroll","url":"http://localhost:3000/#team","viewport":{"width":1182,"height":682},"payload":{"scrollX":0,"scrollY":3820,"documentHeight":12432,"viewportHeight":682}}
[2026-07-24T10:44:38.654Z] {"timestamp":1784889877249,"kind":"scroll","url":"http://localhost:3000/#team","viewport":{"width":1182,"height":682},"payload":{"scrollX":0,"scrollY":4077.60009765625,"documentHeight":12432,"viewportHeight":682}}
[2026-07-24T10:44:38.654Z] {"timestamp":1784889877749,"kind":"scroll","url":"http://localhost:3000/#team","viewport":{"width":1182,"height":682},"payload":{"scrollX":0,"scrollY":4556,"documentHeight":12432,"viewportHeight":682}}
[2026-07-24T10:44:38.654Z] {"timestamp":1784889878266,"kind":"scroll","url":"http://localhost:3000/#team","viewport":{"width":1182,"height":682},"payload":{"scrollX":0,"scrollY":4377.60009765625,"documentHeight":12486,"viewportHeight":682}}
[2026-07-24T10:44:40.656Z] {"timestamp":1784889879448,"kind":"scroll","url":"http://localhost:3000/#team","viewport":{"width":1182,"height":682},"payload":{"scrollX":0,"scrollY":4300,"documentHeight":12462,"viewportHeight":682}}
[2026-07-24T10:44:40.656Z] {"timestamp":1784889879950,"kind":"scroll","url":"http://localhost:3000/#team","viewport":{"width":1182,"height":682},"payload":{"scrollX":0,"scrollY":5217.60009765625,"documentHeight":12462,"viewportHeight":682}}
[2026-07-24T10:44:40.656Z] {"timestamp":1784889880466,"kind":"scroll","url":"http://localhost:3000/#team","viewport":{"width":1182,"height":682},"payload":{"scrollX":0,"scrollY":5418.39990234375,"documentHeight":12408,"viewportHeight":682}}
[2026-07-24T10:44:42.654Z] {"timestamp":1784889880984,"kind":"scroll","url":"http://localhost:3000/#team","viewport":{"width":1182,"height":682},"payload":{"scrollX":0,"scrollY":5545.60009765625,"documentHeight":12408,"viewportHeight":682}}
[2026-07-24T10:44:42.654Z] {"timestamp":1784889881499,"kind":"scroll","url":"http://localhost:3000/#team","viewport":{"width":1182,"height":682},"payload":{"scrollX":0,"scrollY":6207.2001953125,"documentHeight":12408,"viewportHeight":682}}
[2026-07-24T10:44:42.654Z] {"timestamp":1784889882097,"kind":"scroll","url":"http://localhost:3000/#team","viewport":{"width":1182,"height":682},"payload":{"scrollX":0,"scrollY":6588,"documentHeight":12462,"viewportHeight":682}}
[2026-07-24T10:44:44.651Z] {"timestamp":1784889883182,"kind":"scroll","url":"http://localhost:3000/#team","viewport":{"width":1182,"height":682},"payload":{"scrollX":0,"scrollY":6916.7998046875,"documentHeight":12462,"viewportHeight":682}}
[2026-07-24T10:44:44.651Z] {"timestamp":1784889883682,"kind":"scroll","url":"http://localhost:3000/#team","viewport":{"width":1182,"height":682},"payload":{"scrollX":0,"scrollY":7395.2001953125,"documentHeight":12462,"viewportHeight":682}}
[2026-07-24T10:44:44.651Z] {"timestamp":1784889884184,"kind":"scroll","url":"http://localhost:3000/#team","viewport":{"width":1182,"height":682},"payload":{"scrollX":0,"scrollY":7931.2001953125,"documentHeight":12408,"viewportHeight":682}}
[2026-07-24T10:44:46.651Z] {"timestamp":1784889884700,"kind":"scroll","url":"http://localhost:3000/#team","viewport":{"width":1182,"height":682},"payload":{"scrollX":0,"scrollY":8649.599609375,"documentHeight":12408,"viewportHeight":682}}
[2026-07-24T10:44:46.651Z] {"timestamp":1784889885216,"kind":"scroll","url":"http://localhost:3000/#team","viewport":{"width":1182,"height":682},"payload":{"scrollX":0,"scrollY":9255.2001953125,"documentHeight":12408,"viewportHeight":682}}
[2026-07-24T10:44:46.651Z] {"timestamp":1784889886098,"kind":"scroll","url":"http://localhost:3000/#team","viewport":{"width":1182,"height":682},"payload":{"scrollX":0,"scrollY":9765.599609375,"documentHeight":12462,"viewportHeight":682}}
[2026-07-24T10:44:46.651Z] {"timestamp":1784889886600,"kind":"scroll","url":"http://localhost:3000/#team","viewport":{"width":1182,"height":682},"payload":{"scrollX":0,"scrollY":10213.599609375,"documentHeight":12462,"viewportHeight":682}}
[2026-07-24T10:44:48.665Z] {"timestamp":1784889887114,"kind":"scroll","url":"http://localhost:3000/#team","viewport":{"width":1182,"height":682},"payload":{"scrollX":0,"scrollY":10721.599609375,"documentHeight":12462,"viewportHeight":682}}
[2026-07-24T10:44:48.665Z] {"timestamp":1784889887650,"kind":"scroll","url":"http://localhost:3000/#team","viewport":{"width":1182,"height":682},"payload":{"scrollX":0,"scrollY":11212,"documentHeight":12462,"viewportHeight":682}}
[2026-07-24T10:44:48.665Z] {"timestamp":1784889888164,"kind":"scroll","url":"http://localhost:3000/#team","viewport":{"width":1182,"height":682},"payload":{"scrollX":0,"scrollY":11752.7998046875,"documentHeight":12462,"viewportHeight":682}}
[2026-07-24T10:44:54.662Z] {"timestamp":1784889894482,"kind":"scroll","url":"http://localhost:3000/#team","viewport":{"width":1182,"height":682},"payload":{"scrollX":0,"scrollY":11780,"documentHeight":12466,"viewportHeight":682}}
[2026-07-24T10:44:58.660Z] {"timestamp":1784889896765,"kind":"scroll","url":"http://localhost:3000/#team","viewport":{"width":1182,"height":682},"payload":{"scrollX":0,"scrollY":11726.400390625,"documentHeight":12412,"viewportHeight":682}}
[2026-07-24T10:45:00.658Z] {"timestamp":1784889898965,"kind":"scroll","url":"http://localhost:3000/#team","viewport":{"width":1182,"height":682},"payload":{"scrollX":0,"scrollY":11780,"documentHeight":12466,"viewportHeight":682}}
[2026-07-24T10:45:02.657Z] {"timestamp":1784889900883,"kind":"scroll","url":"http://localhost:3000/#team","viewport":{"width":1182,"height":682},"payload":{"scrollX":0,"scrollY":11726.400390625,"documentHeight":12412,"viewportHeight":682}}
[2026-07-24T10:45:04.660Z] {"timestamp":1784889903184,"kind":"scroll","url":"http://localhost:3000/#team","viewport":{"width":1182,"height":682},"payload":{"scrollX":0,"scrollY":11780,"documentHeight":12466,"viewportHeight":682}}
[2026-07-24T10:45:06.662Z] {"timestamp":1784889905366,"kind":"scroll","url":"http://localhost:3000/#team","viewport":{"width":1182,"height":682},"payload":{"scrollX":0,"scrollY":11726.400390625,"documentHeight":12412,"viewportHeight":682}}
[2026-07-24T10:45:12.665Z] {"timestamp":1784889911450,"kind":"scroll","url":"http://localhost:3000/#team","viewport":{"width":1182,"height":682},"payload":{"scrollX":0,"scrollY":11780,"documentHeight":12466,"viewportHeight":682}}
[2026-07-24T10:45:14.660Z] {"timestamp":1784889913700,"kind":"scroll","url":"http://localhost:3000/#team","viewport":{"width":1182,"height":682},"payload":{"scrollX":0,"scrollY":11726.400390625,"documentHeight":12412,"viewportHeight":682}}
[2026-07-24T10:45:16.657Z] {"timestamp":1784889915915,"kind":"scroll","url":"http://localhost:3000/#team","viewport":{"width":1182,"height":682},"payload":{"scrollX":0,"scrollY":11780,"documentHeight":12466,"viewportHeight":682}}
[2026-07-24T10:45:18.661Z] {"timestamp":1784889917853,"kind":"scroll","url":"http://localhost:3000/#team","viewport":{"width":1182,"height":682},"payload":{"scrollX":0,"scrollY":11726.400390625,"documentHeight":12412,"viewportHeight":682}}
[2026-07-24T10:45:20.658Z] {"timestamp":1784889920149,"kind":"scroll","url":"http://localhost:3000/#team","viewport":{"width":1182,"height":682},"payload":{"scrollX":0,"scrollY":11780,"documentHeight":12466,"viewportHeight":682}}
[2026-07-24T10:45:22.660Z] {"timestamp":1784889922335,"kind":"scroll","url":"http://localhost:3000/#team","viewport":{"width":1182,"height":682},"payload":{"scrollX":0,"scrollY":11726.400390625,"documentHeight":12412,"viewportHeight":682}}
[2026-07-24T10:45:28.656Z] {"timestamp":1784889928499,"kind":"scroll","url":"http://localhost:3000/#team","viewport":{"width":1182,"height":682},"payload":{"scrollX":0,"scrollY":11780,"documentHeight":12466,"viewportHeight":682}}
[2026-07-24T10:45:32.660Z] {"timestamp":1784889930750,"kind":"scroll","url":"http://localhost:3000/#team","viewport":{"width":1182,"height":682},"payload":{"scrollX":0,"scrollY":11726.400390625,"documentHeight":12412,"viewportHeight":682}}
[2026-07-24T10:45:34.657Z] {"timestamp":1784889932966,"kind":"scroll","url":"http://localhost:3000/#team","viewport":{"width":1182,"height":682},"payload":{"scrollX":0,"scrollY":11780,"documentHeight":12466,"viewportHeight":682}}
[2026-07-24T10:45:36.659Z] {"timestamp":1784889934900,"kind":"scroll","url":"http://localhost:3000/#team","viewport":{"width":1182,"height":682},"payload":{"scrollX":0,"scrollY":11726.400390625,"documentHeight":12412,"viewportHeight":682}}
[2026-07-24T10:45:38.659Z] {"timestamp":1784889937170,"kind":"scroll","url":"http://localhost:3000/#team","viewport":{"width":1182,"height":682},"payload":{"scrollX":0,"scrollY":11780,"documentHeight":12466,"viewportHeight":682}}
[2026-07-24T10:45:40.657Z] {"timestamp":1784889939354,"kind":"scroll","url":"http://localhost:3000/#team","viewport":{"width":1182,"height":682},"payload":{"scrollX":0,"scrollY":11726.400390625,"documentHeight":12412,"viewportHeight":682}}
[2026-07-24T10:45:46.663Z] {"timestamp":1784889945384,"kind":"scroll","url":"http://localhost:3000/#team","viewport":{"width":1182,"height":682},"payload":{"scrollX":0,"scrollY":11780,"documentHeight":12466,"viewportHeight":682}}
[2026-07-24T10:45:48.662Z] {"timestamp":1784889947636,"kind":"scroll","url":"http://localhost:3000/#team","viewport":{"width":1182,"height":682},"payload":{"scrollX":0,"scrollY":11726.400390625,"documentHeight":12412,"viewportHeight":682}}
[2026-07-24T10:45:50.658Z] {"timestamp":1784889949851,"kind":"scroll","url":"http://localhost:3000/#team","viewport":{"width":1182,"height":682},"payload":{"scrollX":0,"scrollY":11780,"documentHeight":12466,"viewportHeight":682}}
[2026-07-24T10:45:52.660Z] {"timestamp":1784889951785,"kind":"scroll","url":"http://localhost:3000/#team","viewport":{"width":1182,"height":682},"payload":{"scrollX":0,"scrollY":11726.400390625,"documentHeight":12412,"viewportHeight":682}}
[2026-07-24T10:45:54.660Z] {"timestamp":1784889954019,"kind":"scroll","url":"http://localhost:3000/#team","viewport":{"width":1182,"height":682},"payload":{"scrollX":0,"scrollY":11780,"documentHeight":12466,"viewportHeight":682}}
[2026-07-24T10:45:56.658Z] {"timestamp":1784889956185,"kind":"scroll","url":"http://localhost:3000/#team","viewport":{"width":1182,"height":682},"payload":{"scrollX":0,"scrollY":11726.400390625,"documentHeight":12412,"viewportHeight":682}}
[2026-07-24T10:46:02.661Z] {"timestamp":1784889962202,"kind":"scroll","url":"http://localhost:3000/#team","viewport":{"width":1182,"height":682},"payload":{"scrollX":0,"scrollY":11780,"documentHeight":12466,"viewportHeight":682}}
[2026-07-24T10:46:04.661Z] {"timestamp":1784889964458,"kind":"scroll","url":"http://localhost:3000/#team","viewport":{"width":1182,"height":682},"payload":{"scrollX":0,"scrollY":11726.400390625,"documentHeight":12412,"viewportHeight":682}}
[2026-07-24T10:46:08.661Z] {"timestamp":1784889966656,"kind":"scroll","url":"http://localhost:3000/#team","viewport":{"width":1182,"height":682},"payload":{"scrollX":0,"scrollY":11780,"documentHeight":12466,"viewportHeight":682}}
[2026-07-24T10:46:08.662Z] {"timestamp":1784889968585,"kind":"scroll","url":"http://localhost:3000/#team","viewport":{"width":1182,"height":682},"payload":{"scrollX":0,"scrollY":11726.400390625,"documentHeight":12412,"viewportHeight":682}}
[2026-07-24T10:46:12.665Z] {"timestamp":1784889970855,"kind":"scroll","url":"http://localhost:3000/#team","viewport":{"width":1182,"height":682},"payload":{"scrollX":0,"scrollY":11780,"documentHeight":12466,"viewportHeight":682}}
[2026-07-24T10:46:14.663Z] {"timestamp":1784889973022,"kind":"scroll","url":"http://localhost:3000/#team","viewport":{"width":1182,"height":682},"payload":{"scrollX":0,"scrollY":11726.400390625,"documentHeight":12412,"viewportHeight":682}}
[2026-07-24T10:46:20.660Z] {"timestamp":1784889979090,"kind":"scroll","url":"http://localhost:3000/#team","viewport":{"width":1182,"height":682},"payload":{"scrollX":0,"scrollY":11780,"documentHeight":12466,"viewportHeight":682}}
[2026-07-24T10:46:22.660Z] {"timestamp":1784889981357,"kind":"scroll","url":"http://localhost:3000/#team","viewport":{"width":1182,"height":682},"payload":{"scrollX":0,"scrollY":11726.400390625,"documentHeight":12412,"viewportHeight":682}}
[2026-07-24T10:46:24.663Z] {"timestamp":1784889983556,"kind":"scroll","url":"http://localhost:3000/#team","viewport":{"width":1182,"height":682},"payload":{"scrollX":0,"scrollY":11780,"documentHeight":12466,"viewportHeight":682}}
[2026-07-24T10:46:26.652Z] {"timestamp":1784889985473,"kind":"scroll","url":"http://localhost:3000/#team","viewport":{"width":1182,"height":682},"payload":{"scrollX":0,"scrollY":11726.400390625,"documentHeight":12412,"viewportHeight":682}}
[2026-07-24T10:46:28.662Z] {"timestamp":1784889987703,"kind":"scroll","url":"http://localhost:3000/#team","viewport":{"width":1182,"height":682},"payload":{"scrollX":0,"scrollY":11780,"documentHeight":12466,"viewportHeight":682}}
[2026-07-24T10:46:30.661Z] {"timestamp":1784889989887,"kind":"scroll","url":"http://localhost:3000/#team","viewport":{"width":1182,"height":682},"payload":{"scrollX":0,"scrollY":11726.400390625,"documentHeight":12412,"viewportHeight":682}}
[2026-07-24T10:46:36.653Z] {"timestamp":1784889995921,"kind":"scroll","url":"http://localhost:3000/#team","viewport":{"width":1182,"height":682},"payload":{"scrollX":0,"scrollY":11780,"documentHeight":12466,"viewportHeight":682}}
[2026-07-24T10:46:38.662Z] {"timestamp":1784889998192,"kind":"scroll","url":"http://localhost:3000/#team","viewport":{"width":1182,"height":682},"payload":{"scrollX":0,"scrollY":11726.400390625,"documentHeight":12412,"viewportHeight":682}}
[2026-07-24T10:46:40.653Z] {"timestamp":1784890000388,"kind":"scroll","url":"http://localhost:3000/#team","viewport":{"width":1182,"height":682},"payload":{"scrollX":0,"scrollY":11780,"documentHeight":12466,"viewportHeight":682}}
[2026-07-24T10:46:42.663Z] {"timestamp":1784890002309,"kind":"scroll","url":"http://localhost:3000/#team","viewport":{"width":1182,"height":682},"payload":{"scrollX":0,"scrollY":11726.400390625,"documentHeight":12412,"viewportHeight":682}}
[2026-07-24T10:46:44.654Z] {"timestamp":1784890004571,"kind":"scroll","url":"http://localhost:3000/#team","viewport":{"width":1182,"height":682},"payload":{"scrollX":0,"scrollY":11780,"documentHeight":12466,"viewportHeight":682}}
[2026-07-24T10:46:48.663Z] {"timestamp":1784890006755,"kind":"scroll","url":"http://localhost:3000/#team","viewport":{"width":1182,"height":682},"payload":{"scrollX":0,"scrollY":11726.400390625,"documentHeight":12412,"viewportHeight":682}}
[2026-07-24T10:46:54.665Z] {"timestamp":1784890012821,"kind":"scroll","url":"http://localhost:3000/#team","viewport":{"width":1182,"height":682},"payload":{"scrollX":0,"scrollY":11780,"documentHeight":12466,"viewportHeight":682}}
[2026-07-24T10:46:56.664Z] {"timestamp":1784890015089,"kind":"scroll","url":"http://localhost:3000/#team","viewport":{"width":1182,"height":682},"payload":{"scrollX":0,"scrollY":11726.400390625,"documentHeight":12412,"viewportHeight":682}}
[2026-07-24T10:46:58.666Z] {"timestamp":1784890017288,"kind":"scroll","url":"http://localhost:3000/#team","viewport":{"width":1182,"height":682},"payload":{"scrollX":0,"scrollY":11780,"documentHeight":12466,"viewportHeight":682}}
[2026-07-24T10:47:00.666Z] {"timestamp":1784890019205,"kind":"scroll","url":"http://localhost:3000/#team","viewport":{"width":1182,"height":682},"payload":{"scrollX":0,"scrollY":11726.400390625,"documentHeight":12412,"viewportHeight":682}}
[2026-07-24T10:47:02.662Z] {"timestamp":1784890021456,"kind":"scroll","url":"http://localhost:3000/#team","viewport":{"width":1182,"height":682},"payload":{"scrollX":0,"scrollY":11780,"documentHeight":12466,"viewportHeight":682}}
[2026-07-24T10:47:04.661Z] {"timestamp":1784890023639,"kind":"scroll","url":"http://localhost:3000/#team","viewport":{"width":1182,"height":682},"payload":{"scrollX":0,"scrollY":11726.400390625,"documentHeight":12412,"viewportHeight":682}}
[2026-07-24T10:47:10.668Z] {"timestamp":1784890029673,"kind":"scroll","url":"http://localhost:3000/#team","viewport":{"width":1182,"height":682},"payload":{"scrollX":0,"scrollY":11780,"documentHeight":12466,"viewportHeight":682}}
[2026-07-24T10:47:12.665Z] {"timestamp":1784890031922,"kind":"scroll","url":"http://localhost:3000/#team","viewport":{"width":1182,"height":682},"payload":{"scrollX":0,"scrollY":11726.400390625,"documentHeight":12412,"viewportHeight":682}}
[2026-07-24T10:47:14.654Z] {"timestamp":1784890034139,"kind":"scroll","url":"http://localhost:3000/#team","viewport":{"width":1182,"height":682},"payload":{"scrollX":0,"scrollY":11780,"documentHeight":12466,"viewportHeight":682}}
[2026-07-24T10:47:16.664Z] {"timestamp":1784890036059,"kind":"scroll","url":"http://localhost:3000/#team","viewport":{"width":1182,"height":682},"payload":{"scrollX":0,"scrollY":11726.400390625,"documentHeight":12412,"viewportHeight":682}}
[2026-07-24T10:47:18.651Z] {"timestamp":1784890038294,"kind":"scroll","url":"http://localhost:3000/#team","viewport":{"width":1182,"height":682},"payload":{"scrollX":0,"scrollY":11780,"documentHeight":12466,"viewportHeight":682}}
[2026-07-24T10:47:20.652Z] {"timestamp":1784890040473,"kind":"scroll","url":"http://localhost:3000/#team","viewport":{"width":1182,"height":682},"payload":{"scrollX":0,"scrollY":11726.400390625,"documentHeight":12412,"viewportHeight":682}}
[2026-07-24T10:47:26.666Z] {"timestamp":1784890046508,"kind":"scroll","url":"http://localhost:3000/#team","viewport":{"width":1182,"height":682},"payload":{"scrollX":0,"scrollY":11780,"documentHeight":12466,"viewportHeight":682}}
[2026-07-24T10:47:30.650Z] {"timestamp":1784890048740,"kind":"scroll","url":"http://localhost:3000/#team","viewport":{"width":1182,"height":682},"payload":{"scrollX":0,"scrollY":11726.400390625,"documentHeight":12412,"viewportHeight":682}}
[2026-07-24T10:47:30.650Z] {"timestamp":1784890049825,"kind":"scroll","url":"http://localhost:3000/#team","viewport":{"width":1182,"height":682},"payload":{"scrollX":0,"scrollY":11632.7998046875,"documentHeight":12412,"viewportHeight":682}}
[2026-07-24T10:47:30.650Z] {"timestamp":1784890050440,"kind":"scroll","url":"http://localhost:3000/#team","viewport":{"width":1182,"height":682},"payload":{"scrollX":0,"scrollY":11354.400390625,"documentHeight":12412,"viewportHeight":682}}
[2026-07-24T10:47:32.659Z] {"timestamp":1784890051012,"kind":"scroll","url":"http://localhost:3000/#team","viewport":{"width":1182,"height":682},"payload":{"scrollX":0,"scrollY":10180.7998046875,"documentHeight":12466,"viewportHeight":682}}
[2026-07-24T10:47:32.659Z] {"timestamp":1784890051524,"kind":"scroll","url":"http://localhost:3000/#team","viewport":{"width":1182,"height":682},"payload":{"scrollX":0,"scrollY":8870.400390625,"documentHeight":12466,"viewportHeight":682}}
[2026-07-24T10:47:32.659Z] {"timestamp":1784890052024,"kind":"scroll","url":"http://localhost:3000/#team","viewport":{"width":1182,"height":682},"payload":{"scrollX":0,"scrollY":8555.2001953125,"documentHeight":12466,"viewportHeight":682}}
[2026-07-24T10:47:32.659Z] {"timestamp":1784890052560,"kind":"scroll","url":"http://localhost:3000/#team","viewport":{"width":1182,"height":682},"payload":{"scrollX":0,"scrollY":7435.2001953125,"documentHeight":12466,"viewportHeight":682}}
[2026-07-24T10:47:34.658Z] {"timestamp":1784890053076,"kind":"scroll","url":"http://localhost:3000/#team","viewport":{"width":1182,"height":682},"payload":{"scrollX":0,"scrollY":6309.60009765625,"documentHeight":12412,"viewportHeight":682}}
[2026-07-24T10:47:34.658Z] {"timestamp":1784890053609,"kind":"scroll","url":"http://localhost:3000/#team","viewport":{"width":1182,"height":682},"payload":{"scrollX":0,"scrollY":5961.60009765625,"documentHeight":12412,"viewportHeight":682}}
[2026-07-24T10:47:34.658Z] {"timestamp":1784890054110,"kind":"scroll","url":"http://localhost:3000/#team","viewport":{"width":1182,"height":682},"payload":{"scrollX":0,"scrollY":5174.39990234375,"documentHeight":12412,"viewportHeight":682}}
[2026-07-24T10:47:34.658Z] {"timestamp":1784890054613,"kind":"scroll","url":"http://localhost:3000/#team","viewport":{"width":1182,"height":682},"payload":{"scrollX":0,"scrollY":4558.39990234375,"documentHeight":12412,"viewportHeight":682}}
[2026-07-24T10:47:36.667Z] {"timestamp":1784890055127,"kind":"scroll","url":"http://localhost:3000/#team","viewport":{"width":1182,"height":682},"payload":{"scrollX":0,"scrollY":4309.60009765625,"documentHeight":12466,"viewportHeight":682}}
[2026-07-24T10:47:36.667Z] {"timestamp":1784890055643,"kind":"scroll","url":"http://localhost:3000/#team","viewport":{"width":1182,"height":682},"payload":{"scrollX":0,"scrollY":4372,"documentHeight":12466,"viewportHeight":682}}
[2026-07-24T10:47:38.662Z] {"timestamp":1784890056792,"kind":"scroll","url":"http://localhost:3000/#team","viewport":{"width":1182,"height":682},"payload":{"scrollX":0,"scrollY":4580.7998046875,"documentHeight":12466,"viewportHeight":682}}
[2026-07-24T10:47:38.662Z] {"timestamp":1784890057692,"kind":"scroll","url":"http://localhost:3000/#team","viewport":{"width":1182,"height":682},"payload":{"scrollX":0,"scrollY":4765.60009765625,"documentHeight":12412,"viewportHeight":682}}
[2026-07-24T10:47:38.662Z] {"timestamp":1784890058193,"kind":"scroll","url":"http://localhost:3000/#team","viewport":{"width":1182,"height":682},"payload":{"scrollX":0,"scrollY":3743.199951171875,"documentHeight":12412,"viewportHeight":682}}
[2026-07-24T10:47:40.652Z] {"timestamp":1784890058860,"kind":"scroll","url":"http://localhost:3000/#team","viewport":{"width":1182,"height":682},"payload":{"scrollX":0,"scrollY":3617.60009765625,"documentHeight":12412,"viewportHeight":682}}
[2026-07-24T10:47:40.652Z] {"timestamp":1784890059480,"kind":"scroll","url":"http://localhost:3000/#team","viewport":{"width":1182,"height":682},"payload":{"scrollX":0,"scrollY":3146.39990234375,"documentHeight":12412,"viewportHeight":682}}
[2026-07-24T10:47:40.652Z] {"timestamp":1784890060341,"kind":"scroll","url":"http://localhost:3000/#team","viewport":{"width":1182,"height":682},"payload":{"scrollX":0,"scrollY":2549.60009765625,"documentHeight":12412,"viewportHeight":682}}
[2026-07-24T10:47:42.659Z] {"timestamp":1784890060843,"kind":"scroll","url":"http://localhost:3000/#team","viewport":{"width":1182,"height":682},"payload":{"scrollX":0,"scrollY":1993.5999755859375,"documentHeight":12412,"viewportHeight":682}}
[2026-07-24T10:47:42.659Z] {"timestamp":1784890061361,"kind":"scroll","url":"http://localhost:3000/#team","viewport":{"width":1182,"height":682},"payload":{"scrollX":0,"scrollY":1554.4000244140625,"documentHeight":12412,"viewportHeight":682}}
[2026-07-24T10:47:42.659Z] {"timestamp":1784890061911,"kind":"scroll","url":"http://localhost:3000/#team","viewport":{"width":1182,"height":682},"payload":{"scrollX":0,"scrollY":933.5999755859375,"documentHeight":12412,"viewportHeight":682}}
[2026-07-24T10:47:42.659Z] {"timestamp":1784890062425,"kind":"scroll","url":"http://localhost:3000/#team","viewport":{"width":1182,"height":682},"payload":{"scrollX":0,"scrollY":465.6000061035156,"documentHeight":12412,"viewportHeight":682}}
[2026-07-24T10:47:44.654Z] {"timestamp":1784890062942,"kind":"scroll","url":"http://localhost:3000/#team","viewport":{"width":1182,"height":682},"payload":{"scrollX":0,"scrollY":479.20001220703125,"documentHeight":12466,"viewportHeight":682}}
[2026-07-24T10:47:46.655Z] {"timestamp":1784890065942,"kind":"scroll","url":"http://localhost:3000/#team","viewport":{"width":1182,"height":682},"payload":{"scrollX":0,"scrollY":601.5999755859375,"documentHeight":12412,"viewportHeight":682}}
[2026-07-24T10:47:46.655Z] {"timestamp":1784890066474,"kind":"scroll","url":"http://localhost:3000/#team","viewport":{"width":1182,"height":682},"payload":{"scrollX":0,"scrollY":526.4000244140625,"documentHeight":12412,"viewportHeight":682}}
[2026-07-24T10:47:50.652Z] {"timestamp":1784890069125,"kind":"scroll","url":"http://localhost:3000/#team","viewport":{"width":1182,"height":682},"payload":{"scrollX":0,"scrollY":138.39999389648438,"documentHeight":12412,"viewportHeight":682}}
[2026-07-24T10:47:54.723Z] {"timestamp":1784890072835,"kind":"click","url":"http://localhost:3000/#team","viewport":{"width":1182,"height":682},"payload":{"target":{"tag":"div","id":null,"name":null,"type":null,"role":null,"ariaLabel":null,"testId":null,"dataLoc":"client\\src\\components\\HeroSection.tsx:187","href":null,"text":"Ready to ship","selectorHint":"[data-loc=\"client\\src\\components\\HeroSection.tsx:187\"]"},"x":737,"y":455}}
[2026-07-24T10:47:54.723Z] {"timestamp":1784890073416,"kind":"scroll","url":"http://localhost:3000/#team","viewport":{"width":1182,"height":682},"payload":{"scrollX":0,"scrollY":137.60000610351562,"documentHeight":12412,"viewportHeight":682}}
[2026-07-24T10:47:56.652Z] {"timestamp":1784890075405,"kind":"click","url":"http://localhost:3000/#team","viewport":{"width":1182,"height":682},"payload":{"target":{"tag":"div","id":null,"name":null,"type":null,"role":null,"ariaLabel":null,"testId":null,"dataLoc":"client\\src\\components\\HeroSection.tsx:125","href":null,"text":"✓ PR #482 merged 🔥 12-day streak gfg-student-chapter $ npm run build Building y…","selectorHint":"[data-loc=\"client\\src\\components\\HeroSection.tsx:125\"]"},"x":825,"y":301}}
[2026-07-24T10:47:56.652Z] {"timestamp":1784890075802,"kind":"click","url":"http://localhost:3000/#team","viewport":{"width":1182,"height":682},"payload":{"target":{"tag":"div","id":null,"name":null,"type":null,"role":null,"ariaLabel":null,"testId":null,"dataLoc":"client\\src\\components\\HeroSection.tsx:160","href":null,"text":"$ npm run build","selectorHint":"[data-loc=\"client\\src\\components\\HeroSection.tsx:160\"]"},"x":825,"y":301}}
[2026-07-24T10:47:56.652Z] {"timestamp":1784890076576,"kind":"scroll","url":"http://localhost:3000/#team","viewport":{"width":1182,"height":682},"payload":{"scrollX":0,"scrollY":131.1999969482422,"documentHeight":12412,"viewportHeight":682}}
[2026-07-24T10:49:45.875Z] {"timestamp":1784890185764,"kind":"focusin","url":"http://localhost:3000/","viewport":{"width":1396,"height":663},"payload":{"target":{"tag":"button","id":null,"name":null,"type":null,"role":"switch","ariaLabel":"Toggle dark mode","testId":null,"dataLoc":"client\\src\\components\\AnimatedToggle.tsx:114","href":null,"text":"","selectorHint":"[data-loc=\"client\\src\\components\\AnimatedToggle.tsx:114\"]"}}}
[2026-07-24T10:49:47.923Z] {"timestamp":1784890185974,"kind":"click","url":"http://localhost:3000/","viewport":{"width":1396,"height":663},"payload":{"target":{"tag":"button","id":null,"name":null,"type":null,"role":"switch","ariaLabel":"Toggle dark mode","testId":null,"dataLoc":"client\\src\\components\\AnimatedToggle.tsx:114","href":null,"text":"","selectorHint":"[data-loc=\"client\\src\\components\\AnimatedToggle.tsx:114\"]"},"x":1176,"y":30}}
[2026-07-24T10:49:47.923Z] {"timestamp":1784890187473,"kind":"click","url":"http://localhost:3000/","viewport":{"width":1396,"height":663},"payload":{"target":{"tag":"button","id":null,"name":null,"type":null,"role":"switch","ariaLabel":"Toggle dark mode","testId":null,"dataLoc":"client\\src\\components\\AnimatedToggle.tsx:114","href":null,"text":"","selectorHint":"[data-loc=\"client\\src\\components\\AnimatedToggle.tsx:114\"]"},"x":1176,"y":30}}
[2026-07-24T10:49:49.930Z] {"timestamp":1784890189648,"kind":"focusout","url":"http://localhost:3000/","viewport":{"width":1396,"height":663},"payload":{"target":{"tag":"button","id":null,"name":null,"type":null,"role":"switch","ariaLabel":"Toggle dark mode","testId":null,"dataLoc":"client\\src\\components\\AnimatedToggle.tsx:114","href":null,"text":"","selectorHint":"[data-loc=\"client\\src\\components\\AnimatedToggle.tsx:114\"]"},"value":null}}
[2026-07-24T10:49:49.930Z] {"timestamp":1784890189649,"kind":"focusin","url":"http://localhost:3000/","viewport":{"width":1396,"height":663},"payload":{"target":{"tag":"a","id":null,"name":null,"type":null,"role":null,"ariaLabel":null,"testId":null,"dataLoc":"client\\src\\components\\Header.tsx:48","href":"#about","text":"About","selectorHint":"[data-loc=\"client\\src\\components\\Header.tsx:48\"]"}}}
[2026-07-24T10:49:49.930Z] {"timestamp":1784890189873,"kind":"click","url":"http://localhost:3000/","viewport":{"width":1396,"height":663},"payload":{"target":{"tag":"a","id":null,"name":null,"type":null,"role":null,"ariaLabel":null,"testId":null,"dataLoc":"client\\src\\components\\Header.tsx:48","href":"#about","text":"About","selectorHint":"[data-loc=\"client\\src\\components\\Header.tsx:48\"]"},"x":477,"y":41}}
[2026-07-24T10:49:49.930Z] {"timestamp":1784890189878,"kind":"navigate","url":"http://localhost:3000/#about","viewport":{"width":1396,"height":663},"payload":{"reason":"popstate"}}
[2026-07-24T10:49:49.930Z] {"timestamp":1784890189879,"kind":"focusout","url":"http://localhost:3000/#about","viewport":{"width":1396,"height":663},"payload":{"target":{"tag":"a","id":null,"name":null,"type":null,"role":null,"ariaLabel":null,"testId":null,"dataLoc":"client\\src\\components\\Header.tsx:48","href":"#about","text":"About","selectorHint":"[data-loc=\"client\\src\\components\\Header.tsx:48\"]"},"value":null}}
[2026-07-24T10:49:51.879Z] {"timestamp":1784890189900,"kind":"navigate","url":"http://localhost:3000/#about","viewport":{"width":1396,"height":663},"payload":{"reason":"hashchange"}}
[2026-07-24T10:49:51.879Z] {"timestamp":1784890189958,"kind":"scroll","url":"http://localhost:3000/#about","viewport":{"width":1396,"height":663},"payload":{"scrollX":0,"scrollY":7.2727274894714355,"documentHeight":12268,"viewportHeight":663}}
[2026-07-24T10:49:51.879Z] {"timestamp":1784890190475,"kind":"scroll","url":"http://localhost:3000/#about","viewport":{"width":1396,"height":663},"payload":{"scrollX":0,"scrollY":1133.8182373046875,"documentHeight":12268,"viewportHeight":663}}
[2026-07-24T10:49:51.879Z] {"timestamp":1784890191817,"kind":"focusin","url":"http://localhost:3000/#about","viewport":{"width":1396,"height":663},"payload":{"target":{"tag":"a","id":null,"name":null,"type":null,"role":null,"ariaLabel":null,"testId":null,"dataLoc":"client\\src\\components\\Header.tsx:48","href":"#features","text":"Features","selectorHint":"[data-loc=\"client\\src\\components\\Header.tsx:48\"]"}}}
[2026-07-24T10:49:53.878Z] {"timestamp":1784890192043,"kind":"click","url":"http://localhost:3000/#about","viewport":{"width":1396,"height":663},"payload":{"target":{"tag":"a","id":null,"name":null,"type":null,"role":null,"ariaLabel":null,"testId":null,"dataLoc":"client\\src\\components\\Header.tsx:48","href":"#features","text":"Features","selectorHint":"[data-loc=\"client\\src\\components\\Header.tsx:48\"]"},"x":562,"y":29}}
[2026-07-24T10:49:53.878Z] {"timestamp":1784890192043,"kind":"navigate","url":"http://localhost:3000/#features","viewport":{"width":1396,"height":663},"payload":{"reason":"popstate"}}
[2026-07-24T10:49:53.878Z] {"timestamp":1784890192044,"kind":"focusout","url":"http://localhost:3000/#features","viewport":{"width":1396,"height":663},"payload":{"target":{"tag":"a","id":null,"name":null,"type":null,"role":null,"ariaLabel":null,"testId":null,"dataLoc":"client\\src\\components\\Header.tsx:48","href":"#features","text":"Features","selectorHint":"[data-loc=\"client\\src\\components\\Header.tsx:48\"]"},"value":null}}
[2026-07-24T10:49:53.878Z] {"timestamp":1784890192080,"kind":"navigate","url":"http://localhost:3000/#features","viewport":{"width":1396,"height":663},"payload":{"reason":"hashchange"}}
[2026-07-24T10:49:53.878Z] {"timestamp":1784890192140,"kind":"scroll","url":"http://localhost:3000/#features","viewport":{"width":1396,"height":663},"payload":{"scrollX":0,"scrollY":1153.45458984375,"documentHeight":12268,"viewportHeight":663}}
[2026-07-24T10:49:55.881Z] {"timestamp":1784890193887,"kind":"focusin","url":"http://localhost:3000/#features","viewport":{"width":1396,"height":663},"payload":{"target":{"tag":"a","id":null,"name":null,"type":null,"role":null,"ariaLabel":null,"testId":null,"dataLoc":"client\\src\\components\\Header.tsx:48","href":"#events","text":"Events","selectorHint":"[data-loc=\"client\\src\\components\\Header.tsx:48\"]"}}}
[2026-07-24T10:49:55.881Z] {"timestamp":1784890194103,"kind":"click","url":"http://localhost:3000/#features","viewport":{"width":1396,"height":663},"payload":{"target":{"tag":"a","id":null,"name":null,"type":null,"role":null,"ariaLabel":null,"testId":null,"dataLoc":"client\\src\\components\\Header.tsx:48","href":"#events","text":"Events","selectorHint":"[data-loc=\"client\\src\\components\\Header.tsx:48\"]"},"x":642,"y":29}}
[2026-07-24T10:49:55.881Z] {"timestamp":1784890194103,"kind":"navigate","url":"http://localhost:3000/#events","viewport":{"width":1396,"height":663},"payload":{"reason":"popstate"}}
[2026-07-24T10:49:55.881Z] {"timestamp":1784890194104,"kind":"focusout","url":"http://localhost:3000/#events","viewport":{"width":1396,"height":663},"payload":{"target":{"tag":"a","id":null,"name":null,"type":null,"role":null,"ariaLabel":null,"testId":null,"dataLoc":"client\\src\\components\\Header.tsx:48","href":"#events","text":"Events","selectorHint":"[data-loc=\"client\\src\\components\\Header.tsx:48\"]"},"value":null}}
[2026-07-24T10:49:55.881Z] {"timestamp":1784890194114,"kind":"navigate","url":"http://localhost:3000/#events","viewport":{"width":1396,"height":663},"payload":{"reason":"hashchange"}}
[2026-07-24T10:49:55.881Z] {"timestamp":1784890194174,"kind":"scroll","url":"http://localhost:3000/#events","viewport":{"width":1396,"height":663},"payload":{"scrollX":0,"scrollY":1853.8182373046875,"documentHeight":12268,"viewportHeight":663}}
[2026-07-24T10:49:57.884Z] {"timestamp":1784890195942,"kind":"scroll","url":"http://localhost:3000/#events","viewport":{"width":1396,"height":663},"payload":{"scrollX":0,"scrollY":2494.54541015625,"documentHeight":12268,"viewportHeight":663}}
[2026-07-24T10:49:57.884Z] {"timestamp":1784890197173,"kind":"focusin","url":"http://localhost:3000/#events","viewport":{"width":1396,"height":663},"payload":{"target":{"tag":"a","id":null,"name":null,"type":null,"role":null,"ariaLabel":null,"testId":null,"dataLoc":"client\\src\\components\\Header.tsx:48","href":"#gallery","text":"Gallery","selectorHint":"[data-loc=\"client\\src\\components\\Header.tsx:48\"]"}}}
[2026-07-24T10:49:57.884Z] {"timestamp":1784890197389,"kind":"click","url":"http://localhost:3000/#events","viewport":{"width":1396,"height":663},"payload":{"target":{"tag":"a","id":null,"name":null,"type":null,"role":null,"ariaLabel":null,"testId":null,"dataLoc":"client\\src\\components\\Header.tsx:48","href":"#gallery","text":"Gallery","selectorHint":"[data-loc=\"client\\src\\components\\Header.tsx:48\"]"},"x":695,"y":25}}
[2026-07-24T10:49:57.884Z] {"timestamp":1784890197390,"kind":"navigate","url":"http://localhost:3000/#gallery","viewport":{"width":1396,"height":663},"payload":{"reason":"popstate"}}
[2026-07-24T10:49:57.884Z] {"timestamp":1784890197391,"kind":"focusout","url":"http://localhost:3000/#gallery","viewport":{"width":1396,"height":663},"payload":{"target":{"tag":"a","id":null,"name":null,"type":null,"role":null,"ariaLabel":null,"testId":null,"dataLoc":"client\\src\\components\\Header.tsx:48","href":"#gallery","text":"Gallery","selectorHint":"[data-loc=\"client\\src\\components\\Header.tsx:48\"]"},"value":null}}
[2026-07-24T10:49:57.884Z] {"timestamp":1784890197415,"kind":"navigate","url":"http://localhost:3000/#gallery","viewport":{"width":1396,"height":663},"payload":{"reason":"hashchange"}}
[2026-07-24T10:49:57.884Z] {"timestamp":1784890197474,"kind":"scroll","url":"http://localhost:3000/#gallery","viewport":{"width":1396,"height":663},"payload":{"scrollX":0,"scrollY":2525.818115234375,"documentHeight":12268,"viewportHeight":663}}
[2026-07-24T10:49:59.881Z] {"timestamp":1784890197974,"kind":"scroll","url":"http://localhost:3000/#gallery","viewport":{"width":1396,"height":663},"payload":{"scrollX":0,"scrollY":4713.45458984375,"documentHeight":12268,"viewportHeight":663}}
[2026-07-24T10:50:01.877Z] {"timestamp":1784890201165,"kind":"focusin","url":"http://localhost:3000/#gallery","viewport":{"width":1396,"height":663},"payload":{"target":{"tag":"a","id":null,"name":null,"type":null,"role":null,"ariaLabel":null,"testId":null,"dataLoc":"client\\src\\components\\Header.tsx:48","href":"#team","text":"Team","selectorHint":"[data-loc=\"client\\src\\components\\Header.tsx:48\"]"}}}
[2026-07-24T10:50:01.877Z] {"timestamp":1784890201389,"kind":"click","url":"http://localhost:3000/#gallery","viewport":{"width":1396,"height":663},"payload":{"target":{"tag":"a","id":null,"name":null,"type":null,"role":null,"ariaLabel":null,"testId":null,"dataLoc":"client\\src\\components\\Header.tsx:48","href":"#team","text":"Team","selectorHint":"[data-loc=\"client\\src\\components\\Header.tsx:48\"]"},"x":773,"y":31}}
[2026-07-24T10:50:01.877Z] {"timestamp":1784890201390,"kind":"navigate","url":"http://localhost:3000/#team","viewport":{"width":1396,"height":663},"payload":{"reason":"popstate"}}
[2026-07-24T10:50:01.877Z] {"timestamp":1784890201390,"kind":"focusout","url":"http://localhost:3000/#team","viewport":{"width":1396,"height":663},"payload":{"target":{"tag":"a","id":null,"name":null,"type":null,"role":null,"ariaLabel":null,"testId":null,"dataLoc":"client\\src\\components\\Header.tsx:48","href":"#team","text":"Team","selectorHint":"[data-loc=\"client\\src\\components\\Header.tsx:48\"]"},"value":null}}
[2026-07-24T10:50:01.877Z] {"timestamp":1784890201413,"kind":"navigate","url":"http://localhost:3000/#team","viewport":{"width":1396,"height":663},"payload":{"reason":"hashchange"}}
[2026-07-24T10:50:01.877Z] {"timestamp":1784890201441,"kind":"scroll","url":"http://localhost:3000/#team","viewport":{"width":1396,"height":663},"payload":{"scrollX":0,"scrollY":4972.36376953125,"documentHeight":12268,"viewportHeight":663}}
[2026-07-24T10:50:03.874Z] {"timestamp":1784890201941,"kind":"scroll","url":"http://localhost:3000/#team","viewport":{"width":1396,"height":663},"payload":{"scrollX":0,"scrollY":7032.72705078125,"documentHeight":12268,"viewportHeight":663}}
[2026-07-24T10:50:05.877Z] {"timestamp":1784890205709,"kind":"scroll","url":"http://localhost:3000/#team","viewport":{"width":1396,"height":663},"payload":{"scrollX":0,"scrollY":7273.45458984375,"documentHeight":12268,"viewportHeight":663}}
[2026-07-24T10:50:07.884Z] {"timestamp":1784890206594,"kind":"focusin","url":"http://localhost:3000/#team","viewport":{"width":1396,"height":663},"payload":{"target":{"tag":"a","id":null,"name":null,"type":null,"role":null,"ariaLabel":null,"testId":null,"dataLoc":"client\\src\\components\\Header.tsx:48","href":"#faq","text":"FAQ","selectorHint":"[data-loc=\"client\\src\\components\\Header.tsx:48\"]"}}}
[2026-07-24T10:50:07.884Z] {"timestamp":1784890206819,"kind":"click","url":"http://localhost:3000/#team","viewport":{"width":1396,"height":663},"payload":{"target":{"tag":"a","id":null,"name":null,"type":null,"role":null,"ariaLabel":null,"testId":null,"dataLoc":"client\\src\\components\\Header.tsx:48","href":"#faq","text":"FAQ","selectorHint":"[data-loc=\"client\\src\\components\\Header.tsx:48\"]"},"x":849,"y":24}}
[2026-07-24T10:50:07.884Z] {"timestamp":1784890206820,"kind":"navigate","url":"http://localhost:3000/#faq","viewport":{"width":1396,"height":663},"payload":{"reason":"popstate"}}
[2026-07-24T10:50:07.884Z] {"timestamp":1784890206820,"kind":"focusout","url":"http://localhost:3000/#faq","viewport":{"width":1396,"height":663},"payload":{"target":{"tag":"a","id":null,"name":null,"type":null,"role":null,"ariaLabel":null,"testId":null,"dataLoc":"client\\src\\components\\Header.tsx:48","href":"#faq","text":"FAQ","selectorHint":"[data-loc=\"client\\src\\components\\Header.tsx:48\"]"},"value":null}}
[2026-07-24T10:50:07.884Z] {"timestamp":1784890206850,"kind":"navigate","url":"http://localhost:3000/#faq","viewport":{"width":1396,"height":663},"payload":{"reason":"hashchange"}}
[2026-07-24T10:50:07.884Z] {"timestamp":1784890206874,"kind":"scroll","url":"http://localhost:3000/#faq","viewport":{"width":1396,"height":663},"payload":{"scrollX":0,"scrollY":7304.72705078125,"documentHeight":12268,"viewportHeight":663}}
[2026-07-24T10:50:07.884Z] {"timestamp":1784890207375,"kind":"scroll","url":"http://localhost:3000/#faq","viewport":{"width":1396,"height":663},"payload":{"scrollX":0,"scrollY":9690.9091796875,"documentHeight":12268,"viewportHeight":663}}
[2026-07-24T10:50:07.884Z] {"timestamp":1784890207876,"kind":"scroll","url":"http://localhost:3000/#faq","viewport":{"width":1396,"height":663},"payload":{"scrollX":0,"scrollY":10022.5458984375,"documentHeight":12268,"viewportHeight":663}}
[2026-07-24T10:50:09.885Z] {"timestamp":1784890208791,"kind":"focusin","url":"http://localhost:3000/#faq","viewport":{"width":1396,"height":663},"payload":{"target":{"tag":"a","id":null,"name":null,"type":null,"role":null,"ariaLabel":null,"testId":null,"dataLoc":"client\\src\\components\\Header.tsx:48","href":"#contact","text":"Contact","selectorHint":"[data-loc=\"client\\src\\components\\Header.tsx:48\"]"}}}
[2026-07-24T10:50:09.885Z] {"timestamp":1784890209006,"kind":"click","url":"http://localhost:3000/#faq","viewport":{"width":1396,"height":663},"payload":{"target":{"tag":"a","id":null,"name":null,"type":null,"role":null,"ariaLabel":null,"testId":null,"dataLoc":"client\\src\\components\\Header.tsx:48","href":"#contact","text":"Contact","selectorHint":"[data-loc=\"client\\src\\components\\Header.tsx:48\"]"},"x":914,"y":23}}
[2026-07-24T10:50:09.885Z] {"timestamp":1784890209006,"kind":"navigate","url":"http://localhost:3000/#contact","viewport":{"width":1396,"height":663},"payload":{"reason":"popstate"}}
[2026-07-24T10:50:09.885Z] {"timestamp":1784890209007,"kind":"focusout","url":"http://localhost:3000/#contact","viewport":{"width":1396,"height":663},"payload":{"target":{"tag":"a","id":null,"name":null,"type":null,"role":null,"ariaLabel":null,"testId":null,"dataLoc":"client\\src\\components\\Header.tsx:48","href":"#contact","text":"Contact","selectorHint":"[data-loc=\"client\\src\\components\\Header.tsx:48\"]"},"value":null}}
[2026-07-24T10:50:09.885Z] {"timestamp":1784890209013,"kind":"navigate","url":"http://localhost:3000/#contact","viewport":{"width":1396,"height":663},"payload":{"reason":"hashchange"}}
[2026-07-24T10:50:09.885Z] {"timestamp":1784890209078,"kind":"scroll","url":"http://localhost:3000/#contact","viewport":{"width":1396,"height":663},"payload":{"scrollX":0,"scrollY":10029.818359375,"documentHeight":12268,"viewportHeight":663}}
[2026-07-24T10:50:53.269Z] {"timestamp":1784890252978,"kind":"scroll","url":"http://localhost:3000/","viewport":{"width":1182,"height":682},"payload":{"scrollX":0,"scrollY":458.3999938964844,"documentHeight":12412,"viewportHeight":682}}
[2026-07-24T10:50:59.265Z] {"timestamp":1784890257560,"kind":"scroll","url":"http://localhost:3000/","viewport":{"width":1182,"height":682},"payload":{"scrollX":0,"scrollY":452,"documentHeight":12412,"viewportHeight":682}}
[2026-08-05T16:13:01.043Z] {"timestamp":1785946379435,"kind":"scroll","url":"http://localhost:3000/","viewport":{"width":1159,"height":696},"payload":{"scrollX":0,"scrollY":0.800000011920929,"documentHeight":12466,"viewportHeight":696}}
[2026-08-05T16:13:01.043Z] {"timestamp":1785946379937,"kind":"scroll","url":"http://localhost:3000/","viewport":{"width":1159,"height":696},"payload":{"scrollX":0,"scrollY":51.20000076293945,"documentHeight":12466,"viewportHeight":696}}
[2026-08-05T16:13:21.056Z] {"timestamp":1785946399635,"kind":"focusin","url":"http://localhost:3000/","viewport":{"width":1159,"height":696},"payload":{"target":{"tag":"button","id":null,"name":null,"type":null,"role":"switch","ariaLabel":"Toggle dark mode","testId":null,"dataLoc":"client\\src\\components\\AnimatedToggle.tsx:114","href":null,"text":"","selectorHint":"[data-loc=\"client\\src\\components\\AnimatedToggle.tsx:114\"]"}}}
[2026-08-05T16:13:21.056Z] {"timestamp":1785946399853,"kind":"click","url":"http://localhost:3000/","viewport":{"width":1159,"height":696},"payload":{"target":{"tag":"button","id":null,"name":null,"type":null,"role":"switch","ariaLabel":"Toggle dark mode","testId":null,"dataLoc":"client\\src\\components\\AnimatedToggle.tsx:114","href":null,"text":"","selectorHint":"[data-loc=\"client\\src\\components\\AnimatedToggle.tsx:114\"]"},"x":925,"y":36}}
[2026-08-05T16:13:25.037Z] {"timestamp":1785946404110,"kind":"click","url":"http://localhost:3000/","viewport":{"width":1159,"height":696},"payload":{"target":{"tag":"button","id":null,"name":null,"type":null,"role":"switch","ariaLabel":"Toggle dark mode","testId":null,"dataLoc":"client\\src\\components\\AnimatedToggle.tsx:114","href":null,"text":"","selectorHint":"[data-loc=\"client\\src\\components\\AnimatedToggle.tsx:114\"]"},"x":925,"y":36}}
[2026-08-05T16:13:29.037Z] {"timestamp":1785946407972,"kind":"focusout","url":"http://localhost:3000/","viewport":{"width":1159,"height":696},"payload":{"target":{"tag":"button","id":null,"name":null,"type":null,"role":"switch","ariaLabel":"Toggle dark mode","testId":null,"dataLoc":"client\\src\\components\\AnimatedToggle.tsx:114","href":null,"text":"","selectorHint":"[data-loc=\"client\\src\\components\\AnimatedToggle.tsx:114\"]"},"value":null}}
[2026-08-05T16:13:29.038Z] {"timestamp":1785946407973,"kind":"focusin","url":"http://localhost:3000/","viewport":{"width":1159,"height":696},"payload":{"target":{"tag":"a","id":null,"name":null,"type":null,"role":null,"ariaLabel":null,"testId":null,"dataLoc":"client\\src\\components\\Header.tsx:48","href":"#gallery","text":"Gallery","selectorHint":"[data-loc=\"client\\src\\components\\Header.tsx:48\"]"}}}
[2026-08-05T16:13:29.038Z] {"timestamp":1785946408141,"kind":"click","url":"http://localhost:3000/","viewport":{"width":1159,"height":696},"payload":{"target":{"tag":"a","id":null,"name":null,"type":null,"role":null,"ariaLabel":null,"testId":null,"dataLoc":"client\\src\\components\\Header.tsx:48","href":"#gallery","text":"Gallery","selectorHint":"[data-loc=\"client\\src\\components\\Header.tsx:48\"]"},"x":592,"y":31}}
[2026-08-05T16:13:29.038Z] {"timestamp":1785946408196,"kind":"navigate","url":"http://localhost:3000/#gallery","viewport":{"width":1159,"height":696},"payload":{"reason":"popstate"}}
[2026-08-05T16:13:29.038Z] {"timestamp":1785946408197,"kind":"focusout","url":"http://localhost:3000/#gallery","viewport":{"width":1159,"height":696},"payload":{"target":{"tag":"a","id":null,"name":null,"type":null,"role":null,"ariaLabel":null,"testId":null,"dataLoc":"client\\src\\components\\Header.tsx:48","href":"#gallery","text":"Gallery","selectorHint":"[data-loc=\"client\\src\\components\\Header.tsx:48\"]"},"value":null}}
[2026-08-05T16:13:29.038Z] {"timestamp":1785946408204,"kind":"navigate","url":"http://localhost:3000/#gallery","viewport":{"width":1159,"height":696},"payload":{"reason":"hashchange"}}
[2026-08-05T16:13:29.038Z] {"timestamp":1785946408230,"kind":"scroll","url":"http://localhost:3000/#gallery","viewport":{"width":1159,"height":696},"payload":{"scrollX":0,"scrollY":1.600000023841858,"documentHeight":12412,"viewportHeight":696}}
[2026-08-05T16:13:29.038Z] {"timestamp":1785946408738,"kind":"scroll","url":"http://localhost:3000/#gallery","viewport":{"width":1159,"height":696},"payload":{"scrollX":0,"scrollY":3984.800048828125,"documentHeight":12412,"viewportHeight":696}}
[2026-08-05T16:13:31.034Z] {"timestamp":1785946409240,"kind":"scroll","url":"http://localhost:3000/#gallery","viewport":{"width":1159,"height":696},"payload":{"scrollX":0,"scrollY":5178.39990234375,"documentHeight":12412,"viewportHeight":696}}
[2026-08-05T16:13:33.032Z] {"timestamp":1785946411670,"kind":"scroll","url":"http://localhost:3000/#gallery","viewport":{"width":1159,"height":696},"payload":{"scrollX":0,"scrollY":5387.2001953125,"documentHeight":12412,"viewportHeight":696}}
[2026-08-05T16:13:33.032Z] {"timestamp":1785946412173,"kind":"scroll","url":"http://localhost:3000/#gallery","viewport":{"width":1159,"height":696},"payload":{"scrollX":0,"scrollY":5635.2001953125,"documentHeight":12412,"viewportHeight":696}}
[2026-08-05T16:13:35.034Z] {"timestamp":1785946413544,"kind":"scroll","url":"http://localhost:3000/#gallery","viewport":{"width":1159,"height":696},"payload":{"scrollX":0,"scrollY":5606.39990234375,"documentHeight":12412,"viewportHeight":696}}
[2026-08-05T16:13:35.034Z] {"timestamp":1785946414056,"kind":"scroll","url":"http://localhost:3000/#gallery","viewport":{"width":1159,"height":696},"payload":{"scrollX":0,"scrollY":6708,"documentHeight":12466,"viewportHeight":696}}
[2026-08-05T16:13:35.034Z] {"timestamp":1785946414572,"kind":"scroll","url":"http://localhost:3000/#gallery","viewport":{"width":1159,"height":696},"payload":{"scrollX":0,"scrollY":6944.7998046875,"documentHeight":12466,"viewportHeight":696}}
[2026-08-05T16:13:37.032Z] {"timestamp":1785946415106,"kind":"scroll","url":"http://localhost:3000/#gallery","viewport":{"width":1159,"height":696},"payload":{"scrollX":0,"scrollY":6708,"documentHeight":12466,"viewportHeight":696}}
[2026-08-05T16:13:37.032Z] {"timestamp":1785946416057,"kind":"scroll","url":"http://localhost:3000/#gallery","viewport":{"width":1159,"height":696},"payload":{"scrollX":0,"scrollY":6654.39990234375,"documentHeight":12412,"viewportHeight":696}}
[2026-08-05T16:13:39.032Z] {"timestamp":1785946417937,"kind":"scroll","url":"http://localhost:3000/#gallery","viewport":{"width":1159,"height":696},"payload":{"scrollX":0,"scrollY":6730.39990234375,"documentHeight":12412,"viewportHeight":696}}
[2026-08-05T16:13:39.032Z] {"timestamp":1785946418440,"kind":"scroll","url":"http://localhost:3000/#gallery","viewport":{"width":1159,"height":696},"payload":{"scrollX":0,"scrollY":7516.7998046875,"documentHeight":12466,"viewportHeight":696}}
[2026-08-05T16:13:41.031Z] {"timestamp":1785946420129,"kind":"scroll","url":"http://localhost:3000/#gallery","viewport":{"width":1159,"height":696},"payload":{"scrollX":0,"scrollY":7522.39990234375,"documentHeight":12412,"viewportHeight":696}}
[2026-08-05T16:13:43.034Z] {"timestamp":1785946421706,"kind":"scroll","url":"http://localhost:3000/#gallery","viewport":{"width":1159,"height":696},"payload":{"scrollX":0,"scrollY":7537.60009765625,"documentHeight":12412,"viewportHeight":696}}
[2026-08-05T16:13:43.034Z] {"timestamp":1785946422907,"kind":"scroll","url":"http://localhost:3000/#gallery","viewport":{"width":1159,"height":696},"payload":{"scrollX":0,"scrollY":7810.39990234375,"documentHeight":12466,"viewportHeight":696}}
[2026-08-05T16:13:45.036Z] {"timestamp":1785946423440,"kind":"scroll","url":"http://localhost:3000/#gallery","viewport":{"width":1159,"height":696},"payload":{"scrollX":0,"scrollY":7405.60009765625,"documentHeight":12466,"viewportHeight":696}}
[2026-08-05T16:13:45.036Z] {"timestamp":1785946424388,"kind":"scroll","url":"http://localhost:3000/#gallery","viewport":{"width":1159,"height":696},"payload":{"scrollX":0,"scrollY":7240,"documentHeight":12412,"viewportHeight":696}}
[2026-08-05T16:13:45.036Z] {"timestamp":1785946424519,"kind":"focusin","url":"http://localhost:3000/#gallery","viewport":{"width":1159,"height":696},"payload":{"target":{"tag":"a","id":null,"name":null,"type":null,"role":null,"ariaLabel":null,"testId":null,"dataLoc":"client\\src\\components\\Header.tsx:48","href":"#contact","text":"Contact","selectorHint":"[data-loc=\"client\\src\\components\\Header.tsx:48\"]"}}}
[2026-08-05T16:13:45.036Z] {"timestamp":1785946424735,"kind":"click","url":"http://localhost:3000/#gallery","viewport":{"width":1159,"height":696},"payload":{"target":{"tag":"a","id":null,"name":null,"type":null,"role":null,"ariaLabel":null,"testId":null,"dataLoc":"client\\src\\components\\Header.tsx:48","href":"#contact","text":"Contact","selectorHint":"[data-loc=\"client\\src\\components\\Header.tsx:48\"]"},"x":785,"y":25}}
[2026-08-05T16:13:45.036Z] {"timestamp":1785946424736,"kind":"navigate","url":"http://localhost:3000/#contact","viewport":{"width":1159,"height":696},"payload":{"reason":"popstate"}}
[2026-08-05T16:13:45.036Z] {"timestamp":1785946424737,"kind":"focusout","url":"http://localhost:3000/#contact","viewport":{"width":1159,"height":696},"payload":{"target":{"tag":"a","id":null,"name":null,"type":null,"role":null,"ariaLabel":null,"testId":null,"dataLoc":"client\\src\\components\\Header.tsx:48","href":"#contact","text":"Contact","selectorHint":"[data-loc=\"client\\src\\components\\Header.tsx:48\"]"},"value":null}}
[2026-08-05T16:13:45.036Z] {"timestamp":1785946424743,"kind":"navigate","url":"http://localhost:3000/#contact","viewport":{"width":1159,"height":696},"payload":{"reason":"hashchange"}}
[2026-08-05T16:13:45.036Z] {"timestamp":1785946424888,"kind":"scroll","url":"http://localhost:3000/#contact","viewport":{"width":1159,"height":696},"payload":{"scrollX":0,"scrollY":7461.60009765625,"documentHeight":12412,"viewportHeight":696}}
[2026-08-05T16:13:47.037Z] {"timestamp":1785946425389,"kind":"scroll","url":"http://localhost:3000/#contact","viewport":{"width":1159,"height":696},"payload":{"scrollX":0,"scrollY":10532.7998046875,"documentHeight":12412,"viewportHeight":696}}
[2026-08-05T16:13:47.037Z] {"timestamp":1785946426706,"kind":"scroll","url":"http://localhost:3000/#contact","viewport":{"width":1159,"height":696},"payload":{"scrollX":0,"scrollY":10944.7998046875,"documentHeight":12412,"viewportHeight":696}}
[2026-08-05T16:13:49.039Z] {"timestamp":1785946427223,"kind":"scroll","url":"http://localhost:3000/#contact","viewport":{"width":1159,"height":696},"payload":{"scrollX":0,"scrollY":11082.400390625,"documentHeight":12412,"viewportHeight":696}}
[2026-08-05T16:13:51.034Z] {"timestamp":1785946429972,"kind":"scroll","url":"http://localhost:3000/#contact","viewport":{"width":1159,"height":696},"payload":{"scrollX":0,"scrollY":11126.400390625,"documentHeight":12412,"viewportHeight":696}}
[2026-08-05T16:13:51.034Z] {"timestamp":1785946430739,"kind":"scroll","url":"http://localhost:3000/#contact","viewport":{"width":1159,"height":696},"payload":{"scrollX":0,"scrollY":11450.400390625,"documentHeight":12466,"viewportHeight":696}}
[2026-08-05T16:13:53.040Z] {"timestamp":1785946431795,"kind":"scroll","url":"http://localhost:3000/#contact","viewport":{"width":1159,"height":696},"payload":{"scrollX":0,"scrollY":11586.400390625,"documentHeight":12466,"viewportHeight":696}}
[2026-08-05T16:13:53.040Z] {"timestamp":1785946432473,"kind":"scroll","url":"http://localhost:3000/#contact","viewport":{"width":1159,"height":696},"payload":{"scrollX":0,"scrollY":10932.7998046875,"documentHeight":12412,"viewportHeight":696}}
[2026-08-05T16:13:53.040Z] {"timestamp":1785946432969,"kind":"focusin","url":"http://localhost:3000/#contact","viewport":{"width":1159,"height":696},"payload":{"target":{"tag":"a","id":null,"name":null,"type":null,"role":null,"ariaLabel":null,"testId":null,"dataLoc":"client\\src\\components\\Header.tsx:48","href":"#features","text":"Features","selectorHint":"[data-loc=\"client\\src\\components\\Header.tsx:48\"]"}}}
[2026-08-05T16:13:55.034Z] {"timestamp":1785946433199,"kind":"click","url":"http://localhost:3000/#contact","viewport":{"width":1159,"height":696},"payload":{"target":{"tag":"a","id":null,"name":null,"type":null,"role":null,"ariaLabel":null,"testId":null,"dataLoc":"client\\src\\components\\Header.tsx:48","href":"#features","text":"Features","selectorHint":"[data-loc=\"client\\src\\components\\Header.tsx:48\"]"},"x":429,"y":40}}
[2026-08-05T16:13:55.034Z] {"timestamp":1785946433200,"kind":"navigate","url":"http://localhost:3000/#features","viewport":{"width":1159,"height":696},"payload":{"reason":"popstate"}}
[2026-08-05T16:13:55.034Z] {"timestamp":1785946433201,"kind":"focusout","url":"http://localhost:3000/#features","viewport":{"width":1159,"height":696},"payload":{"target":{"tag":"a","id":null,"name":null,"type":null,"role":null,"ariaLabel":null,"testId":null,"dataLoc":"client\\src\\components\\Header.tsx:48","href":"#features","text":"Features","selectorHint":"[data-loc=\"client\\src\\components\\Header.tsx:48\"]"},"value":null}}
[2026-08-05T16:13:55.034Z] {"timestamp":1785946433212,"kind":"navigate","url":"http://localhost:3000/#features","viewport":{"width":1159,"height":696},"payload":{"reason":"hashchange"}}
[2026-08-05T16:13:55.034Z] {"timestamp":1785946433221,"kind":"scroll","url":"http://localhost:3000/#features","viewport":{"width":1159,"height":696},"payload":{"scrollX":0,"scrollY":10930.400390625,"documentHeight":12412,"viewportHeight":696}}
[2026-08-05T16:13:55.034Z] {"timestamp":1785946433722,"kind":"scroll","url":"http://localhost:3000/#features","viewport":{"width":1159,"height":696},"payload":{"scrollX":0,"scrollY":4935.2001953125,"documentHeight":12412,"viewportHeight":696}}
[2026-08-05T16:13:55.034Z] {"timestamp":1785946434223,"kind":"scroll","url":"http://localhost:3000/#features","viewport":{"width":1159,"height":696},"payload":{"scrollX":0,"scrollY":2447.199951171875,"documentHeight":12412,"viewportHeight":696}}
[2026-08-05T16:13:57.035Z] {"timestamp":1785946435969,"kind":"focusin","url":"http://localhost:3000/#features","viewport":{"width":1159,"height":696},"payload":{"target":{"tag":"button","id":null,"name":null,"type":null,"role":"tab","ariaLabel":null,"testId":null,"dataLoc":"client\\src\\components\\AnimatedTabs.tsx:124","href":null,"text":"Learning Paths","selectorHint":"[data-loc=\"client\\src\\components\\AnimatedTabs.tsx:124\"]"}}}
[2026-08-05T16:13:57.035Z] {"timestamp":1785946436196,"kind":"click","url":"http://localhost:3000/#features","viewport":{"width":1159,"height":696},"payload":{"target":{"tag":"button","id":null,"name":null,"type":null,"role":"tab","ariaLabel":null,"testId":null,"dataLoc":"client\\src\\components\\AnimatedTabs.tsx:124","href":null,"text":"Learning Paths","selectorHint":"[data-loc=\"client\\src\\components\\AnimatedTabs.tsx:124\"]"},"x":345,"y":391}}
[2026-08-05T16:13:57.035Z] {"timestamp":1785946436488,"kind":"scroll","url":"http://localhost:3000/#features","viewport":{"width":1159,"height":696},"payload":{"scrollX":0,"scrollY":1987.199951171875,"documentHeight":12412,"viewportHeight":696}}
[2026-08-05T16:13:59.033Z] {"timestamp":1785946437134,"kind":"focusout","url":"http://localhost:3000/#features","viewport":{"width":1159,"height":696},"payload":{"target":{"tag":"button","id":null,"name":null,"type":null,"role":"tab","ariaLabel":null,"testId":null,"dataLoc":"client\\src\\components\\AnimatedTabs.tsx:124","href":null,"text":"Learning Paths","selectorHint":"[data-loc=\"client\\src\\components\\AnimatedTabs.tsx:124\"]"},"value":null}}
[2026-08-05T16:13:59.033Z] {"timestamp":1785946437135,"kind":"focusin","url":"http://localhost:3000/#features","viewport":{"width":1159,"height":696},"payload":{"target":{"tag":"button","id":null,"name":null,"type":null,"role":"tab","ariaLabel":null,"testId":null,"dataLoc":"client\\src\\components\\AnimatedTabs.tsx:124","href":null,"text":"Community","selectorHint":"[data-loc=\"client\\src\\components\\AnimatedTabs.tsx:124\"]"}}}
[2026-08-05T16:13:59.033Z] {"timestamp":1785946437361,"kind":"click","url":"http://localhost:3000/#features","viewport":{"width":1159,"height":696},"payload":{"target":{"tag":"button","id":null,"name":null,"type":null,"role":"tab","ariaLabel":null,"testId":null,"dataLoc":"client\\src\\components\\AnimatedTabs.tsx:124","href":null,"text":"Community","selectorHint":"[data-loc=\"client\\src\\components\\AnimatedTabs.tsx:124\"]"},"x":491,"y":388}}
[2026-08-05T16:13:59.033Z] {"timestamp":1785946438532,"kind":"focusout","url":"http://localhost:3000/#features","viewport":{"width":1159,"height":696},"payload":{"target":{"tag":"button","id":null,"name":null,"type":null,"role":"tab","ariaLabel":null,"testId":null,"dataLoc":"client\\src\\components\\AnimatedTabs.tsx:124","href":null,"text":"Community","selectorHint":"[data-loc=\"client\\src\\components\\AnimatedTabs.tsx:124\"]"},"value":null}}
[2026-08-05T16:13:59.033Z] {"timestamp":1785946438532,"kind":"focusin","url":"http://localhost:3000/#features","viewport":{"width":1159,"height":696},"payload":{"target":{"tag":"a","id":null,"name":null,"type":null,"role":null,"ariaLabel":null,"testId":null,"dataLoc":"client\\src\\components\\Header.tsx:48","href":"#about","text":"About","selectorHint":"[data-loc=\"client\\src\\components\\Header.tsx:48\"]"}}}
[2026-08-05T16:13:59.033Z] {"timestamp":1785946438605,"kind":"scroll","url":"http://localhost:3000/#features","viewport":{"width":1159,"height":696},"payload":{"scrollX":0,"scrollY":2040.800048828125,"documentHeight":12466,"viewportHeight":696}}
[2026-08-05T16:13:59.033Z] {"timestamp":1785946438753,"kind":"click","url":"http://localhost:3000/#features","viewport":{"width":1159,"height":696},"payload":{"target":{"tag":"a","id":null,"name":null,"type":null,"role":null,"ariaLabel":null,"testId":null,"dataLoc":"client\\src\\components\\Header.tsx:48","href":"#about","text":"About","selectorHint":"[data-loc=\"client\\src\\components\\Header.tsx:48\"]"},"x":377,"y":29}}
[2026-08-05T16:13:59.034Z] {"timestamp":1785946438754,"kind":"navigate","url":"http://localhost:3000/#about","viewport":{"width":1159,"height":696},"payload":{"reason":"popstate"}}
[2026-08-05T16:13:59.034Z] {"timestamp":1785946438755,"kind":"focusout","url":"http://localhost:3000/#about","viewport":{"width":1159,"height":696},"payload":{"target":{"tag":"a","id":null,"name":null,"type":null,"role":null,"ariaLabel":null,"testId":null,"dataLoc":"client\\src\\components\\Header.tsx:48","href":"#about","text":"About","selectorHint":"[data-loc=\"client\\src\\components\\Header.tsx:48\"]"},"value":null}}
[2026-08-05T16:13:59.034Z] {"timestamp":1785946438763,"kind":"navigate","url":"http://localhost:3000/#about","viewport":{"width":1159,"height":696},"payload":{"reason":"hashchange"}}
[2026-08-05T16:14:01.045Z] {"timestamp":1785946439106,"kind":"scroll","url":"http://localhost:3000/#about","viewport":{"width":1159,"height":696},"payload":{"scrollX":0,"scrollY":1341.5999755859375,"documentHeight":12466,"viewportHeight":696}}
[2026-08-05T16:14:01.045Z] {"timestamp":1785946440739,"kind":"scroll","url":"http://localhost:3000/#about","viewport":{"width":1159,"height":696},"payload":{"scrollX":0,"scrollY":1248.800048828125,"documentHeight":12412,"viewportHeight":696}}
[2026-08-05T16:14:07.033Z] {"timestamp":1785946446624,"kind":"scroll","url":"http://localhost:3000/#about","viewport":{"width":1159,"height":696},"payload":{"scrollX":0,"scrollY":1302.4000244140625,"documentHeight":12466,"viewportHeight":696}}
[2026-08-05T16:14:09.050Z] {"timestamp":1785946448873,"kind":"scroll","url":"http://localhost:3000/#about","viewport":{"width":1159,"height":696},"payload":{"scrollX":0,"scrollY":1248.800048828125,"documentHeight":12412,"viewportHeight":696}}
[2026-08-05T16:14:13.051Z] {"timestamp":1785946451039,"kind":"scroll","url":"http://localhost:3000/#about","viewport":{"width":1159,"height":696},"payload":{"scrollX":0,"scrollY":1302.4000244140625,"documentHeight":12466,"viewportHeight":696}}
[2026-08-05T16:14:13.051Z] {"timestamp":1785946452959,"kind":"scroll","url":"http://localhost:3000/#about","viewport":{"width":1159,"height":696},"payload":{"scrollX":0,"scrollY":1248.800048828125,"documentHeight":12412,"viewportHeight":696}}
[2026-08-05T16:14:17.039Z] {"timestamp":1785946455190,"kind":"scroll","url":"http://localhost:3000/#about","viewport":{"width":1159,"height":696},"payload":{"scrollX":0,"scrollY":1302.4000244140625,"documentHeight":12466,"viewportHeight":696}}
[2026-08-05T16:14:19.037Z] {"timestamp":1785946457378,"kind":"scroll","url":"http://localhost:3000/#about","viewport":{"width":1159,"height":696},"payload":{"scrollX":0,"scrollY":1248.800048828125,"documentHeight":12412,"viewportHeight":696}}
[2026-08-05T16:14:25.035Z] {"timestamp":1785946463407,"kind":"scroll","url":"http://localhost:3000/#about","viewport":{"width":1159,"height":696},"payload":{"scrollX":0,"scrollY":1302.4000244140625,"documentHeight":12466,"viewportHeight":696}}
[2026-08-05T16:14:25.035Z] {"timestamp":1785946464591,"kind":"scroll","url":"http://localhost:3000/#about","viewport":{"width":1159,"height":696},"payload":{"scrollX":0,"scrollY":1280.800048828125,"documentHeight":12466,"viewportHeight":696}}
[2026-08-05T16:14:27.035Z] {"timestamp":1785946465175,"kind":"scroll","url":"http://localhost:3000/#about","viewport":{"width":1159,"height":696},"payload":{"scrollX":0,"scrollY":846.4000244140625,"documentHeight":12466,"viewportHeight":696}}
[2026-08-05T16:14:27.035Z] {"timestamp":1785946465908,"kind":"scroll","url":"http://localhost:3000/#about","viewport":{"width":1159,"height":696},"payload":{"scrollX":0,"scrollY":28,"documentHeight":12412,"viewportHeight":696}}
[2026-08-05T16:14:27.035Z] {"timestamp":1785946466407,"kind":"scroll","url":"http://localhost:3000/#about","viewport":{"width":1159,"height":696},"payload":{"scrollX":0,"scrollY":399.20001220703125,"documentHeight":12412,"viewportHeight":696}}
[2026-08-05T16:14:27.035Z] {"timestamp":1785946466933,"kind":"scroll","url":"http://localhost:3000/#about","viewport":{"width":1159,"height":696},"payload":{"scrollX":0,"scrollY":288,"documentHeight":12412,"viewportHeight":696}}
[2026-08-05T16:14:29.033Z] {"timestamp":1785946467583,"kind":"focusin","url":"http://localhost:3000/#about","viewport":{"width":1159,"height":696},"payload":{"target":{"tag":"a","id":null,"name":null,"type":null,"role":null,"ariaLabel":null,"testId":null,"dataLoc":"client\\src\\components\\HeroSection.tsx:93","href":"#contact","text":"Join the Chapter","selectorHint":"[data-loc=\"client\\src\\components\\HeroSection.tsx:93\"]"}}}
[2026-08-05T16:14:29.033Z] {"timestamp":1785946467817,"kind":"click","url":"http://localhost:3000/#about","viewport":{"width":1159,"height":696},"payload":{"target":{"tag":"a","id":null,"name":null,"type":null,"role":null,"ariaLabel":null,"testId":null,"dataLoc":"client\\src\\components\\HeroSection.tsx:93","href":"#contact","text":"Join the Chapter","selectorHint":"[data-loc=\"client\\src\\components\\HeroSection.tsx:93\"]"},"x":157,"y":511}}
[2026-08-05T16:14:29.033Z] {"timestamp":1785946467818,"kind":"navigate","url":"http://localhost:3000/#contact","viewport":{"width":1159,"height":696},"payload":{"reason":"popstate"}}
[2026-08-05T16:14:29.033Z] {"timestamp":1785946467818,"kind":"focusout","url":"http://localhost:3000/#contact","viewport":{"width":1159,"height":696},"payload":{"target":{"tag":"a","id":null,"name":null,"type":null,"role":null,"ariaLabel":null,"testId":null,"dataLoc":"client\\src\\components\\HeroSection.tsx:93","href":"#contact","text":"Join the Chapter","selectorHint":"[data-loc=\"client\\src\\components\\HeroSection.tsx:93\"]"},"value":null}}
[2026-08-05T16:14:29.033Z] {"timestamp":1785946467836,"kind":"navigate","url":"http://localhost:3000/#contact","viewport":{"width":1159,"height":696},"payload":{"reason":"hashchange"}}
[2026-08-05T16:14:29.033Z] {"timestamp":1785946467857,"kind":"scroll","url":"http://localhost:3000/#contact","viewport":{"width":1159,"height":696},"payload":{"scrollX":0,"scrollY":257.6000061035156,"documentHeight":12466,"viewportHeight":696}}
[2026-08-05T16:14:29.033Z] {"timestamp":1785946468358,"kind":"scroll","url":"http://localhost:3000/#contact","viewport":{"width":1159,"height":696},"payload":{"scrollX":0,"scrollY":7432,"documentHeight":12466,"viewportHeight":696}}
[2026-08-05T16:14:29.033Z] {"timestamp":1785946468874,"kind":"scroll","url":"http://localhost:3000/#contact","viewport":{"width":1159,"height":696},"payload":{"scrollX":0,"scrollY":10451.2001953125,"documentHeight":12466,"viewportHeight":696}}
[2026-08-05T16:14:31.032Z] {"timestamp":1785946469692,"kind":"scroll","url":"http://localhost:3000/#contact","viewport":{"width":1159,"height":696},"payload":{"scrollX":0,"scrollY":10845.599609375,"documentHeight":12412,"viewportHeight":696}}
[2026-08-05T16:14:31.032Z] {"timestamp":1785946470660,"kind":"scroll","url":"http://localhost:3000/#contact","viewport":{"width":1159,"height":696},"payload":{"scrollX":0,"scrollY":11012,"documentHeight":12412,"viewportHeight":696}}
[2026-08-05T16:14:33.033Z] {"timestamp":1785946471807,"kind":"scroll","url":"http://localhost:3000/#contact","viewport":{"width":1159,"height":696},"payload":{"scrollX":0,"scrollY":11065.599609375,"documentHeight":12466,"viewportHeight":696}}
[2026-08-05T16:14:35.035Z] {"timestamp":1785946473833,"kind":"focusin","url":"http://localhost:3000/#contact","viewport":{"width":1159,"height":696},"payload":{"target":{"tag":"input","id":"animated-input-_r_k_","name":null,"type":"text","role":null,"ariaLabel":"Full Name","testId":null,"dataLoc":"client\\src\\components\\AnimatedInput.tsx:107","href":null,"text":"","selectorHint":"[data-loc=\"client\\src\\components\\AnimatedInput.tsx:107\"]"}}}
[2026-08-05T16:14:35.035Z] {"timestamp":1785946473980,"kind":"scroll","url":"http://localhost:3000/#contact","viewport":{"width":1159,"height":696},"payload":{"scrollX":0,"scrollY":11012,"documentHeight":12412,"viewportHeight":696}}
[2026-08-05T16:14:35.035Z] {"timestamp":1785946474059,"kind":"click","url":"http://localhost:3000/#contact","viewport":{"width":1159,"height":696},"payload":{"target":{"tag":"input","id":"animated-input-_r_k_","name":null,"type":"text","role":null,"ariaLabel":"Full Name","testId":null,"dataLoc":"client\\src\\components\\AnimatedInput.tsx:107","href":null,"text":"","selectorHint":"[data-loc=\"client\\src\\components\\AnimatedInput.tsx:107\"]"},"x":377,"y":216}}
[2026-08-05T16:14:37.033Z] {"timestamp":1785946476297,"kind":"focusout","url":"http://localhost:3000/#contact","viewport":{"width":1159,"height":696},"payload":{"target":{"tag":"input","id":"animated-input-_r_k_","name":null,"type":"text","role":null,"ariaLabel":"Full Name","testId":null,"dataLoc":"client\\src\\components\\AnimatedInput.tsx:107","href":null,"text":"","selectorHint":"[data-loc=\"client\\src\\components\\AnimatedInput.tsx:107\"]"},"value":""}}
[2026-08-05T16:14:37.033Z] {"timestamp":1785946476300,"kind":"focusin","url":"http://localhost:3000/#contact","viewport":{"width":1159,"height":696},"payload":{"target":{"tag":"input","id":"animated-input-_r_l_","name":null,"type":"text","role":null,"ariaLabel":"Email Address","testId":null,"dataLoc":"client\\src\\components\\AnimatedInput.tsx:107","href":null,"text":"","selectorHint":"[data-loc=\"client\\src\\components\\AnimatedInput.tsx:107\"]"}}}
[2026-08-05T16:14:37.033Z] {"timestamp":1785946476516,"kind":"click","url":"http://localhost:3000/#contact","viewport":{"width":1159,"height":696},"payload":{"target":{"tag":"input","id":"animated-input-_r_l_","name":null,"type":"text","role":null,"ariaLabel":"Email Address","testId":null,"dataLoc":"client\\src\\components\\AnimatedInput.tsx:107","href":null,"text":"","selectorHint":"[data-loc=\"client\\src\\components\\AnimatedInput.tsx:107\"]"},"x":313,"y":289}}
[2026-08-05T16:14:39.032Z] {"timestamp":1785946478354,"kind":"focusout","url":"http://localhost:3000/#contact","viewport":{"width":1159,"height":696},"payload":{"target":{"tag":"input","id":"animated-input-_r_l_","name":null,"type":"text","role":null,"ariaLabel":"Email Address","testId":null,"dataLoc":"client\\src\\components\\AnimatedInput.tsx:107","href":null,"text":"","selectorHint":"[data-loc=\"client\\src\\components\\AnimatedInput.tsx:107\"]"},"value":""}}
[2026-08-05T16:14:39.032Z] {"timestamp":1785946478358,"kind":"focusin","url":"http://localhost:3000/#contact","viewport":{"width":1159,"height":696},"payload":{"target":{"tag":"textarea","id":"contact-message","name":null,"type":null,"role":null,"ariaLabel":null,"testId":null,"dataLoc":"client\\src\\components\\ContactSection.tsx:116","href":null,"text":"","selectorHint":"[data-loc=\"client\\src\\components\\ContactSection.tsx:116\"]"}}}
[2026-08-05T16:14:39.032Z] {"timestamp":1785946478570,"kind":"click","url":"http://localhost:3000/#contact","viewport":{"width":1159,"height":696},"payload":{"target":{"tag":"textarea","id":"contact-message","name":null,"type":null,"role":null,"ariaLabel":null,"testId":null,"dataLoc":"client\\src\\components\\ContactSection.tsx:116","href":null,"text":"","selectorHint":"[data-loc=\"client\\src\\components\\ContactSection.tsx:116\"]"},"x":281,"y":413}}
[2026-08-05T16:14:41.034Z] {"timestamp":1785946479858,"kind":"scroll","url":"http://localhost:3000/#contact","viewport":{"width":1159,"height":696},"payload":{"scrollX":0,"scrollY":11065.599609375,"documentHeight":12466,"viewportHeight":696}}
[2026-08-05T16:14:41.034Z] {"timestamp":1785946480825,"kind":"scroll","url":"http://localhost:3000/#contact","viewport":{"width":1159,"height":696},"payload":{"scrollX":0,"scrollY":11097.599609375,"documentHeight":12466,"viewportHeight":696}}
[2026-08-05T16:14:43.032Z] {"timestamp":1785946481375,"kind":"scroll","url":"http://localhost:3000/#contact","viewport":{"width":1159,"height":696},"payload":{"scrollX":0,"scrollY":11228,"documentHeight":12466,"viewportHeight":696}}
[2026-08-05T16:14:43.032Z] {"timestamp":1785946482108,"kind":"scroll","url":"http://localhost:3000/#contact","viewport":{"width":1159,"height":696},"payload":{"scrollX":0,"scrollY":11174.400390625,"documentHeight":12412,"viewportHeight":696}}
[2026-08-05T16:14:45.033Z] {"timestamp":1785946484244,"kind":"scroll","url":"http://localhost:3000/#contact","viewport":{"width":1159,"height":696},"payload":{"scrollX":0,"scrollY":11228,"documentHeight":12466,"viewportHeight":696}}
[2026-08-05T16:14:47.033Z] {"timestamp":1785946486144,"kind":"scroll","url":"http://localhost:3000/#contact","viewport":{"width":1159,"height":696},"payload":{"scrollX":0,"scrollY":11174.400390625,"documentHeight":12412,"viewportHeight":696}}
[2026-08-05T16:14:49.044Z] {"timestamp":1785946487241,"kind":"scroll","url":"http://localhost:3000/#contact","viewport":{"width":1159,"height":696},"payload":{"scrollX":0,"scrollY":11173.599609375,"documentHeight":12412,"viewportHeight":696}}
[2026-08-05T16:14:49.044Z] {"timestamp":1785946488258,"kind":"scroll","url":"http://localhost:3000/#contact","viewport":{"width":1159,"height":696},"payload":{"scrollX":0,"scrollY":11187.2001953125,"documentHeight":12466,"viewportHeight":696}}
[2026-08-05T16:14:49.044Z] {"timestamp":1785946488877,"kind":"scroll","url":"http://localhost:3000/#contact","viewport":{"width":1159,"height":696},"payload":{"scrollX":0,"scrollY":11137.599609375,"documentHeight":12466,"viewportHeight":696}}
[2026-08-05T16:14:51.048Z] {"timestamp":1785946490396,"kind":"scroll","url":"http://localhost:3000/#contact","viewport":{"width":1159,"height":696},"payload":{"scrollX":0,"scrollY":11038.400390625,"documentHeight":12412,"viewportHeight":696}}
[2026-08-05T16:14:53.039Z] {"timestamp":1785946491614,"kind":"scroll","url":"http://localhost:3000/#contact","viewport":{"width":1159,"height":696},"payload":{"scrollX":0,"scrollY":11037.599609375,"documentHeight":12412,"viewportHeight":696}}
[2026-08-05T16:14:53.039Z] {"timestamp":1785946492160,"kind":"scroll","url":"http://localhost:3000/#contact","viewport":{"width":1159,"height":696},"payload":{"scrollX":0,"scrollY":10552.7998046875,"documentHeight":12412,"viewportHeight":696}}
[2026-08-05T16:14:53.039Z] {"timestamp":1785946492694,"kind":"scroll","url":"http://localhost:3000/#contact","viewport":{"width":1159,"height":696},"payload":{"scrollX":0,"scrollY":9218.400390625,"documentHeight":12412,"viewportHeight":696}}
[2026-08-05T16:14:55.041Z] {"timestamp":1785946493208,"kind":"scroll","url":"http://localhost:3000/#contact","viewport":{"width":1159,"height":696},"payload":{"scrollX":0,"scrollY":9966.400390625,"documentHeight":12412,"viewportHeight":696}}
[2026-08-05T16:14:55.041Z] {"timestamp":1785946493710,"kind":"scroll","url":"http://localhost:3000/#contact","viewport":{"width":1159,"height":696},"payload":{"scrollX":0,"scrollY":10994.400390625,"documentHeight":12412,"viewportHeight":696}}
[2026-08-05T16:14:55.041Z] {"timestamp":1785946494226,"kind":"scroll","url":"http://localhost:3000/#contact","viewport":{"width":1159,"height":696},"payload":{"scrollX":0,"scrollY":11064,"documentHeight":12412,"viewportHeight":696}}
[2026-08-05T16:14:55.041Z] {"timestamp":1785946494729,"kind":"scroll","url":"http://localhost:3000/#contact","viewport":{"width":1159,"height":696},"payload":{"scrollX":0,"scrollY":10936.7998046875,"documentHeight":12412,"viewportHeight":696}}
[2026-08-05T16:14:57.032Z] {"timestamp":1785946496109,"kind":"scroll","url":"http://localhost:3000/#contact","viewport":{"width":1159,"height":696},"payload":{"scrollX":0,"scrollY":10936,"documentHeight":12412,"viewportHeight":696}}
[2026-08-05T16:14:59.038Z] {"timestamp":1785946498103,"kind":"focusout","url":"http://localhost:3000/#contact","viewport":{"width":1159,"height":696},"payload":{"target":{"tag":"textarea","id":"contact-message","name":null,"type":null,"role":null,"ariaLabel":null,"testId":null,"dataLoc":"client\\src\\components\\ContactSection.tsx:116","href":null,"text":"","selectorHint":"[data-loc=\"client\\src\\components\\ContactSection.tsx:116\"]"},"value":""}}
[2026-08-05T16:14:59.038Z] {"timestamp":1785946498443,"kind":"scroll","url":"http://localhost:3000/#contact","viewport":{"width":1159,"height":696},"payload":{"scrollX":0,"scrollY":10936,"documentHeight":12412,"viewportHeight":696}}
[2026-08-05T16:15:01.039Z] {"timestamp":1785946500592,"kind":"scroll","url":"http://localhost:3000/#contact","viewport":{"width":1159,"height":696},"payload":{"scrollX":0,"scrollY":10989.599609375,"documentHeight":12466,"viewportHeight":696}}
[2026-08-05T16:15:03.035Z] {"timestamp":1785946502529,"kind":"scroll","url":"http://localhost:3000/#contact","viewport":{"width":1159,"height":696},"payload":{"scrollX":0,"scrollY":10936,"documentHeight":12412,"viewportHeight":696}}
[2026-08-05T16:15:05.033Z] {"timestamp":1785946504759,"kind":"scroll","url":"http://localhost:3000/#contact","viewport":{"width":1159,"height":696},"payload":{"scrollX":0,"scrollY":10989.599609375,"documentHeight":12466,"viewportHeight":696}}
[2026-08-05T16:15:07.039Z] {"timestamp":1785946506929,"kind":"scroll","url":"http://localhost:3000/#contact","viewport":{"width":1159,"height":696},"payload":{"scrollX":0,"scrollY":10936,"documentHeight":12412,"viewportHeight":696}}
[2026-08-05T16:15:13.038Z] {"timestamp":1785946512961,"kind":"scroll","url":"http://localhost:3000/#contact","viewport":{"width":1159,"height":696},"payload":{"scrollX":0,"scrollY":10989.599609375,"documentHeight":12466,"viewportHeight":696}}
[2026-08-05T16:15:17.035Z] {"timestamp":1785946515227,"kind":"scroll","url":"http://localhost:3000/#contact","viewport":{"width":1159,"height":696},"payload":{"scrollX":0,"scrollY":10936,"documentHeight":12412,"viewportHeight":696}}
[2026-08-05T16:15:19.036Z] {"timestamp":1785946517443,"kind":"scroll","url":"http://localhost:3000/#contact","viewport":{"width":1159,"height":696},"payload":{"scrollX":0,"scrollY":10989.599609375,"documentHeight":12466,"viewportHeight":696}}
[2026-08-05T16:15:21.034Z] {"timestamp":1785946519362,"kind":"scroll","url":"http://localhost:3000/#contact","viewport":{"width":1159,"height":696},"payload":{"scrollX":0,"scrollY":10936,"documentHeight":12412,"viewportHeight":696}}
[2026-08-05T16:15:23.035Z] {"timestamp":1785946521611,"kind":"scroll","url":"http://localhost:3000/#contact","viewport":{"width":1159,"height":696},"payload":{"scrollX":0,"scrollY":10989.599609375,"documentHeight":12466,"viewportHeight":696}}
[2026-08-05T16:15:25.037Z] {"timestamp":1785946523771,"kind":"scroll","url":"http://localhost:3000/#contact","viewport":{"width":1159,"height":696},"payload":{"scrollX":0,"scrollY":10936,"documentHeight":12412,"viewportHeight":696}}
[2026-08-05T16:15:27.033Z] {"timestamp":1785946526719,"kind":"focusin","url":"http://localhost:3000/#contact","viewport":{"width":1159,"height":696},"payload":{"target":{"tag":"textarea","id":"contact-message","name":null,"type":null,"role":null,"ariaLabel":null,"testId":null,"dataLoc":"client\\src\\components\\ContactSection.tsx:116","href":null,"text":"","selectorHint":"[data-loc=\"client\\src\\components\\ContactSection.tsx:116\"]"}}}
[2026-08-05T16:15:27.033Z] {"timestamp":1785946526721,"kind":"focusout","url":"http://localhost:3000/#contact","viewport":{"width":1159,"height":696},"payload":{"target":{"tag":"textarea","id":"contact-message","name":null,"type":null,"role":null,"ariaLabel":null,"testId":null,"dataLoc":"client\\src\\components\\ContactSection.tsx:116","href":null,"text":"","selectorHint":"[data-loc=\"client\\src\\components\\ContactSection.tsx:116\"]"},"value":""}}
[2026-08-05T16:15:27.033Z] {"timestamp":1785946526736,"kind":"focusin","url":"http://localhost:3000/#contact","viewport":{"width":1159,"height":696},"payload":{"target":{"tag":"textarea","id":"contact-message","name":null,"type":null,"role":null,"ariaLabel":null,"testId":null,"dataLoc":"client\\src\\components\\ContactSection.tsx:116","href":null,"text":"","selectorHint":"[data-loc=\"client\\src\\components\\ContactSection.tsx:116\"]"}}}
[2026-08-05T16:15:31.033Z] {"timestamp":1785946529694,"kind":"scroll","url":"http://localhost:3000/#contact","viewport":{"width":1159,"height":696},"payload":{"scrollX":0,"scrollY":10989.599609375,"documentHeight":12466,"viewportHeight":696}}
[2026-08-05T16:15:33.033Z] {"timestamp":1785946531910,"kind":"scroll","url":"http://localhost:3000/#contact","viewport":{"width":1159,"height":696},"payload":{"scrollX":0,"scrollY":10936,"documentHeight":12412,"viewportHeight":696}}
[2026-08-05T16:15:35.034Z] {"timestamp":1785946534010,"kind":"scroll","url":"http://localhost:3000/#contact","viewport":{"width":1159,"height":696},"payload":{"scrollX":0,"scrollY":10989.599609375,"documentHeight":12466,"viewportHeight":696}}
[2026-08-05T16:15:37.036Z] {"timestamp":1785946535677,"kind":"scroll","url":"http://localhost:3000/#contact","viewport":{"width":1159,"height":696},"payload":{"scrollX":0,"scrollY":10988,"documentHeight":12466,"viewportHeight":696}}
[2026-08-05T16:15:37.036Z] {"timestamp":1785946536178,"kind":"scroll","url":"http://localhost:3000/#contact","viewport":{"width":1159,"height":696},"payload":{"scrollX":0,"scrollY":9686.400390625,"documentHeight":12412,"viewportHeight":696}}
[2026-08-05T16:15:37.036Z] {"timestamp":1785946536682,"kind":"scroll","url":"http://localhost:3000/#contact","viewport":{"width":1159,"height":696},"payload":{"scrollX":0,"scrollY":8388,"documentHeight":12412,"viewportHeight":696}}
[2026-08-05T16:15:39.033Z] {"timestamp":1785946537196,"kind":"scroll","url":"http://localhost:3000/#contact","viewport":{"width":1159,"height":696},"payload":{"scrollX":0,"scrollY":7338.39990234375,"documentHeight":12412,"viewportHeight":696}}
[2026-08-05T16:15:39.033Z] {"timestamp":1785946537696,"kind":"scroll","url":"http://localhost:3000/#contact","viewport":{"width":1159,"height":696},"payload":{"scrollX":0,"scrollY":6426.39990234375,"documentHeight":12412,"viewportHeight":696}}
[2026-08-05T16:15:39.033Z] {"timestamp":1785946538198,"kind":"scroll","url":"http://localhost:3000/#contact","viewport":{"width":1159,"height":696},"payload":{"scrollX":0,"scrollY":5612,"documentHeight":12466,"viewportHeight":696}}
[2026-08-05T16:15:39.033Z] {"timestamp":1785946538714,"kind":"scroll","url":"http://localhost:3000/#contact","viewport":{"width":1159,"height":696},"payload":{"scrollX":0,"scrollY":4214.39990234375,"documentHeight":12466,"viewportHeight":696}}
[2026-08-05T16:15:41.035Z] {"timestamp":1785946539262,"kind":"scroll","url":"http://localhost:3000/#contact","viewport":{"width":1159,"height":696},"payload":{"scrollX":0,"scrollY":3110.39990234375,"documentHeight":12466,"viewportHeight":696}}
[2026-08-05T16:15:41.035Z] {"timestamp":1785946539763,"kind":"scroll","url":"http://localhost:3000/#contact","viewport":{"width":1159,"height":696},"payload":{"scrollX":0,"scrollY":2308,"documentHeight":12466,"viewportHeight":696}}
[2026-08-05T16:15:41.035Z] {"timestamp":1785946540265,"kind":"scroll","url":"http://localhost:3000/#contact","viewport":{"width":1159,"height":696},"payload":{"scrollX":0,"scrollY":1036.800048828125,"documentHeight":12412,"viewportHeight":696}}
[2026-08-05T16:15:41.035Z] {"timestamp":1785946540782,"kind":"scroll","url":"http://localhost:3000/#contact","viewport":{"width":1159,"height":696},"payload":{"scrollX":0,"scrollY":0,"documentHeight":12412,"viewportHeight":696}}
[2026-08-05T16:15:45.044Z] {"timestamp":1785946544965,"kind":"scroll","url":"http://localhost:3000/#contact","viewport":{"width":1159,"height":696},"payload":{"scrollX":0,"scrollY":24,"documentHeight":12412,"viewportHeight":696}}
[2026-08-05T16:15:47.048Z] {"timestamp":1785946545480,"kind":"scroll","url":"http://localhost:3000/#contact","viewport":{"width":1159,"height":696},"payload":{"scrollX":0,"scrollY":1348,"documentHeight":12412,"viewportHeight":696}}
[2026-08-05T16:15:47.048Z] {"timestamp":1785946545981,"kind":"scroll","url":"http://localhost:3000/#contact","viewport":{"width":1159,"height":696},"payload":{"scrollX":0,"scrollY":2101.60009765625,"documentHeight":12466,"viewportHeight":696}}
[2026-08-05T16:15:47.048Z] {"timestamp":1785946546513,"kind":"scroll","url":"http://localhost:3000/#contact","viewport":{"width":1159,"height":696},"payload":{"scrollX":0,"scrollY":2018.4000244140625,"documentHeight":12466,"viewportHeight":696}}
[2026-08-05T16:15:49.048Z] {"timestamp":1785946547148,"kind":"scroll","url":"http://localhost:3000/#contact","viewport":{"width":1159,"height":696},"payload":{"scrollX":0,"scrollY":3097.60009765625,"documentHeight":12466,"viewportHeight":696}}
[2026-08-05T16:15:49.048Z] {"timestamp":1785946547665,"kind":"scroll","url":"http://localhost:3000/#contact","viewport":{"width":1159,"height":696},"payload":{"scrollX":0,"scrollY":3877.60009765625,"documentHeight":12466,"viewportHeight":696}}
[2026-08-05T16:15:49.048Z] {"timestamp":1785946548165,"kind":"scroll","url":"http://localhost:3000/#contact","viewport":{"width":1159,"height":696},"payload":{"scrollX":0,"scrollY":3960,"documentHeight":12466,"viewportHeight":696}}
[2026-08-05T16:15:49.048Z] {"timestamp":1785946548948,"kind":"scroll","url":"http://localhost:3000/#contact","viewport":{"width":1159,"height":696},"payload":{"scrollX":0,"scrollY":4569.60009765625,"documentHeight":12412,"viewportHeight":696}}
[2026-08-05T16:15:51.036Z] {"timestamp":1785946549449,"kind":"scroll","url":"http://localhost:3000/#contact","viewport":{"width":1159,"height":696},"payload":{"scrollX":0,"scrollY":5305.60009765625,"documentHeight":12412,"viewportHeight":696}}
[2026-08-05T16:15:51.036Z] {"timestamp":1785946549965,"kind":"scroll","url":"http://localhost:3000/#contact","viewport":{"width":1159,"height":696},"payload":{"scrollX":0,"scrollY":5201.60009765625,"documentHeight":12412,"viewportHeight":696}}
[2026-08-05T16:15:51.036Z] {"timestamp":1785946550467,"kind":"scroll","url":"http://localhost:3000/#contact","viewport":{"width":1159,"height":696},"payload":{"scrollX":0,"scrollY":6128,"documentHeight":12466,"viewportHeight":696}}
[2026-08-05T16:15:53.034Z] {"timestamp":1785946551179,"kind":"scroll","url":"http://localhost:3000/#contact","viewport":{"width":1159,"height":696},"payload":{"scrollX":0,"scrollY":6524.7998046875,"documentHeight":12466,"viewportHeight":696}}
[2026-08-05T16:15:53.034Z] {"timestamp":1785946551696,"kind":"scroll","url":"http://localhost:3000/#contact","viewport":{"width":1159,"height":696},"payload":{"scrollX":0,"scrollY":7353.60009765625,"documentHeight":12466,"viewportHeight":696}}
[2026-08-05T16:15:53.034Z] {"timestamp":1785946552215,"kind":"scroll","url":"http://localhost:3000/#contact","viewport":{"width":1159,"height":696},"payload":{"scrollX":0,"scrollY":7427.2001953125,"documentHeight":12412,"viewportHeight":696}}
[2026-08-05T16:15:55.037Z] {"timestamp":1785946554299,"kind":"scroll","url":"http://localhost:3000/#contact","viewport":{"width":1159,"height":696},"payload":{"scrollX":0,"scrollY":7480.7998046875,"documentHeight":12466,"viewportHeight":696}}
[2026-08-05T16:15:57.036Z] {"timestamp":1785946556449,"kind":"scroll","url":"http://localhost:3000/#contact","viewport":{"width":1159,"height":696},"payload":{"scrollX":0,"scrollY":7427.2001953125,"documentHeight":12412,"viewportHeight":696}}
[2026-08-05T16:16:03.037Z] {"timestamp":1785946562333,"kind":"scroll","url":"http://localhost:3000/#contact","viewport":{"width":1159,"height":696},"payload":{"scrollX":0,"scrollY":7480.7998046875,"documentHeight":12466,"viewportHeight":696}}
[2026-08-05T16:16:05.049Z] {"timestamp":1785946564551,"kind":"scroll","url":"http://localhost:3000/#contact","viewport":{"width":1159,"height":696},"payload":{"scrollX":0,"scrollY":7427.2001953125,"documentHeight":12412,"viewportHeight":696}}
[2026-08-05T16:16:07.035Z] {"timestamp":1785946566617,"kind":"scroll","url":"http://localhost:3000/#contact","viewport":{"width":1159,"height":696},"payload":{"scrollX":0,"scrollY":7480.7998046875,"documentHeight":12466,"viewportHeight":696}}
[2026-08-05T16:16:09.045Z] {"timestamp":1785946567446,"kind":"scroll","url":"http://localhost:3000/#contact","viewport":{"width":1159,"height":696},"payload":{"scrollX":0,"scrollY":7484,"documentHeight":12466,"viewportHeight":696}}
[2026-08-05T16:16:11.042Z] {"timestamp":1785946570558,"kind":"focusout","url":"http://localhost:3000/#contact","viewport":{"width":1159,"height":696},"payload":{"target":{"tag":"textarea","id":"contact-message","name":null,"type":null,"role":null,"ariaLabel":null,"testId":null,"dataLoc":"client\\src\\components\\ContactSection.tsx:116","href":null,"text":"","selectorHint":"[data-loc=\"client\\src\\components\\ContactSection.tsx:116\"]"},"value":""}}
[2026-08-05T16:16:11.042Z] {"timestamp":1785946570559,"kind":"focusin","url":"http://localhost:3000/#contact","viewport":{"width":1159,"height":696},"payload":{"target":{"tag":"button","id":null,"name":null,"type":null,"role":null,"ariaLabel":"View full image of Kartik Karnwal","testId":null,"dataLoc":"client\\src\\components\\TeamSection.tsx:56","href":null,"text":"","selectorHint":"[data-loc=\"client\\src\\components\\TeamSection.tsx:56\"]"}}}
[2026-08-05T16:16:11.042Z] {"timestamp":1785946570778,"kind":"click","url":"http://localhost:3000/#contact","viewport":{"width":1159,"height":696},"payload":{"target":{"tag":"img","id":null,"name":null,"type":null,"role":null,"ariaLabel":null,"testId":null,"dataLoc":"client\\src\\components\\TeamSection.tsx:63","href":null,"text":"","selectorHint":"[data-loc=\"client\\src\\components\\TeamSection.tsx:63\"]"},"x":435,"y":442}}
[2026-08-05T16:16:11.042Z] {"timestamp":1785946570936,"kind":"focusout","url":"http://localhost:3000/#contact","viewport":{"width":1159,"height":696},"payload":{"target":{"tag":"button","id":null,"name":null,"type":null,"role":null,"ariaLabel":"View full image of Kartik Karnwal","testId":null,"dataLoc":"client\\src\\components\\TeamSection.tsx:56","href":null,"text":"","selectorHint":"[data-loc=\"client\\src\\components\\TeamSection.tsx:56\"]"},"value":null}}
[2026-08-05T16:16:11.042Z] {"timestamp":1785946570937,"kind":"focusin","url":"http://localhost:3000/#contact","viewport":{"width":1159,"height":696},"payload":{"target":{"tag":"button","id":null,"name":null,"type":null,"role":null,"ariaLabel":null,"testId":null,"dataLoc":"client\\src\\components\\ui\\dialog.tsx:135","href":null,"text":"Close","selectorHint":"[data-loc=\"client\\src\\components\\ui\\dialog.tsx:135\"]"}}}
[2026-08-05T16:16:17.036Z] {"timestamp":1785946575062,"kind":"click","url":"http://localhost:3000/#contact","viewport":{"width":1159,"height":696},"payload":{"target":{"tag":"button","id":null,"name":null,"type":null,"role":null,"ariaLabel":null,"testId":null,"dataLoc":"client\\src\\components\\ui\\dialog.tsx:135","href":null,"text":"Close","selectorHint":"[data-loc=\"client\\src\\components\\ui\\dialog.tsx:135\"]"},"x":812,"y":63}}
[2026-08-05T16:16:17.036Z] {"timestamp":1785946575353,"kind":"focusout","url":"http://localhost:3000/#contact","viewport":{"width":1159,"height":696},"payload":{"target":{"tag":"button","id":null,"name":null,"type":null,"role":null,"ariaLabel":null,"testId":null,"dataLoc":"client\\src\\components\\ui\\dialog.tsx:135","href":null,"text":"Close","selectorHint":"[data-loc=\"client\\src\\components\\ui\\dialog.tsx:135\"]"},"value":null}}
[2026-08-05T16:16:19.040Z] {"timestamp":1785946577464,"kind":"scroll","url":"http://localhost:3000/#contact","viewport":{"width":1159,"height":696},"payload":{"scrollX":0,"scrollY":7836,"documentHeight":12412,"viewportHeight":696}}
[2026-08-05T16:16:19.040Z] {"timestamp":1785946577966,"kind":"scroll","url":"http://localhost:3000/#contact","viewport":{"width":1159,"height":696},"payload":{"scrollX":0,"scrollY":8157.60009765625,"documentHeight":12412,"viewportHeight":696}}
[2026-08-05T16:16:19.040Z] {"timestamp":1785946578802,"kind":"scroll","url":"http://localhost:3000/#contact","viewport":{"width":1159,"height":696},"payload":{"scrollX":0,"scrollY":8330.400390625,"documentHeight":12466,"viewportHeight":696}}
[2026-08-05T16:16:23.039Z] {"timestamp":1785946581082,"kind":"scroll","url":"http://localhost:3000/#contact","viewport":{"width":1159,"height":696},"payload":{"scrollX":0,"scrollY":8276.7998046875,"documentHeight":12412,"viewportHeight":696}}
[2026-08-05T16:16:25.042Z] {"timestamp":1785946583365,"kind":"scroll","url":"http://localhost:3000/#contact","viewport":{"width":1159,"height":696},"payload":{"scrollX":0,"scrollY":8330.400390625,"documentHeight":12466,"viewportHeight":696}}
[2026-08-05T16:16:27.040Z] {"timestamp":1785946585282,"kind":"scroll","url":"http://localhost:3000/#contact","viewport":{"width":1159,"height":696},"payload":{"scrollX":0,"scrollY":8276.7998046875,"documentHeight":12412,"viewportHeight":696}}
[2026-08-05T16:16:29.039Z] {"timestamp":1785946587532,"kind":"scroll","url":"http://localhost:3000/#contact","viewport":{"width":1159,"height":696},"payload":{"scrollX":0,"scrollY":8330.400390625,"documentHeight":12466,"viewportHeight":696}}
[2026-08-05T16:16:31.042Z] {"timestamp":1785946589700,"kind":"scroll","url":"http://localhost:3000/#contact","viewport":{"width":1159,"height":696},"payload":{"scrollX":0,"scrollY":8276.7998046875,"documentHeight":12412,"viewportHeight":696}}
[2026-08-05T16:16:35.034Z] {"timestamp":1785946593100,"kind":"scroll","url":"http://localhost:3000/#contact","viewport":{"width":1159,"height":696},"payload":{"scrollX":0,"scrollY":8096,"documentHeight":12412,"viewportHeight":696}}
[2026-08-05T16:16:35.034Z] {"timestamp":1785946593601,"kind":"scroll","url":"http://localhost:3000/#contact","viewport":{"width":1159,"height":696},"payload":{"scrollX":0,"scrollY":6748.7998046875,"documentHeight":12412,"viewportHeight":696}}
[2026-08-05T16:16:35.034Z] {"timestamp":1785946594102,"kind":"scroll","url":"http://localhost:3000/#contact","viewport":{"width":1159,"height":696},"payload":{"scrollX":0,"scrollY":5588,"documentHeight":12412,"viewportHeight":696}}
[2026-08-05T16:16:35.034Z] {"timestamp":1785946594616,"kind":"scroll","url":"http://localhost:3000/#contact","viewport":{"width":1159,"height":696},"payload":{"scrollX":0,"scrollY":4609.60009765625,"documentHeight":12412,"viewportHeight":696}}
[2026-08-05T16:16:37.075Z] {"timestamp":1785946595116,"kind":"scroll","url":"http://localhost:3000/#contact","viewport":{"width":1159,"height":696},"payload":{"scrollX":0,"scrollY":4015.199951171875,"documentHeight":12412,"viewportHeight":696}}
[2026-08-05T16:16:37.075Z] {"timestamp":1785946595632,"kind":"scroll","url":"http://localhost:3000/#contact","viewport":{"width":1159,"height":696},"payload":{"scrollX":0,"scrollY":3976.800048828125,"documentHeight":12412,"viewportHeight":696}}
[2026-08-05T16:16:37.075Z] {"timestamp":1785946596016,"kind":"click","url":"http://localhost:3000/#contact","viewport":{"width":1159,"height":696},"payload":{"target":{"tag":"div","id":null,"name":null,"type":null,"role":null,"ariaLabel":null,"testId":null,"dataLoc":"client\\src\\components\\AchievementsSection.tsx:49","href":null,"text":"2024 Day 1 Chapter Founded Started with 20 members and a shared goal: build a re…","selectorHint":"[data-loc=\"client\\src\\components\\AchievementsSection.tsx:49\"]"},"x":389,"y":333}}
[2026-08-05T16:16:39.049Z] {"timestamp":1785946598447,"kind":"scroll","url":"http://localhost:3000/#contact","viewport":{"width":1159,"height":696},"payload":{"scrollX":0,"scrollY":3976.800048828125,"documentHeight":12412,"viewportHeight":696}}
[2026-08-05T16:16:41.040Z] {"timestamp":1785946600559,"kind":"scroll","url":"http://localhost:3000/#contact","viewport":{"width":1159,"height":696},"payload":{"scrollX":0,"scrollY":4031.199951171875,"documentHeight":12466,"viewportHeight":696}}
[2026-08-05T16:16:43.043Z] {"timestamp":1785946602471,"kind":"scroll","url":"http://localhost:3000/#contact","viewport":{"width":1159,"height":696},"payload":{"scrollX":0,"scrollY":3976.800048828125,"documentHeight":12412,"viewportHeight":696}}
[2026-08-05T16:16:45.040Z] {"timestamp":1785946604648,"kind":"scroll","url":"http://localhost:3000/#contact","viewport":{"width":1159,"height":696},"payload":{"scrollX":0,"scrollY":4031.199951171875,"documentHeight":12466,"viewportHeight":696}}
[2026-08-05T16:16:47.035Z] {"timestamp":1785946606799,"kind":"scroll","url":"http://localhost:3000/#contact","viewport":{"width":1159,"height":696},"payload":{"scrollX":0,"scrollY":3976.800048828125,"documentHeight":12412,"viewportHeight":696}}
[2026-08-05T16:16:53.038Z] {"timestamp":1785946612667,"kind":"scroll","url":"http://localhost:3000/#contact","viewport":{"width":1159,"height":696},"payload":{"scrollX":0,"scrollY":4031.199951171875,"documentHeight":12466,"viewportHeight":696}}
[2026-08-05T16:16:55.047Z] {"timestamp":1785946614918,"kind":"scroll","url":"http://localhost:3000/#contact","viewport":{"width":1159,"height":696},"payload":{"scrollX":0,"scrollY":3976.800048828125,"documentHeight":12412,"viewportHeight":696}}
[2026-08-05T16:16:59.058Z] {"timestamp":1785946617135,"kind":"scroll","url":"http://localhost:3000/#contact","viewport":{"width":1159,"height":696},"payload":{"scrollX":0,"scrollY":4031.199951171875,"documentHeight":12466,"viewportHeight":696}}
[2026-08-05T16:16:59.058Z] {"timestamp":1785946619053,"kind":"scroll","url":"http://localhost:3000/#contact","viewport":{"width":1159,"height":696},"payload":{"scrollX":0,"scrollY":3976.800048828125,"documentHeight":12412,"viewportHeight":696}}
[2026-08-05T16:17:03.039Z] {"timestamp":1785946621368,"kind":"scroll","url":"http://localhost:3000/#contact","viewport":{"width":1159,"height":696},"payload":{"scrollX":0,"scrollY":4031.199951171875,"documentHeight":12466,"viewportHeight":696}}
[2026-08-05T16:17:05.036Z] {"timestamp":1785946623537,"kind":"scroll","url":"http://localhost:3000/#contact","viewport":{"width":1159,"height":696},"payload":{"scrollX":0,"scrollY":3976.800048828125,"documentHeight":12412,"viewportHeight":696}}
[2026-08-05T16:17:11.034Z] {"timestamp":1785946629551,"kind":"scroll","url":"http://localhost:3000/#contact","viewport":{"width":1159,"height":696},"payload":{"scrollX":0,"scrollY":4031.199951171875,"documentHeight":12466,"viewportHeight":696}}
[2026-08-05T16:17:13.043Z] {"timestamp":1785946631784,"kind":"scroll","url":"http://localhost:3000/#contact","viewport":{"width":1159,"height":696},"payload":{"scrollX":0,"scrollY":3976.800048828125,"documentHeight":12412,"viewportHeight":696}}
[2026-08-05T16:17:15.034Z] {"timestamp":1785946634000,"kind":"scroll","url":"http://localhost:3000/#contact","viewport":{"width":1159,"height":696},"payload":{"scrollX":0,"scrollY":4031.199951171875,"documentHeight":12466,"viewportHeight":696}}
[2026-08-05T16:17:17.046Z] {"timestamp":1785946635921,"kind":"scroll","url":"http://localhost:3000/#contact","viewport":{"width":1159,"height":696},"payload":{"scrollX":0,"scrollY":3976.800048828125,"documentHeight":12412,"viewportHeight":696}}
[2026-08-05T16:17:19.044Z] {"timestamp":1785946638101,"kind":"scroll","url":"http://localhost:3000/#contact","viewport":{"width":1159,"height":696},"payload":{"scrollX":0,"scrollY":4031.199951171875,"documentHeight":12466,"viewportHeight":696}}
[2026-08-05T16:17:21.040Z] {"timestamp":1785946640268,"kind":"scroll","url":"http://localhost:3000/#contact","viewport":{"width":1159,"height":696},"payload":{"scrollX":0,"scrollY":3976.800048828125,"documentHeight":12412,"viewportHeight":696}}
[2026-08-05T16:17:27.052Z] {"timestamp":1785946646320,"kind":"scroll","url":"http://localhost:3000/#contact","viewport":{"width":1159,"height":696},"payload":{"scrollX":0,"scrollY":4031.199951171875,"documentHeight":12466,"viewportHeight":696}}
[2026-08-05T16:17:29.044Z] {"timestamp":1785946648586,"kind":"scroll","url":"http://localhost:3000/#contact","viewport":{"width":1159,"height":696},"payload":{"scrollX":0,"scrollY":3976.800048828125,"documentHeight":12412,"viewportHeight":696}}
[2026-08-05T16:17:31.048Z] {"timestamp":1785946650751,"kind":"scroll","url":"http://localhost:3000/#contact","viewport":{"width":1159,"height":696},"payload":{"scrollX":0,"scrollY":4031.199951171875,"documentHeight":12466,"viewportHeight":696}}
[2026-08-05T16:17:33.041Z] {"timestamp":1785946652668,"kind":"scroll","url":"http://localhost:3000/#contact","viewport":{"width":1159,"height":696},"payload":{"scrollX":0,"scrollY":3976.800048828125,"documentHeight":12412,"viewportHeight":696}}
[2026-08-05T16:17:35.036Z] {"timestamp":1785946654885,"kind":"scroll","url":"http://localhost:3000/#contact","viewport":{"width":1159,"height":696},"payload":{"scrollX":0,"scrollY":4031.199951171875,"documentHeight":12466,"viewportHeight":696}}
[2026-08-05T16:17:39.042Z] {"timestamp":1785946657052,"kind":"scroll","url":"http://localhost:3000/#contact","viewport":{"width":1159,"height":696},"payload":{"scrollX":0,"scrollY":3976.800048828125,"documentHeight":12412,"viewportHeight":696}}
[2026-08-05T16:17:45.045Z] {"timestamp":1785946663070,"kind":"scroll","url":"http://localhost:3000/#contact","viewport":{"width":1159,"height":696},"payload":{"scrollX":0,"scrollY":4031.199951171875,"documentHeight":12466,"viewportHeight":696}}
[2026-08-05T16:17:47.037Z] {"timestamp":1785946665337,"kind":"scroll","url":"http://localhost:3000/#contact","viewport":{"width":1159,"height":696},"payload":{"scrollX":0,"scrollY":3976.800048828125,"documentHeight":12412,"viewportHeight":696}}
[2026-08-05T16:17:49.036Z] {"timestamp":1785946667520,"kind":"scroll","url":"http://localhost:3000/#contact","viewport":{"width":1159,"height":696},"payload":{"scrollX":0,"scrollY":4031.199951171875,"documentHeight":12466,"viewportHeight":696}}
[2026-08-05T16:17:51.043Z] {"timestamp":1785946669436,"kind":"scroll","url":"http://localhost:3000/#contact","viewport":{"width":1159,"height":696},"payload":{"scrollX":0,"scrollY":3976.800048828125,"documentHeight":12412,"viewportHeight":696}}
[2026-08-05T16:17:53.044Z] {"timestamp":1785946671621,"kind":"scroll","url":"http://localhost:3000/#contact","viewport":{"width":1159,"height":696},"payload":{"scrollX":0,"scrollY":4031.199951171875,"documentHeight":12466,"viewportHeight":696}}
[2026-08-05T16:17:55.048Z] {"timestamp":1785946673771,"kind":"scroll","url":"http://localhost:3000/#contact","viewport":{"width":1159,"height":696},"payload":{"scrollX":0,"scrollY":3976.800048828125,"documentHeight":12412,"viewportHeight":696}}
[2026-08-05T16:18:01.039Z] {"timestamp":1785946679820,"kind":"scroll","url":"http://localhost:3000/#contact","viewport":{"width":1159,"height":696},"payload":{"scrollX":0,"scrollY":4031.199951171875,"documentHeight":12466,"viewportHeight":696}}
[2026-08-05T16:18:03.034Z] {"timestamp":1785946682072,"kind":"scroll","url":"http://localhost:3000/#contact","viewport":{"width":1159,"height":696},"payload":{"scrollX":0,"scrollY":3976.800048828125,"documentHeight":12412,"viewportHeight":696}}
[2026-08-05T16:18:05.035Z] {"timestamp":1785946684255,"kind":"scroll","url":"http://localhost:3000/#contact","viewport":{"width":1159,"height":696},"payload":{"scrollX":0,"scrollY":4031.199951171875,"documentHeight":12466,"viewportHeight":696}}
[2026-08-05T16:18:07.035Z] {"timestamp":1785946686174,"kind":"scroll","url":"http://localhost:3000/#contact","viewport":{"width":1159,"height":696},"payload":{"scrollX":0,"scrollY":3976.800048828125,"documentHeight":12412,"viewportHeight":696}}
[2026-08-05T16:18:09.040Z] {"timestamp":1785946688438,"kind":"scroll","url":"http://localhost:3000/#contact","viewport":{"width":1159,"height":696},"payload":{"scrollX":0,"scrollY":4031.199951171875,"documentHeight":12466,"viewportHeight":696}}
[2026-08-05T16:18:11.043Z] {"timestamp":1785946689555,"kind":"scroll","url":"http://localhost:3000/#contact","viewport":{"width":1159,"height":696},"payload":{"scrollX":0,"scrollY":3980,"documentHeight":12466,"viewportHeight":696}}
[2026-08-05T16:18:11.043Z] {"timestamp":1785946690072,"kind":"scroll","url":"http://localhost:3000/#contact","viewport":{"width":1159,"height":696},"payload":{"scrollX":0,"scrollY":2248,"documentHeight":12466,"viewportHeight":696}}
[2026-08-05T16:18:11.043Z] {"timestamp":1785946690591,"kind":"scroll","url":"http://localhost:3000/#contact","viewport":{"width":1159,"height":696},"payload":{"scrollX":0,"scrollY":65.5999984741211,"documentHeight":12412,"viewportHeight":696}}
[2026-08-05T16:18:15.082Z] {"timestamp":1785946694663,"kind":"focusin","url":"http://localhost:3000/#contact","viewport":{"width":1159,"height":696},"payload":{"target":{"tag":"button","id":null,"name":null,"type":null,"role":"switch","ariaLabel":"Toggle dark mode","testId":null,"dataLoc":"client\\src\\components\\AnimatedToggle.tsx:114","href":null,"text":"","selectorHint":"[data-loc=\"client\\src\\components\\AnimatedToggle.tsx:114\"]"}}}
[2026-08-05T16:18:15.082Z] {"timestamp":1785946694884,"kind":"click","url":"http://localhost:3000/#contact","viewport":{"width":1159,"height":696},"payload":{"target":{"tag":"button","id":null,"name":null,"type":null,"role":"switch","ariaLabel":"Toggle dark mode","testId":null,"dataLoc":"client\\src\\components\\AnimatedToggle.tsx:114","href":null,"text":"","selectorHint":"[data-loc=\"client\\src\\components\\AnimatedToggle.tsx:114\"]"},"x":940,"y":31}}
[2026-08-05T16:18:19.047Z] {"timestamp":1785946697906,"kind":"scroll","url":"http://localhost:3000/#contact","viewport":{"width":1159,"height":696},"payload":{"scrollX":0,"scrollY":20,"documentHeight":12466,"viewportHeight":696}}
[2026-08-05T16:18:19.047Z] {"timestamp":1785946698507,"kind":"scroll","url":"http://localhost:3000/#contact","viewport":{"width":1159,"height":696},"payload":{"scrollX":0,"scrollY":239.1999969482422,"documentHeight":12466,"viewportHeight":696}}
[2026-08-05T16:18:21.038Z] {"timestamp":1785946699810,"kind":"scroll","url":"http://localhost:3000/#contact","viewport":{"width":1159,"height":696},"payload":{"scrollX":0,"scrollY":266.3999938964844,"documentHeight":12412,"viewportHeight":696}}
[2026-08-05T16:18:23.045Z] {"timestamp":1785946701539,"kind":"scroll","url":"http://localhost:3000/#contact","viewport":{"width":1159,"height":696},"payload":{"scrollX":0,"scrollY":402.3999938964844,"documentHeight":12466,"viewportHeight":696}}
[2026-08-05T16:18:23.045Z] {"timestamp":1785946702073,"kind":"scroll","url":"http://localhost:3000/#contact","viewport":{"width":1159,"height":696},"payload":{"scrollX":0,"scrollY":954.4000244140625,"documentHeight":12466,"viewportHeight":696}}
[2026-08-05T16:18:25.032Z] {"timestamp":1785946703105,"kind":"scroll","url":"http://localhost:3000/#contact","viewport":{"width":1159,"height":696},"payload":{"scrollX":0,"scrollY":1006.4000244140625,"documentHeight":12466,"viewportHeight":696}}
[2026-08-05T16:18:25.032Z] {"timestamp":1785946703607,"kind":"scroll","url":"http://localhost:3000/#contact","viewport":{"width":1159,"height":696},"payload":{"scrollX":0,"scrollY":2259.199951171875,"documentHeight":12412,"viewportHeight":696}}
[2026-08-05T16:18:25.032Z] {"timestamp":1785946704125,"kind":"scroll","url":"http://localhost:3000/#contact","viewport":{"width":1159,"height":696},"payload":{"scrollX":0,"scrollY":3070.39990234375,"documentHeight":12412,"viewportHeight":696}}
[2026-08-05T16:18:25.032Z] {"timestamp":1785946704642,"kind":"scroll","url":"http://localhost:3000/#contact","viewport":{"width":1159,"height":696},"payload":{"scrollX":0,"scrollY":3645.60009765625,"documentHeight":12412,"viewportHeight":696}}
[2026-08-05T16:18:27.040Z] {"timestamp":1785946705142,"kind":"scroll","url":"http://localhost:3000/#contact","viewport":{"width":1159,"height":696},"payload":{"scrollX":0,"scrollY":4446.39990234375,"documentHeight":12412,"viewportHeight":696}}
[2026-08-05T16:18:27.040Z] {"timestamp":1785946705656,"kind":"scroll","url":"http://localhost:3000/#contact","viewport":{"width":1159,"height":696},"payload":{"scrollX":0,"scrollY":4716.7998046875,"documentHeight":12466,"viewportHeight":696}}
[2026-08-05T16:18:27.040Z] {"timestamp":1785946706157,"kind":"scroll","url":"http://localhost:3000/#contact","viewport":{"width":1159,"height":696},"payload":{"scrollX":0,"scrollY":5301.60009765625,"documentHeight":12466,"viewportHeight":696}}
[2026-08-05T16:18:27.040Z] {"timestamp":1785946706657,"kind":"scroll","url":"http://localhost:3000/#contact","viewport":{"width":1159,"height":696},"payload":{"scrollX":0,"scrollY":4136,"documentHeight":12466,"viewportHeight":696}}
[2026-08-05T16:18:29.041Z] {"timestamp":1785946707174,"kind":"scroll","url":"http://localhost:3000/#contact","viewport":{"width":1159,"height":696},"payload":{"scrollX":0,"scrollY":3223.199951171875,"documentHeight":12466,"viewportHeight":696}}
[2026-08-05T16:18:29.041Z] {"timestamp":1785946707693,"kind":"scroll","url":"http://localhost:3000/#contact","viewport":{"width":1159,"height":696},"payload":{"scrollX":0,"scrollY":2843.199951171875,"documentHeight":12412,"viewportHeight":696}}
[2026-08-05T16:18:29.041Z] {"timestamp":1785946708207,"kind":"scroll","url":"http://localhost:3000/#contact","viewport":{"width":1159,"height":696},"payload":{"scrollX":0,"scrollY":2054.39990234375,"documentHeight":12412,"viewportHeight":696}}
[2026-08-05T16:18:29.041Z] {"timestamp":1785946708723,"kind":"scroll","url":"http://localhost:3000/#contact","viewport":{"width":1159,"height":696},"payload":{"scrollX":0,"scrollY":1344.800048828125,"documentHeight":12412,"viewportHeight":696}}
[2026-08-05T16:18:31.033Z] {"timestamp":1785946709241,"kind":"scroll","url":"http://localhost:3000/#contact","viewport":{"width":1159,"height":696},"payload":{"scrollX":0,"scrollY":4509.60009765625,"documentHeight":12412,"viewportHeight":696}}
[2026-08-05T16:18:31.033Z] {"timestamp":1785946709791,"kind":"scroll","url":"http://localhost:3000/#contact","viewport":{"width":1159,"height":696},"payload":{"scrollX":0,"scrollY":7418.39990234375,"documentHeight":12412,"viewportHeight":696}}
[2026-08-05T16:18:31.033Z] {"timestamp":1785946710291,"kind":"scroll","url":"http://localhost:3000/#contact","viewport":{"width":1159,"height":696},"payload":{"scrollX":0,"scrollY":8677.599609375,"documentHeight":12412,"viewportHeight":696}}
[2026-08-05T16:18:31.033Z] {"timestamp":1785946710791,"kind":"scroll","url":"http://localhost:3000/#contact","viewport":{"width":1159,"height":696},"payload":{"scrollX":0,"scrollY":9707.2001953125,"documentHeight":12412,"viewportHeight":696}}
[2026-08-05T16:18:33.056Z] {"timestamp":1785946711309,"kind":"scroll","url":"http://localhost:3000/#contact","viewport":{"width":1159,"height":696},"payload":{"scrollX":0,"scrollY":10893.599609375,"documentHeight":12412,"viewportHeight":696}}
[2026-08-05T16:18:33.056Z] {"timestamp":1785946711810,"kind":"scroll","url":"http://localhost:3000/#contact","viewport":{"width":1159,"height":696},"payload":{"scrollX":0,"scrollY":10966.400390625,"documentHeight":12412,"viewportHeight":696}}
[2026-08-05T16:18:33.056Z] {"timestamp":1785946712325,"kind":"scroll","url":"http://localhost:3000/#contact","viewport":{"width":1159,"height":696},"payload":{"scrollX":0,"scrollY":10644.7998046875,"documentHeight":12412,"viewportHeight":696}}
[2026-08-05T16:18:33.056Z] {"timestamp":1785946713022,"kind":"focusout","url":"http://localhost:3000/#contact","viewport":{"width":1159,"height":696},"payload":{"target":{"tag":"button","id":null,"name":null,"type":null,"role":"switch","ariaLabel":"Toggle dark mode","testId":null,"dataLoc":"client\\src\\components\\AnimatedToggle.tsx:114","href":null,"text":"","selectorHint":"[data-loc=\"client\\src\\components\\AnimatedToggle.tsx:114\"]"},"value":null}}
[2026-08-05T16:18:33.056Z] {"timestamp":1785946713023,"kind":"focusin","url":"http://localhost:3000/#contact","viewport":{"width":1159,"height":696},"payload":{"target":{"tag":"input","id":"animated-input-_r_k_","name":null,"type":"text","role":null,"ariaLabel":"Full Name","testId":null,"dataLoc":"client\\src\\components\\AnimatedInput.tsx:107","href":null,"text":"","selectorHint":"[data-loc=\"client\\src\\components\\AnimatedInput.tsx:107\"]"}}}
[2026-08-05T16:18:35.035Z] {"timestamp":1785946713128,"kind":"scroll","url":"http://localhost:3000/#contact","viewport":{"width":1159,"height":696},"payload":{"scrollX":0,"scrollY":10808.7998046875,"documentHeight":12466,"viewportHeight":696}}
[2026-08-05T16:18:35.035Z] {"timestamp":1785946713255,"kind":"click","url":"http://localhost:3000/#contact","viewport":{"width":1159,"height":696},"payload":{"target":{"tag":"input","id":"animated-input-_r_k_","name":null,"type":"text","role":null,"ariaLabel":"Full Name","testId":null,"dataLoc":"client\\src\\components\\AnimatedInput.tsx:107","href":null,"text":"","selectorHint":"[data-loc=\"client\\src\\components\\AnimatedInput.tsx:107\"]"},"x":469,"y":467}}
[2026-08-05T16:18:35.035Z] {"timestamp":1785946713739,"kind":"scroll","url":"http://localhost:3000/#contact","viewport":{"width":1159,"height":696},"payload":{"scrollX":0,"scrollY":10676,"documentHeight":12466,"viewportHeight":696}}
[2026-08-05T16:18:35.035Z] {"timestamp":1785946714240,"kind":"scroll","url":"http://localhost:3000/#contact","viewport":{"width":1159,"height":696},"payload":{"scrollX":0,"scrollY":8664.7998046875,"documentHeight":12466,"viewportHeight":696}}
[2026-08-05T16:18:35.035Z] {"timestamp":1785946714742,"kind":"scroll","url":"http://localhost:3000/#contact","viewport":{"width":1159,"height":696},"payload":{"scrollX":0,"scrollY":6028,"documentHeight":12466,"viewportHeight":696}}
[2026-08-05T16:18:37.034Z] {"timestamp":1785946715278,"kind":"scroll","url":"http://localhost:3000/#contact","viewport":{"width":1159,"height":696},"payload":{"scrollX":0,"scrollY":3942.39990234375,"documentHeight":12466,"viewportHeight":696}}
[2026-08-05T16:18:37.034Z] {"timestamp":1785946715793,"kind":"scroll","url":"http://localhost:3000/#contact","viewport":{"width":1159,"height":696},"payload":{"scrollX":0,"scrollY":1474.4000244140625,"documentHeight":12412,"viewportHeight":696}}
[2026-08-05T16:18:37.034Z] {"timestamp":1785946716294,"kind":"scroll","url":"http://localhost:3000/#contact","viewport":{"width":1159,"height":696},"payload":{"scrollX":0,"scrollY":649.5999755859375,"documentHeight":12412,"viewportHeight":696}}
[2026-08-05T16:18:39.036Z] {"timestamp":1785946717157,"kind":"focusout","url":"http://localhost:3000/#contact","viewport":{"width":1159,"height":696},"payload":{"target":{"tag":"input","id":"animated-input-_r_k_","name":null,"type":"text","role":null,"ariaLabel":"Full Name","testId":null,"dataLoc":"client\\src\\components\\AnimatedInput.tsx:107","href":null,"text":"","selectorHint":"[data-loc=\"client\\src\\components\\AnimatedInput.tsx:107\"]"},"value":""}}
[2026-08-05T16:18:39.036Z] {"timestamp":1785946717162,"kind":"focusin","url":"http://localhost:3000/#contact","viewport":{"width":1159,"height":696},"payload":{"target":{"tag":"a","id":null,"name":null,"type":null,"role":null,"ariaLabel":null,"testId":null,"dataLoc":"client\\src\\components\\HeroSection.tsx:93","href":"#contact","text":"Join the Chapter","selectorHint":"[data-loc=\"client\\src\\components\\HeroSection.tsx:93\"]"}}}
[2026-08-05T16:18:39.036Z] {"timestamp":1785946717381,"kind":"click","url":"http://localhost:3000/#contact","viewport":{"width":1159,"height":696},"payload":{"target":{"tag":"a","id":null,"name":null,"type":null,"role":null,"ariaLabel":null,"testId":null,"dataLoc":"client\\src\\components\\HeroSection.tsx:93","href":"#contact","text":"Join the Chapter","selectorHint":"[data-loc=\"client\\src\\components\\HeroSection.tsx:93\"]"},"x":227,"y":287}}
[2026-08-05T16:18:39.036Z] {"timestamp":1785946717382,"kind":"navigate","url":"http://localhost:3000/#contact","viewport":{"width":1159,"height":696},"payload":{"reason":"popstate"}}
[2026-08-05T16:18:39.036Z] {"timestamp":1785946717382,"kind":"focusout","url":"http://localhost:3000/#contact","viewport":{"width":1159,"height":696},"payload":{"target":{"tag":"a","id":null,"name":null,"type":null,"role":null,"ariaLabel":null,"testId":null,"dataLoc":"client\\src\\components\\HeroSection.tsx:93","href":"#contact","text":"Join the Chapter","selectorHint":"[data-loc=\"client\\src\\components\\HeroSection.tsx:93\"]"},"value":null}}
[2026-08-05T16:18:39.036Z] {"timestamp":1785946717422,"kind":"scroll","url":"http://localhost:3000/#contact","viewport":{"width":1159,"height":696},"payload":{"scrollX":0,"scrollY":524.7999877929688,"documentHeight":12412,"viewportHeight":696}}
[2026-08-05T16:18:39.036Z] {"timestamp":1785946717923,"kind":"scroll","url":"http://localhost:3000/#contact","viewport":{"width":1159,"height":696},"payload":{"scrollX":0,"scrollY":7480,"documentHeight":12466,"viewportHeight":696}}
[2026-08-05T16:18:39.036Z] {"timestamp":1785946718424,"kind":"scroll","url":"http://localhost:3000/#contact","viewport":{"width":1159,"height":696},"payload":{"scrollX":0,"scrollY":10373.599609375,"documentHeight":12466,"viewportHeight":696}}
[2026-08-05T16:18:41.033Z] {"timestamp":1785946719359,"kind":"scroll","url":"http://localhost:3000/#contact","viewport":{"width":1159,"height":696},"payload":{"scrollX":0,"scrollY":10792,"documentHeight":12412,"viewportHeight":696}}
[2026-08-05T16:18:41.033Z] {"timestamp":1785946720489,"kind":"scroll","url":"http://localhost:3000/#contact","viewport":{"width":1159,"height":696},"payload":{"scrollX":0,"scrollY":10832,"documentHeight":12412,"viewportHeight":696}}
[2026-08-05T16:18:41.033Z] {"timestamp":1785946720992,"kind":"scroll","url":"http://localhost:3000/#contact","viewport":{"width":1159,"height":696},"payload":{"scrollX":0,"scrollY":11191.2001953125,"documentHeight":12412,"viewportHeight":696}}
[2026-08-05T16:18:43.033Z] {"timestamp":1785946722356,"kind":"scroll","url":"http://localhost:3000/#contact","viewport":{"width":1159,"height":696},"payload":{"scrollX":0,"scrollY":11308.7998046875,"documentHeight":12466,"viewportHeight":696}}
[2026-08-05T16:18:45.033Z] {"timestamp":1785946723291,"kind":"scroll","url":"http://localhost:3000/#contact","viewport":{"width":1159,"height":696},"payload":{"scrollX":0,"scrollY":11374.400390625,"documentHeight":12466,"viewportHeight":696}}
[2026-08-05T16:18:45.033Z] {"timestamp":1785946724599,"kind":"click","url":"http://localhost:3000/#contact","viewport":{"width":1159,"height":696},"payload":{"target":{"tag":"div","id":null,"name":null,"type":null,"role":null,"ariaLabel":null,"testId":null,"dataLoc":"client\\src\\components\\ContactSection.tsx:171","href":null,"text":"Instagram @gfg.cu","selectorHint":"[data-loc=\"client\\src\\components\\ContactSection.tsx:171\"]"},"x":545,"y":492}}
[2026-08-05T16:18:47.037Z] {"timestamp":1785946725517,"kind":"click","url":"http://localhost:3000/#contact","viewport":{"width":1159,"height":696},"payload":{"target":{"tag":"div","id":null,"name":null,"type":null,"role":null,"ariaLabel":null,"testId":null,"dataLoc":"client\\src\\components\\ContactSection.tsx:175","href":null,"text":"","selectorHint":"[data-loc=\"client\\src\\components\\ContactSection.tsx:175\"]"},"x":573,"y":441}}
[2026-08-05T16:18:47.037Z] {"timestamp":1785946726047,"kind":"click","url":"http://localhost:3000/#contact","viewport":{"width":1159,"height":696},"payload":{"target":{"tag":"div","id":null,"name":null,"type":null,"role":null,"ariaLabel":null,"testId":null,"dataLoc":"client\\src\\components\\ContactSection.tsx:175","href":null,"text":"","selectorHint":"[data-loc=\"client\\src\\components\\ContactSection.tsx:175\"]"},"x":573,"y":441}}
[2026-08-05T16:18:47.037Z] {"timestamp":1785946726270,"kind":"click","url":"http://localhost:3000/#contact","viewport":{"width":1159,"height":696},"payload":{"target":{"tag":"div","id":null,"name":null,"type":null,"role":null,"ariaLabel":null,"testId":null,"dataLoc":"client\\src\\components\\ContactSection.tsx:175","href":null,"text":"","selectorHint":"[data-loc=\"client\\src\\components\\ContactSection.tsx:175\"]"},"x":573,"y":441}}
[2026-08-05T16:18:49.034Z] {"timestamp":1785946727764,"kind":"click","url":"http://localhost:3000/#contact","viewport":{"width":1159,"height":696},"payload":{"target":{"tag":"p","id":null,"name":null,"type":null,"role":null,"ariaLabel":null,"testId":null,"dataLoc":"client\\src\\components\\ContactSection.tsx:179","href":null,"text":"@gfg.cu","selectorHint":"[data-loc=\"client\\src\\components\\ContactSection.tsx:179\"]"},"x":602,"y":501}}
[2026-08-05T16:18:49.034Z] {"timestamp":1785946727951,"kind":"click","url":"http://localhost:3000/#contact","viewport":{"width":1159,"height":696},"payload":{"target":{"tag":"p","id":null,"name":null,"type":null,"role":null,"ariaLabel":null,"testId":null,"dataLoc":"client\\src\\components\\ContactSection.tsx:179","href":null,"text":"@gfg.cu","selectorHint":"[data-loc=\"client\\src\\components\\ContactSection.tsx:179\"]"},"x":602,"y":501}}
[2026-08-05T16:18:49.034Z] {"timestamp":1785946728168,"kind":"click","url":"http://localhost:3000/#contact","viewport":{"width":1159,"height":696},"payload":{"target":{"tag":"p","id":null,"name":null,"type":null,"role":null,"ariaLabel":null,"testId":null,"dataLoc":"client\\src\\components\\ContactSection.tsx:179","href":null,"text":"@gfg.cu","selectorHint":"[data-loc=\"client\\src\\components\\ContactSection.tsx:179\"]"},"x":602,"y":501}}
[2026-08-05T16:18:51.036Z] {"timestamp":1785946729063,"kind":"click","url":"http://localhost:3000/#contact","viewport":{"width":1159,"height":696},"payload":{"target":{"tag":"div","id":null,"name":null,"type":null,"role":null,"ariaLabel":null,"testId":null,"dataLoc":"client\\src\\components\\ContactSection.tsx:171","href":null,"text":"Instagram @gfg.cu","selectorHint":"[data-loc=\"client\\src\\components\\ContactSection.tsx:171\"]"},"x":457,"y":557}}
[2026-08-05T16:18:51.036Z] {"timestamp":1785946729390,"kind":"scroll","url":"http://localhost:3000/#contact","viewport":{"width":1159,"height":696},"payload":{"scrollX":0,"scrollY":11376,"documentHeight":12466,"viewportHeight":696}}
[2026-08-05T16:18:51.036Z] {"timestamp":1785946729892,"kind":"scroll","url":"http://localhost:3000/#contact","viewport":{"width":1159,"height":696},"payload":{"scrollX":0,"scrollY":10588,"documentHeight":12466,"viewportHeight":696}}
[2026-08-05T16:18:51.036Z] {"timestamp":1785946730391,"kind":"scroll","url":"http://localhost:3000/#contact","viewport":{"width":1159,"height":696},"payload":{"scrollX":0,"scrollY":10352.7998046875,"documentHeight":12466,"viewportHeight":696}}
[2026-08-05T16:18:51.036Z] {"timestamp":1785946730907,"kind":"scroll","url":"http://localhost:3000/#contact","viewport":{"width":1159,"height":696},"payload":{"scrollX":0,"scrollY":10477.599609375,"documentHeight":12466,"viewportHeight":696}}
[2026-08-05T16:18:53.034Z] {"timestamp":1785946731576,"kind":"scroll","url":"http://localhost:3000/#contact","viewport":{"width":1159,"height":696},"payload":{"scrollX":0,"scrollY":10248,"documentHeight":12466,"viewportHeight":696}}
[2026-08-05T16:18:53.034Z] {"timestamp":1785946732108,"kind":"scroll","url":"http://localhost:3000/#contact","viewport":{"width":1159,"height":696},"payload":{"scrollX":0,"scrollY":10450.400390625,"documentHeight":12412,"viewportHeight":696}}
[2026-08-05T16:18:53.034Z] {"timestamp":1785946732741,"kind":"scroll","url":"http://localhost:3000/#contact","viewport":{"width":1159,"height":696},"payload":{"scrollX":0,"scrollY":10827.2001953125,"documentHeight":12412,"viewportHeight":696}}
[2026-08-05T16:18:55.033Z] {"timestamp":1785946733242,"kind":"scroll","url":"http://localhost:3000/#contact","viewport":{"width":1159,"height":696},"payload":{"scrollX":0,"scrollY":10703.2001953125,"documentHeight":12412,"viewportHeight":696}}
[2026-08-05T16:18:55.033Z] {"timestamp":1785946733758,"kind":"scroll","url":"http://localhost:3000/#contact","viewport":{"width":1159,"height":696},"payload":{"scrollX":0,"scrollY":10321.599609375,"documentHeight":12466,"viewportHeight":696}}
[2026-08-05T16:18:57.033Z] {"timestamp":1785946735590,"kind":"scroll","url":"http://localhost:3000/#contact","viewport":{"width":1159,"height":696},"payload":{"scrollX":0,"scrollY":10256,"documentHeight":12412,"viewportHeight":696}}
[2026-08-05T16:18:59.047Z] {"timestamp":1785946737740,"kind":"scroll","url":"http://localhost:3000/#contact","viewport":{"width":1159,"height":696},"payload":{"scrollX":0,"scrollY":10309.599609375,"documentHeight":12466,"viewportHeight":696}}
[2026-08-05T16:18:59.047Z] {"timestamp":1785946739033,"kind":"focusin","url":"http://localhost:3000/#contact","viewport":{"width":1159,"height":696},"payload":{"target":{"tag":"button","id":"radix-_r_c_","name":null,"type":null,"role":null,"ariaLabel":null,"testId":null,"dataLoc":"client\\src\\components\\FAQSection.tsx:46","href":null,"text":"Is there a membership fee?","selectorHint":"[data-loc=\"client\\src\\components\\FAQSection.tsx:46\"]"}}}
[2026-08-05T16:19:01.036Z] {"timestamp":1785946739251,"kind":"click","url":"http://localhost:3000/#contact","viewport":{"width":1159,"height":696},"payload":{"target":{"tag":"button","id":"radix-_r_c_","name":null,"type":null,"role":null,"ariaLabel":null,"testId":null,"dataLoc":"client\\src\\components\\FAQSection.tsx:46","href":null,"text":"Is there a membership fee?","selectorHint":"[data-loc=\"client\\src\\components\\FAQSection.tsx:46\"]"},"x":323,"y":280}}
[2026-08-05T16:19:01.036Z] {"timestamp":1785946739911,"kind":"scroll","url":"http://localhost:3000/#contact","viewport":{"width":1159,"height":696},"payload":{"scrollX":0,"scrollY":10256,"documentHeight":12448,"viewportHeight":696}}
[2026-08-05T16:19:01.036Z] {"timestamp":1785946740395,"kind":"click","url":"http://localhost:3000/#contact","viewport":{"width":1159,"height":696},"payload":{"target":{"tag":"button","id":"radix-_r_c_","name":null,"type":null,"role":null,"ariaLabel":null,"testId":null,"dataLoc":"client\\src\\components\\FAQSection.tsx:46","href":null,"text":"Is there a membership fee?","selectorHint":"[data-loc=\"client\\src\\components\\FAQSection.tsx:46\"]"},"x":323,"y":280}}
[2026-08-05T16:19:03.036Z] {"timestamp":1785946741553,"kind":"focusout","url":"http://localhost:3000/#contact","viewport":{"width":1159,"height":696},"payload":{"target":{"tag":"button","id":"radix-_r_c_","name":null,"type":null,"role":null,"ariaLabel":null,"testId":null,"dataLoc":"client\\src\\components\\FAQSection.tsx:46","href":null,"text":"Is there a membership fee?","selectorHint":"[data-loc=\"client\\src\\components\\FAQSection.tsx:46\"]"},"value":null}}
[2026-08-05T16:19:03.036Z] {"timestamp":1785946741554,"kind":"focusin","url":"http://localhost:3000/#contact","viewport":{"width":1159,"height":696},"payload":{"target":{"tag":"button","id":"radix-_r_g_","name":null,"type":null,"role":null,"ariaLabel":null,"testId":null,"dataLoc":"client\\src\\components\\FAQSection.tsx:46","href":null,"text":"How do I actually join?","selectorHint":"[data-loc=\"client\\src\\components\\FAQSection.tsx:46\"]"}}}
[2026-08-05T16:19:03.036Z] {"timestamp":1785946741781,"kind":"click","url":"http://localhost:3000/#contact","viewport":{"width":1159,"height":696},"payload":{"target":{"tag":"button","id":"radix-_r_g_","name":null,"type":null,"role":null,"ariaLabel":null,"testId":null,"dataLoc":"client\\src\\components\\FAQSection.tsx:46","href":null,"text":"How do I actually join?","selectorHint":"[data-loc=\"client\\src\\components\\FAQSection.tsx:46\"]"},"x":287,"y":385}}
[2026-08-05T16:19:05.034Z] {"timestamp":1785946743130,"kind":"click","url":"http://localhost:3000/#contact","viewport":{"width":1159,"height":696},"payload":{"target":{"tag":"button","id":"radix-_r_g_","name":null,"type":null,"role":null,"ariaLabel":null,"testId":null,"dataLoc":"client\\src\\components\\FAQSection.tsx:46","href":null,"text":"How do I actually join?","selectorHint":"[data-loc=\"client\\src\\components\\FAQSection.tsx:46\"]"},"x":287,"y":385}}
[2026-08-05T16:19:07.036Z] {"timestamp":1785946745808,"kind":"scroll","url":"http://localhost:3000/#contact","viewport":{"width":1159,"height":696},"payload":{"scrollX":0,"scrollY":10309.599609375,"documentHeight":12466,"viewportHeight":696}}
[2026-08-05T16:19:09.033Z] {"timestamp":1785946748041,"kind":"scroll","url":"http://localhost:3000/#contact","viewport":{"width":1159,"height":696},"payload":{"scrollX":0,"scrollY":10256,"documentHeight":12412,"viewportHeight":696}}
[2026-08-05T16:19:11.034Z] {"timestamp":1785946749059,"kind":"scroll","url":"http://localhost:3000/#contact","viewport":{"width":1159,"height":696},"payload":{"scrollX":0,"scrollY":10172.7998046875,"documentHeight":12412,"viewportHeight":696}}
[2026-08-05T16:19:11.034Z] {"timestamp":1785946749559,"kind":"scroll","url":"http://localhost:3000/#contact","viewport":{"width":1159,"height":696},"payload":{"scrollX":0,"scrollY":8460,"documentHeight":12412,"viewportHeight":696}}
[2026-08-05T16:19:11.034Z] {"timestamp":1785946750074,"kind":"scroll","url":"http://localhost:3000/#contact","viewport":{"width":1159,"height":696},"payload":{"scrollX":0,"scrollY":8392,"documentHeight":12466,"viewportHeight":696}}
[2026-08-05T16:19:11.034Z] {"timestamp":1785946750307,"kind":"focusout","url":"http://localhost:3000/#contact","viewport":{"width":1159,"height":696},"payload":{"target":{"tag":"button","id":"radix-_r_g_","name":null,"type":null,"role":null,"ariaLabel":null,"testId":null,"dataLoc":"client\\src\\components\\FAQSection.tsx:46","href":null,"text":"How do I actually join?","selectorHint":"[data-loc=\"client\\src\\components\\FAQSection.tsx:46\"]"},"value":null}}
[2026-08-05T16:19:11.034Z] {"timestamp":1785946750307,"kind":"focusin","url":"http://localhost:3000/#contact","viewport":{"width":1159,"height":696},"payload":{"target":{"tag":"a","id":null,"name":null,"type":null,"role":null,"ariaLabel":null,"testId":null,"dataLoc":"client\\src\\components\\Header.tsx:48","href":"#events","text":"Events","selectorHint":"[data-loc=\"client\\src\\components\\Header.tsx:48\"]"}}}
[2026-08-05T16:19:11.034Z] {"timestamp":1785946750531,"kind":"click","url":"http://localhost:3000/#contact","viewport":{"width":1159,"height":696},"payload":{"target":{"tag":"a","id":null,"name":null,"type":null,"role":null,"ariaLabel":null,"testId":null,"dataLoc":"client\\src\\components\\Header.tsx:48","href":"#events","text":"Events","selectorHint":"[data-loc=\"client\\src\\components\\Header.tsx:48\"]"},"x":503,"y":28}}
[2026-08-05T16:19:11.034Z] {"timestamp":1785946750532,"kind":"navigate","url":"http://localhost:3000/#events","viewport":{"width":1159,"height":696},"payload":{"reason":"popstate"}}
[2026-08-05T16:19:11.034Z] {"timestamp":1785946750533,"kind":"focusout","url":"http://localhost:3000/#events","viewport":{"width":1159,"height":696},"payload":{"target":{"tag":"a","id":null,"name":null,"type":null,"role":null,"ariaLabel":null,"testId":null,"dataLoc":"client\\src\\components\\Header.tsx:48","href":"#events","text":"Events","selectorHint":"[data-loc=\"client\\src\\components\\Header.tsx:48\"]"},"value":null}}
[2026-08-05T16:19:11.034Z] {"timestamp":1785946750547,"kind":"navigate","url":"http://localhost:3000/#events","viewport":{"width":1159,"height":696},"payload":{"reason":"hashchange"}}
[2026-08-05T16:19:11.034Z] {"timestamp":1785946750574,"kind":"scroll","url":"http://localhost:3000/#events","viewport":{"width":1159,"height":696},"payload":{"scrollX":0,"scrollY":8384.7998046875,"documentHeight":12466,"viewportHeight":696}}
[2026-08-05T16:19:13.035Z] {"timestamp":1785946751074,"kind":"scroll","url":"http://localhost:3000/#events","viewport":{"width":1159,"height":696},"payload":{"scrollX":0,"scrollY":4249.60009765625,"documentHeight":12466,"viewportHeight":696}}
[2026-08-05T16:19:13.035Z] {"timestamp":1785946751575,"kind":"scroll","url":"http://localhost:3000/#events","viewport":{"width":1159,"height":696},"payload":{"scrollX":0,"scrollY":2916,"documentHeight":12466,"viewportHeight":696}}
[2026-08-05T16:19:15.039Z] {"timestamp":1785946754190,"kind":"scroll","url":"http://localhost:3000/#events","viewport":{"width":1159,"height":696},"payload":{"scrollX":0,"scrollY":2756.800048828125,"documentHeight":12466,"viewportHeight":696}}
[2026-08-05T16:19:15.039Z] {"timestamp":1785946754728,"kind":"click","url":"http://localhost:3000/#events","viewport":{"width":1159,"height":696},"payload":{"target":{"tag":"div","id":null,"name":null,"type":null,"role":null,"ariaLabel":null,"testId":null,"dataLoc":"client\\src\\components\\EventsSection.tsx:17","href":null,"text":"EVENTS Chapter Events Verified events and competitions organized by GFG Student …","selectorHint":"[data-loc=\"client\\src\\components\\EventsSection.tsx:17\"]"},"x":940,"y":188}}
[2026-08-05T16:19:17.041Z] {"timestamp":1785946756209,"kind":"focusin","url":"http://localhost:3000/#events","viewport":{"width":1159,"height":696},"payload":{"target":{"tag":"button","id":null,"name":null,"type":null,"role":"tab","ariaLabel":null,"testId":null,"dataLoc":"client\\src\\components\\EventsSection.tsx:46","href":null,"text":"Upcoming","selectorHint":"[data-loc=\"client\\src\\components\\EventsSection.tsx:46\"]"}}}
[2026-08-05T16:19:17.041Z] {"timestamp":1785946756328,"kind":"scroll","url":"http://localhost:3000/#events","viewport":{"width":1159,"height":696},"payload":{"scrollX":0,"scrollY":2702.39990234375,"documentHeight":12412,"viewportHeight":696}}
[2026-08-05T16:19:17.041Z] {"timestamp":1785946756434,"kind":"click","url":"http://localhost:3000/#events","viewport":{"width":1159,"height":696},"payload":{"target":{"tag":"button","id":null,"name":null,"type":null,"role":"tab","ariaLabel":null,"testId":null,"dataLoc":"client\\src\\components\\EventsSection.tsx:46","href":null,"text":"Upcoming","selectorHint":"[data-loc=\"client\\src\\components\\EventsSection.tsx:46\"]"},"x":936,"y":204}}
[2026-08-05T16:19:17.041Z] {"timestamp":1785946757011,"kind":"focusout","url":"http://localhost:3000/#events","viewport":{"width":1159,"height":696},"payload":{"target":{"tag":"button","id":null,"name":null,"type":null,"role":"tab","ariaLabel":null,"testId":null,"dataLoc":"client\\src\\components\\EventsSection.tsx:46","href":null,"text":"Upcoming","selectorHint":"[data-loc=\"client\\src\\components\\EventsSection.tsx:46\"]"},"value":null}}
[2026-08-05T16:19:17.041Z] {"timestamp":1785946757011,"kind":"focusin","url":"http://localhost:3000/#events","viewport":{"width":1159,"height":696},"payload":{"target":{"tag":"button","id":null,"name":null,"type":null,"role":"tab","ariaLabel":null,"testId":null,"dataLoc":"client\\src\\components\\EventsSection.tsx:46","href":null,"text":"Past","selectorHint":"[data-loc=\"client\\src\\components\\EventsSection.tsx:46\"]"}}}
[2026-08-05T16:19:19.033Z] {"timestamp":1785946757234,"kind":"click","url":"http://localhost:3000/#events","viewport":{"width":1159,"height":696},"payload":{"target":{"tag":"button","id":null,"name":null,"type":null,"role":"tab","ariaLabel":null,"testId":null,"dataLoc":"client\\src\\components\\EventsSection.tsx:46","href":null,"text":"Past","selectorHint":"[data-loc=\"client\\src\\components\\EventsSection.tsx:46\"]"},"x":1012,"y":222}}
[2026-08-05T16:19:19.033Z] {"timestamp":1785946758942,"kind":"scroll","url":"http://localhost:3000/#events","viewport":{"width":1159,"height":696},"payload":{"scrollX":0,"scrollY":2714.39990234375,"documentHeight":12412,"viewportHeight":696}}
[2026-08-05T16:19:21.035Z] {"timestamp":1785946760922,"kind":"focusout","url":"http://localhost:3000/#events","viewport":{"width":1159,"height":696},"payload":{"target":{"tag":"button","id":null,"name":null,"type":null,"role":"tab","ariaLabel":null,"testId":null,"dataLoc":"client\\src\\components\\EventsSection.tsx:46","href":null,"text":"Past","selectorHint":"[data-loc=\"client\\src\\components\\EventsSection.tsx:46\"]"},"value":null}}
[2026-08-05T16:19:21.035Z] {"timestamp":1785946760923,"kind":"focusin","url":"http://localhost:3000/#events","viewport":{"width":1159,"height":696},"payload":{"target":{"tag":"button","id":null,"name":null,"type":null,"role":"tab","ariaLabel":null,"testId":null,"dataLoc":"client\\src\\components\\EventsSection.tsx:46","href":null,"text":"Upcoming","selectorHint":"[data-loc=\"client\\src\\components\\EventsSection.tsx:46\"]"}}}
[2026-08-05T16:19:23.046Z] {"timestamp":1785946761145,"kind":"click","url":"http://localhost:3000/#events","viewport":{"width":1159,"height":696},"payload":{"target":{"tag":"button","id":null,"name":null,"type":null,"role":"tab","ariaLabel":null,"testId":null,"dataLoc":"client\\src\\components\\EventsSection.tsx:46","href":null,"text":"Upcoming","selectorHint":"[data-loc=\"client\\src\\components\\EventsSection.tsx:46\"]"},"x":948,"y":132}}
[2026-08-05T16:19:23.046Z] {"timestamp":1785946762241,"kind":"scroll","url":"http://localhost:3000/#events","viewport":{"width":1159,"height":696},"payload":{"scrollX":0,"scrollY":2829.60009765625,"documentHeight":12026,"viewportHeight":696}}
[2026-08-05T16:19:25.050Z] {"timestamp":1785946764478,"kind":"scroll","url":"http://localhost:3000/#events","viewport":{"width":1159,"height":696},"payload":{"scrollX":0,"scrollY":2775.199951171875,"documentHeight":11973,"viewportHeight":696}}
[2026-08-05T16:19:27.045Z] {"timestamp":1785946766646,"kind":"scroll","url":"http://localhost:3000/#events","viewport":{"width":1159,"height":696},"payload":{"scrollX":0,"scrollY":2829.60009765625,"documentHeight":12026,"viewportHeight":696}}
[2026-08-05T16:19:29.047Z] {"timestamp":1785946767493,"kind":"scroll","url":"http://localhost:3000/#events","viewport":{"width":1159,"height":696},"payload":{"scrollX":0,"scrollY":2852.800048828125,"documentHeight":12026,"viewportHeight":696}}
[2026-08-05T16:19:29.047Z] {"timestamp":1785946768011,"kind":"scroll","url":"http://localhost:3000/#events","viewport":{"width":1159,"height":696},"payload":{"scrollX":0,"scrollY":3125.60009765625,"documentHeight":12026,"viewportHeight":696}}
[2026-08-05T16:19:29.047Z] {"timestamp":1785946768562,"kind":"scroll","url":"http://localhost:3000/#events","viewport":{"width":1159,"height":696},"payload":{"scrollX":0,"scrollY":3071.199951171875,"documentHeight":11973,"viewportHeight":696}}
[2026-08-05T16:19:31.034Z] {"timestamp":1785946770645,"kind":"scroll","url":"http://localhost:3000/#events","viewport":{"width":1159,"height":696},"payload":{"scrollX":0,"scrollY":3125.60009765625,"documentHeight":12026,"viewportHeight":696}}
[2026-08-05T16:19:33.038Z] {"timestamp":1785946772779,"kind":"scroll","url":"http://localhost:3000/#events","viewport":{"width":1159,"height":696},"payload":{"scrollX":0,"scrollY":3071.199951171875,"documentHeight":11973,"viewportHeight":696}}
[2026-08-05T16:19:39.040Z] {"timestamp":1785946778562,"kind":"scroll","url":"http://localhost:3000/#events","viewport":{"width":1159,"height":696},"payload":{"scrollX":0,"scrollY":3125.60009765625,"documentHeight":12026,"viewportHeight":696}}
[2026-08-05T16:19:41.042Z] {"timestamp":1785946780779,"kind":"scroll","url":"http://localhost:3000/#events","viewport":{"width":1159,"height":696},"payload":{"scrollX":0,"scrollY":3071.199951171875,"documentHeight":11973,"viewportHeight":696}}
[2026-08-05T16:19:43.034Z] {"timestamp":1785946782862,"kind":"scroll","url":"http://localhost:3000/#events","viewport":{"width":1159,"height":696},"payload":{"scrollX":0,"scrollY":3125.60009765625,"documentHeight":12026,"viewportHeight":696}}
[2026-08-05T16:19:45.035Z] {"timestamp":1785946784764,"kind":"scroll","url":"http://localhost:3000/#events","viewport":{"width":1159,"height":696},"payload":{"scrollX":0,"scrollY":3071.199951171875,"documentHeight":11973,"viewportHeight":696}}
[2026-08-05T16:19:47.033Z] {"timestamp":1785946786898,"kind":"scroll","url":"http://localhost:3000/#events","viewport":{"width":1159,"height":696},"payload":{"scrollX":0,"scrollY":3125.60009765625,"documentHeight":12026,"viewportHeight":696}}
[2026-08-05T16:19:51.040Z] {"timestamp":1785946789065,"kind":"scroll","url":"http://localhost:3000/#events","viewport":{"width":1159,"height":696},"payload":{"scrollX":0,"scrollY":3071.199951171875,"documentHeight":11973,"viewportHeight":696}}
[2026-08-05T16:19:55.032Z] {"timestamp":1785946794863,"kind":"scroll","url":"http://localhost:3000/#events","viewport":{"width":1159,"height":696},"payload":{"scrollX":0,"scrollY":3125.60009765625,"documentHeight":12026,"viewportHeight":696}}
[2026-08-05T16:19:59.044Z] {"timestamp":1785946797081,"kind":"scroll","url":"http://localhost:3000/#events","viewport":{"width":1159,"height":696},"payload":{"scrollX":0,"scrollY":3071.199951171875,"documentHeight":11973,"viewportHeight":696}}
[2026-08-05T16:19:59.044Z] {"timestamp":1785946797630,"kind":"scroll","url":"http://localhost:3000/#events","viewport":{"width":1159,"height":696},"payload":{"scrollX":0,"scrollY":2997.60009765625,"documentHeight":11973,"viewportHeight":696}}
[2026-08-05T16:19:59.044Z] {"timestamp":1785946798261,"kind":"scroll","url":"http://localhost:3000/#events","viewport":{"width":1159,"height":696},"payload":{"scrollX":0,"scrollY":2095.199951171875,"documentHeight":11973,"viewportHeight":696}}
[2026-08-05T16:19:59.044Z] {"timestamp":1785946798845,"kind":"scroll","url":"http://localhost:3000/#events","viewport":{"width":1159,"height":696},"payload":{"scrollX":0,"scrollY":2429.60009765625,"documentHeight":11973,"viewportHeight":696}}
[2026-08-05T16:20:01.040Z] {"timestamp":1785946801031,"kind":"scroll","url":"http://localhost:3000/#events","viewport":{"width":1159,"height":696},"payload":{"scrollX":0,"scrollY":2429.60009765625,"documentHeight":11973,"viewportHeight":696}}
[2026-08-05T16:20:05.039Z] {"timestamp":1785946803130,"kind":"scroll","url":"http://localhost:3000/#events","viewport":{"width":1159,"height":696},"payload":{"scrollX":0,"scrollY":2484,"documentHeight":12026,"viewportHeight":696}}
[2026-08-05T16:20:07.036Z] {"timestamp":1785946805265,"kind":"scroll","url":"http://localhost:3000/#events","viewport":{"width":1159,"height":696},"payload":{"scrollX":0,"scrollY":2429.60009765625,"documentHeight":11973,"viewportHeight":696}}
[2026-08-05T16:20:13.033Z] {"timestamp":1785946811048,"kind":"scroll","url":"http://localhost:3000/#events","viewport":{"width":1159,"height":696},"payload":{"scrollX":0,"scrollY":2484,"documentHeight":12026,"viewportHeight":696}}
[2026-08-05T16:20:15.035Z] {"timestamp":1785946813264,"kind":"scroll","url":"http://localhost:3000/#events","viewport":{"width":1159,"height":696},"payload":{"scrollX":0,"scrollY":2429.60009765625,"documentHeight":11973,"viewportHeight":696}}
[2026-08-05T16:20:17.032Z] {"timestamp":1785946815331,"kind":"scroll","url":"http://localhost:3000/#events","viewport":{"width":1159,"height":696},"payload":{"scrollX":0,"scrollY":2484,"documentHeight":12026,"viewportHeight":696}}
[2026-08-05T16:20:19.036Z] {"timestamp":1785946817232,"kind":"scroll","url":"http://localhost:3000/#events","viewport":{"width":1159,"height":696},"payload":{"scrollX":0,"scrollY":2429.60009765625,"documentHeight":11973,"viewportHeight":696}}
[2026-08-05T16:20:21.038Z] {"timestamp":1785946819331,"kind":"scroll","url":"http://localhost:3000/#events","viewport":{"width":1159,"height":696},"payload":{"scrollX":0,"scrollY":2484,"documentHeight":12026,"viewportHeight":696}}
[2026-08-05T16:20:21.038Z] {"timestamp":1785946821019,"kind":"focusout","url":"http://localhost:3000/#events","viewport":{"width":1159,"height":696},"payload":{"target":{"tag":"button","id":null,"name":null,"type":null,"role":"tab","ariaLabel":null,"testId":null,"dataLoc":"client\\src\\components\\EventsSection.tsx:46","href":null,"text":"Upcoming","selectorHint":"[data-loc=\"client\\src\\components\\EventsSection.tsx:46\"]"},"value":null}}
[2026-08-05T16:20:23.036Z] {"timestamp":1785946821482,"kind":"scroll","url":"http://localhost:3000/#events","viewport":{"width":1159,"height":696},"payload":{"scrollX":0,"scrollY":2429.60009765625,"documentHeight":11973,"viewportHeight":696}}
[2026-08-05T16:20:29.035Z] {"timestamp":1785946827412,"kind":"scroll","url":"http://localhost:3000/#events","viewport":{"width":1159,"height":696},"payload":{"scrollX":0,"scrollY":2484,"documentHeight":12026,"viewportHeight":696}}
[2026-08-05T16:20:31.039Z] {"timestamp":1785946829662,"kind":"scroll","url":"http://localhost:3000/#events","viewport":{"width":1159,"height":696},"payload":{"scrollX":0,"scrollY":2429.60009765625,"documentHeight":11973,"viewportHeight":696}}
[2026-08-05T16:20:33.034Z] {"timestamp":1785946831845,"kind":"scroll","url":"http://localhost:3000/#events","viewport":{"width":1159,"height":696},"payload":{"scrollX":0,"scrollY":2484,"documentHeight":12026,"viewportHeight":696}}
[2026-08-05T16:20:35.034Z] {"timestamp":1785946833763,"kind":"scroll","url":"http://localhost:3000/#events","viewport":{"width":1159,"height":696},"payload":{"scrollX":0,"scrollY":2429.60009765625,"documentHeight":11973,"viewportHeight":696}}
[2026-08-05T16:20:37.038Z] {"timestamp":1785946835963,"kind":"scroll","url":"http://localhost:3000/#events","viewport":{"width":1159,"height":696},"payload":{"scrollX":0,"scrollY":2484,"documentHeight":12026,"viewportHeight":696}}
[2026-08-05T16:20:39.035Z] {"timestamp":1785946838131,"kind":"scroll","url":"http://localhost:3000/#events","viewport":{"width":1159,"height":696},"payload":{"scrollX":0,"scrollY":2429.60009765625,"documentHeight":11973,"viewportHeight":696}}
[2026-08-05T16:20:45.035Z] {"timestamp":1785946844148,"kind":"scroll","url":"http://localhost:3000/#events","viewport":{"width":1159,"height":696},"payload":{"scrollX":0,"scrollY":2484,"documentHeight":12026,"viewportHeight":696}}
[2026-08-05T16:20:47.054Z] {"timestamp":1785946846397,"kind":"scroll","url":"http://localhost:3000/#events","viewport":{"width":1159,"height":696},"payload":{"scrollX":0,"scrollY":2429.60009765625,"documentHeight":11973,"viewportHeight":696}}
[2026-08-05T16:20:49.039Z] {"timestamp":1785946848547,"kind":"scroll","url":"http://localhost:3000/#events","viewport":{"width":1159,"height":696},"payload":{"scrollX":0,"scrollY":2484,"documentHeight":12026,"viewportHeight":696}}
[2026-08-05T16:20:51.048Z] {"timestamp":1785946850467,"kind":"scroll","url":"http://localhost:3000/#events","viewport":{"width":1159,"height":696},"payload":{"scrollX":0,"scrollY":2429.60009765625,"documentHeight":11973,"viewportHeight":696}}
[2026-08-05T16:20:53.036Z] {"timestamp":1785946852665,"kind":"scroll","url":"http://localhost:3000/#events","viewport":{"width":1159,"height":696},"payload":{"scrollX":0,"scrollY":2484,"documentHeight":12026,"viewportHeight":696}}
[2026-08-05T16:20:55.045Z] {"timestamp":1785946854835,"kind":"scroll","url":"http://localhost:3000/#events","viewport":{"width":1159,"height":696},"payload":{"scrollX":0,"scrollY":2429.60009765625,"documentHeight":11973,"viewportHeight":696}}
[2026-08-05T16:20:59.036Z] {"timestamp":1785946858946,"kind":"focusin","url":"http://localhost:3000/#events","viewport":{"width":1159,"height":696},"payload":{"target":{"tag":"button","id":null,"name":null,"type":null,"role":"tab","ariaLabel":null,"testId":null,"dataLoc":"client\\src\\components\\EventsSection.tsx:46","href":null,"text":"Upcoming","selectorHint":"[data-loc=\"client\\src\\components\\EventsSection.tsx:46\"]"}}}
[2026-08-05T16:20:59.036Z] {"timestamp":1785946858951,"kind":"focusout","url":"http://localhost:3000/#events","viewport":{"width":1159,"height":696},"payload":{"target":{"tag":"button","id":null,"name":null,"type":null,"role":"tab","ariaLabel":null,"testId":null,"dataLoc":"client\\src\\components\\EventsSection.tsx:46","href":null,"text":"Upcoming","selectorHint":"[data-loc=\"client\\src\\components\\EventsSection.tsx:46\"]"},"value":null}}
[2026-08-05T16:20:59.036Z] {"timestamp":1785946858979,"kind":"focusin","url":"http://localhost:3000/#events","viewport":{"width":1159,"height":696},"payload":{"target":{"tag":"button","id":null,"name":null,"type":null,"role":"tab","ariaLabel":null,"testId":null,"dataLoc":"client\\src\\components\\EventsSection.tsx:46","href":null,"text":"Upcoming","selectorHint":"[data-loc=\"client\\src\\components\\EventsSection.tsx:46\"]"}}}
[2026-08-05T16:21:01.043Z] {"timestamp":1785946860766,"kind":"scroll","url":"http://localhost:3000/#events","viewport":{"width":1159,"height":696},"payload":{"scrollX":0,"scrollY":2484,"documentHeight":12026,"viewportHeight":696}}
[2026-08-05T16:21:03.046Z] {"timestamp":1785946862461,"kind":"focusout","url":"http://localhost:3000/#events","viewport":{"width":1159,"height":696},"payload":{"target":{"tag":"button","id":null,"name":null,"type":null,"role":"tab","ariaLabel":null,"testId":null,"dataLoc":"client\\src\\components\\EventsSection.tsx:46","href":null,"text":"Upcoming","selectorHint":"[data-loc=\"client\\src\\components\\EventsSection.tsx:46\"]"},"value":null}}
[2026-08-05T16:21:03.046Z] {"timestamp":1785946862461,"kind":"focusin","url":"http://localhost:3000/#events","viewport":{"width":1159,"height":696},"payload":{"target":{"tag":"a","id":null,"name":null,"type":null,"role":null,"ariaLabel":null,"testId":null,"dataLoc":"client\\src\\components\\Header.tsx:48","href":"#team","text":"Team","selectorHint":"[data-loc=\"client\\src\\components\\Header.tsx:48\"]"}}}
[2026-08-05T16:21:03.046Z] {"timestamp":1785946862685,"kind":"click","url":"http://localhost:3000/#events","viewport":{"width":1159,"height":696},"payload":{"target":{"tag":"a","id":null,"name":null,"type":null,"role":null,"ariaLabel":null,"testId":null,"dataLoc":"client\\src\\components\\Header.tsx:48","href":"#team","text":"Team","selectorHint":"[data-loc=\"client\\src\\components\\Header.tsx:48\"]"},"x":661,"y":25}}
[2026-08-05T16:21:03.046Z] {"timestamp":1785946862687,"kind":"navigate","url":"http://localhost:3000/#team","viewport":{"width":1159,"height":696},"payload":{"reason":"popstate"}}
[2026-08-05T16:21:03.046Z] {"timestamp":1785946862688,"kind":"focusout","url":"http://localhost:3000/#team","viewport":{"width":1159,"height":696},"payload":{"target":{"tag":"a","id":null,"name":null,"type":null,"role":null,"ariaLabel":null,"testId":null,"dataLoc":"client\\src\\components\\Header.tsx:48","href":"#team","text":"Team","selectorHint":"[data-loc=\"client\\src\\components\\Header.tsx:48\"]"},"value":null}}
[2026-08-05T16:21:03.046Z] {"timestamp":1785946862703,"kind":"navigate","url":"http://localhost:3000/#team","viewport":{"width":1159,"height":696},"payload":{"reason":"hashchange"}}
[2026-08-05T16:21:03.046Z] {"timestamp":1785946862731,"kind":"scroll","url":"http://localhost:3000/#team","viewport":{"width":1159,"height":696},"payload":{"scrollX":0,"scrollY":2485.60009765625,"documentHeight":12026,"viewportHeight":696}}
[2026-08-05T16:21:05.038Z] {"timestamp":1785946863235,"kind":"scroll","url":"http://localhost:3000/#team","viewport":{"width":1159,"height":696},"payload":{"scrollX":0,"scrollY":5992,"documentHeight":11973,"viewportHeight":696}}
[2026-08-05T16:21:05.038Z] {"timestamp":1785946863748,"kind":"scroll","url":"http://localhost:3000/#team","viewport":{"width":1159,"height":696},"payload":{"scrollX":0,"scrollY":6945.60009765625,"documentHeight":11973,"viewportHeight":696}}
[2026-08-05T16:21:05.038Z] {"timestamp":1785946864264,"kind":"scroll","url":"http://localhost:3000/#team","viewport":{"width":1159,"height":696},"payload":{"scrollX":0,"scrollY":6996.7998046875,"documentHeight":11973,"viewportHeight":696}}
[2026-08-05T16:21:07.040Z] {"timestamp":1785946865170,"kind":"scroll","url":"http://localhost:3000/#team","viewport":{"width":1159,"height":696},"payload":{"scrollX":0,"scrollY":7036,"documentHeight":12026,"viewportHeight":696}}
[2026-08-05T16:21:07.040Z] {"timestamp":1785946865682,"kind":"scroll","url":"http://localhost:3000/#team","viewport":{"width":1159,"height":696},"payload":{"scrollX":0,"scrollY":6203.2001953125,"documentHeight":12026,"viewportHeight":696}}
[2026-08-05T16:21:07.040Z] {"timestamp":1785946866198,"kind":"scroll","url":"http://localhost:3000/#team","viewport":{"width":1159,"height":696},"payload":{"scrollX":0,"scrollY":5469.60009765625,"documentHeight":12026,"viewportHeight":696}}
[2026-08-05T16:21:07.040Z] {"timestamp":1785946866699,"kind":"scroll","url":"http://localhost:3000/#team","viewport":{"width":1159,"height":696},"payload":{"scrollX":0,"scrollY":5057.60009765625,"documentHeight":12026,"viewportHeight":696}}
[2026-08-05T16:21:09.033Z] {"timestamp":1785946868382,"kind":"scroll","url":"http://localhost:3000/#team","viewport":{"width":1159,"height":696},"payload":{"scrollX":0,"scrollY":4916.7998046875,"documentHeight":11973,"viewportHeight":696}}
[2026-08-05T16:21:09.033Z] {"timestamp":1785946868882,"kind":"scroll","url":"http://localhost:3000/#team","viewport":{"width":1159,"height":696},"payload":{"scrollX":0,"scrollY":4476.7998046875,"documentHeight":11973,"viewportHeight":696}}
[2026-08-05T16:21:11.035Z] {"timestamp":1785946869451,"kind":"scroll","url":"http://localhost:3000/#team","viewport":{"width":1159,"height":696},"payload":{"scrollX":0,"scrollY":4141.60009765625,"documentHeight":12026,"viewportHeight":696}}
[2026-08-05T16:21:11.035Z] {"timestamp":1785946869950,"kind":"scroll","url":"http://localhost:3000/#team","viewport":{"width":1159,"height":696},"payload":{"scrollX":0,"scrollY":3638.39990234375,"documentHeight":12026,"viewportHeight":696}}
[2026-08-05T16:21:11.035Z] {"timestamp":1785946870455,"kind":"scroll","url":"http://localhost:3000/#team","viewport":{"width":1159,"height":696},"payload":{"scrollX":0,"scrollY":3407.199951171875,"documentHeight":12026,"viewportHeight":696}}
[2026-08-05T16:21:11.035Z] {"timestamp":1785946870985,"kind":"scroll","url":"http://localhost:3000/#team","viewport":{"width":1159,"height":696},"payload":{"scrollX":0,"scrollY":2654.39990234375,"documentHeight":12026,"viewportHeight":696}}
[2026-08-05T16:21:13.035Z] {"timestamp":1785946871567,"kind":"scroll","url":"http://localhost:3000/#team","viewport":{"width":1159,"height":696},"payload":{"scrollX":0,"scrollY":2167.199951171875,"documentHeight":11973,"viewportHeight":696}}
[2026-08-05T16:21:13.035Z] {"timestamp":1785946872166,"kind":"scroll","url":"http://localhost:3000/#team","viewport":{"width":1159,"height":696},"payload":{"scrollX":0,"scrollY":1565.5999755859375,"documentHeight":11973,"viewportHeight":696}}
[2026-08-05T16:21:13.035Z] {"timestamp":1785946872667,"kind":"scroll","url":"http://localhost:3000/#team","viewport":{"width":1159,"height":696},"payload":{"scrollX":0,"scrollY":856.7999877929688,"documentHeight":11973,"viewportHeight":696}}
[2026-08-05T16:21:15.041Z] {"timestamp":1785946873168,"kind":"scroll","url":"http://localhost:3000/#team","viewport":{"width":1159,"height":696},"payload":{"scrollX":0,"scrollY":392.79998779296875,"documentHeight":11973,"viewportHeight":696}}
[2026-08-05T16:21:15.041Z] {"timestamp":1785946873666,"kind":"scroll","url":"http://localhost:3000/#team","viewport":{"width":1159,"height":696},"payload":{"scrollX":0,"scrollY":139.1999969482422,"documentHeight":11973,"viewportHeight":696}}
[2026-08-05T16:21:17.039Z] {"timestamp":1785946876524,"kind":"focusin","url":"http://localhost:3000/#team","viewport":{"width":1159,"height":696},"payload":{"target":{"tag":"a","id":null,"name":null,"type":null,"role":null,"ariaLabel":null,"testId":null,"dataLoc":"client\\src\\components\\Header.tsx:48","href":"#contact","text":"Contact","selectorHint":"[data-loc=\"client\\src\\components\\Header.tsx:48\"]"}}}
[2026-08-05T16:21:17.039Z] {"timestamp":1785946876736,"kind":"click","url":"http://localhost:3000/#team","viewport":{"width":1159,"height":696},"payload":{"target":{"tag":"a","id":null,"name":null,"type":null,"role":null,"ariaLabel":null,"testId":null,"dataLoc":"client\\src\\components\\Header.tsx:48","href":"#contact","text":"Contact","selectorHint":"[data-loc=\"client\\src\\components\\Header.tsx:48\"]"},"x":791,"y":37}}
[2026-08-05T16:21:17.039Z] {"timestamp":1785946876738,"kind":"navigate","url":"http://localhost:3000/#contact","viewport":{"width":1159,"height":696},"payload":{"reason":"popstate"}}
[2026-08-05T16:21:17.039Z] {"timestamp":1785946876738,"kind":"focusout","url":"http://localhost:3000/#contact","viewport":{"width":1159,"height":696},"payload":{"target":{"tag":"a","id":null,"name":null,"type":null,"role":null,"ariaLabel":null,"testId":null,"dataLoc":"client\\src\\components\\Header.tsx:48","href":"#contact","text":"Contact","selectorHint":"[data-loc=\"client\\src\\components\\Header.tsx:48\"]"},"value":null}}
[2026-08-05T16:21:17.039Z] {"timestamp":1785946876755,"kind":"navigate","url":"http://localhost:3000/#contact","viewport":{"width":1159,"height":696},"payload":{"reason":"hashchange"}}
[2026-08-05T16:21:17.039Z] {"timestamp":1785946876781,"kind":"scroll","url":"http://localhost:3000/#contact","viewport":{"width":1159,"height":696},"payload":{"scrollX":0,"scrollY":2.4000000953674316,"documentHeight":11973,"viewportHeight":696}}
[2026-08-05T16:21:19.034Z] {"timestamp":1785946877283,"kind":"scroll","url":"http://localhost:3000/#contact","viewport":{"width":1159,"height":696},"payload":{"scrollX":0,"scrollY":7016,"documentHeight":12026,"viewportHeight":696}}
[2026-08-05T16:21:19.034Z] {"timestamp":1785946877799,"kind":"scroll","url":"http://localhost:3000/#contact","viewport":{"width":1159,"height":696},"payload":{"scrollX":0,"scrollY":9968,"documentHeight":12026,"viewportHeight":696}}
[2026-08-05T16:21:19.034Z] {"timestamp":1785946878819,"kind":"scroll","url":"http://localhost:3000/#contact","viewport":{"width":1159,"height":696},"payload":{"scrollX":0,"scrollY":10547.2001953125,"documentHeight":12026,"viewportHeight":696}}
[2026-08-05T16:21:21.035Z] {"timestamp":1785946879335,"kind":"scroll","url":"http://localhost:3000/#contact","viewport":{"width":1159,"height":696},"payload":{"scrollX":0,"scrollY":10882.400390625,"documentHeight":12026,"viewportHeight":696}}
[2026-08-05T16:21:21.035Z] {"timestamp":1785946879854,"kind":"scroll","url":"http://localhost:3000/#contact","viewport":{"width":1159,"height":696},"payload":{"scrollX":0,"scrollY":8933.599609375,"documentHeight":11973,"viewportHeight":696}}
[2026-08-05T16:21:21.035Z] {"timestamp":1785946880356,"kind":"scroll","url":"http://localhost:3000/#contact","viewport":{"width":1159,"height":696},"payload":{"scrollX":0,"scrollY":7813.60009765625,"documentHeight":11973,"viewportHeight":696}}
[2026-08-05T16:21:21.035Z] {"timestamp":1785946880869,"kind":"scroll","url":"http://localhost:3000/#contact","viewport":{"width":1159,"height":696},"payload":{"scrollX":0,"scrollY":6651.2001953125,"documentHeight":11973,"viewportHeight":696}}
[2026-08-05T16:21:23.042Z] {"timestamp":1785946881482,"kind":"scroll","url":"http://localhost:3000/#contact","viewport":{"width":1159,"height":696},"payload":{"scrollX":0,"scrollY":6691.2001953125,"documentHeight":12026,"viewportHeight":696}}
[2026-08-05T16:21:25.052Z] {"timestamp":1785946883398,"kind":"scroll","url":"http://localhost:3000/#contact","viewport":{"width":1159,"height":696},"payload":{"scrollX":0,"scrollY":6637.60009765625,"documentHeight":11973,"viewportHeight":696}}
[2026-08-05T16:21:27.045Z] {"timestamp":1785946885667,"kind":"scroll","url":"http://localhost:3000/#contact","viewport":{"width":1159,"height":696},"payload":{"scrollX":0,"scrollY":6691.2001953125,"documentHeight":12026,"viewportHeight":696}}
[2026-08-05T16:21:29.042Z] {"timestamp":1785946887868,"kind":"scroll","url":"http://localhost:3000/#contact","viewport":{"width":1159,"height":696},"payload":{"scrollX":0,"scrollY":6637.60009765625,"documentHeight":11973,"viewportHeight":696}}
[2026-08-05T16:21:35.044Z] {"timestamp":1785946893933,"kind":"scroll","url":"http://localhost:3000/#contact","viewport":{"width":1159,"height":696},"payload":{"scrollX":0,"scrollY":6691.2001953125,"documentHeight":12026,"viewportHeight":696}}
[2026-08-05T16:21:37.050Z] {"timestamp":1785946896188,"kind":"scroll","url":"http://localhost:3000/#contact","viewport":{"width":1159,"height":696},"payload":{"scrollX":0,"scrollY":6637.60009765625,"documentHeight":11973,"viewportHeight":696}}
[2026-08-05T16:21:39.043Z] {"timestamp":1785946898433,"kind":"scroll","url":"http://localhost:3000/#contact","viewport":{"width":1159,"height":696},"payload":{"scrollX":0,"scrollY":6691.2001953125,"documentHeight":12026,"viewportHeight":696}}
[2026-08-05T16:21:41.035Z] {"timestamp":1785946900368,"kind":"scroll","url":"http://localhost:3000/#contact","viewport":{"width":1159,"height":696},"payload":{"scrollX":0,"scrollY":6637.60009765625,"documentHeight":11973,"viewportHeight":696}}
[2026-08-05T16:21:43.045Z] {"timestamp":1785946902633,"kind":"scroll","url":"http://localhost:3000/#contact","viewport":{"width":1159,"height":696},"payload":{"scrollX":0,"scrollY":6691.2001953125,"documentHeight":12026,"viewportHeight":696}}
[2026-08-05T16:21:45.046Z] {"timestamp":1785946904817,"kind":"scroll","url":"http://localhost:3000/#contact","viewport":{"width":1159,"height":696},"payload":{"scrollX":0,"scrollY":6637.60009765625,"documentHeight":11973,"viewportHeight":696}}
[2026-08-05T16:21:51.043Z] {"timestamp":1785946910868,"kind":"scroll","url":"http://localhost:3000/#contact","viewport":{"width":1159,"height":696},"payload":{"scrollX":0,"scrollY":6691.2001953125,"documentHeight":12026,"viewportHeight":696}}
[2026-08-05T16:21:55.033Z] {"timestamp":1785946913118,"kind":"scroll","url":"http://localhost:3000/#contact","viewport":{"width":1159,"height":696},"payload":{"scrollX":0,"scrollY":6637.60009765625,"documentHeight":11973,"viewportHeight":696}}
[2026-08-05T16:21:57.042Z] {"timestamp":1785946915336,"kind":"scroll","url":"http://localhost:3000/#contact","viewport":{"width":1159,"height":696},"payload":{"scrollX":0,"scrollY":6691.2001953125,"documentHeight":12026,"viewportHeight":696}}
[2026-08-05T16:21:59.043Z] {"timestamp":1785946917268,"kind":"scroll","url":"http://localhost:3000/#contact","viewport":{"width":1159,"height":696},"payload":{"scrollX":0,"scrollY":6637.60009765625,"documentHeight":11973,"viewportHeight":696}}
[2026-08-05T16:22:01.048Z] {"timestamp":1785946919485,"kind":"scroll","url":"http://localhost:3000/#contact","viewport":{"width":1159,"height":696},"payload":{"scrollX":0,"scrollY":6691.2001953125,"documentHeight":12026,"viewportHeight":696}}
[2026-08-05T16:22:03.044Z] {"timestamp":1785946921657,"kind":"scroll","url":"http://localhost:3000/#contact","viewport":{"width":1159,"height":696},"payload":{"scrollX":0,"scrollY":6637.60009765625,"documentHeight":11973,"viewportHeight":696}}
[2026-08-05T16:22:09.126Z] {"timestamp":1785946927786,"kind":"scroll","url":"http://localhost:3000/#contact","viewport":{"width":1159,"height":696},"payload":{"scrollX":0,"scrollY":6691.2001953125,"documentHeight":12026,"viewportHeight":696}}
[2026-08-05T16:22:11.047Z] {"timestamp":1785946930051,"kind":"scroll","url":"http://localhost:3000/#contact","viewport":{"width":1159,"height":696},"payload":{"scrollX":0,"scrollY":6637.60009765625,"documentHeight":11973,"viewportHeight":696}}
[2026-08-05T16:22:14.931Z] {"timestamp":1785946932256,"kind":"scroll","url":"http://localhost:3000/#contact","viewport":{"width":1159,"height":696},"payload":{"scrollX":0,"scrollY":6691.2001953125,"documentHeight":12026,"viewportHeight":696}}
[2026-08-05T16:22:15.044Z] {"timestamp":1785946934186,"kind":"scroll","url":"http://localhost:3000/#contact","viewport":{"width":1159,"height":696},"payload":{"scrollX":0,"scrollY":6637.60009765625,"documentHeight":11973,"viewportHeight":696}}
[2026-08-05T16:22:18.047Z] {"timestamp":1785946936503,"kind":"scroll","url":"http://localhost:3000/#contact","viewport":{"width":1159,"height":696},"payload":{"scrollX":0,"scrollY":6691.2001953125,"documentHeight":12026,"viewportHeight":696}}
[2026-08-05T16:22:19.050Z] {"timestamp":1785946938686,"kind":"scroll","url":"http://localhost:3000/#contact","viewport":{"width":1159,"height":696},"payload":{"scrollX":0,"scrollY":6637.60009765625,"documentHeight":11973,"viewportHeight":696}}
[2026-08-05T16:22:27.049Z] {"timestamp":1785946945803,"kind":"scroll","url":"http://localhost:3000/#contact","viewport":{"width":1159,"height":696},"payload":{"scrollX":0,"scrollY":6691.2001953125,"documentHeight":12026,"viewportHeight":696}}
[2026-08-05T16:22:29.035Z] {"timestamp":1785946948053,"kind":"scroll","url":"http://localhost:3000/#contact","viewport":{"width":1159,"height":696},"payload":{"scrollX":0,"scrollY":6637.60009765625,"documentHeight":11973,"viewportHeight":696}}
[2026-08-05T16:22:31.039Z] {"timestamp":1785946950273,"kind":"scroll","url":"http://localhost:3000/#contact","viewport":{"width":1159,"height":696},"payload":{"scrollX":0,"scrollY":6691.2001953125,"documentHeight":12026,"viewportHeight":696}}
[2026-08-05T16:22:33.048Z] {"timestamp":1785946952206,"kind":"scroll","url":"http://localhost:3000/#contact","viewport":{"width":1159,"height":696},"payload":{"scrollX":0,"scrollY":6637.60009765625,"documentHeight":11973,"viewportHeight":696}}
[2026-08-05T16:22:35.048Z] {"timestamp":1785946954456,"kind":"scroll","url":"http://localhost:3000/#contact","viewport":{"width":1159,"height":696},"payload":{"scrollX":0,"scrollY":6691.2001953125,"documentHeight":12026,"viewportHeight":696}}
[2026-08-05T16:22:37.057Z] {"timestamp":1785946956658,"kind":"scroll","url":"http://localhost:3000/#contact","viewport":{"width":1159,"height":696},"payload":{"scrollX":0,"scrollY":6637.60009765625,"documentHeight":11973,"viewportHeight":696}}
[2026-08-05T16:22:41.035Z] {"timestamp":1785946959145,"kind":"focusin","url":"http://localhost:3000/#contact","viewport":{"width":1159,"height":696},"payload":{"target":{"tag":"a","id":null,"name":null,"type":null,"role":null,"ariaLabel":null,"testId":null,"dataLoc":"client\\src\\components\\Header.tsx:48","href":"#about","text":"About","selectorHint":"[data-loc=\"client\\src\\components\\Header.tsx:48\"]"}}}
[2026-08-05T16:22:41.035Z] {"timestamp":1785946959368,"kind":"click","url":"http://localhost:3000/#contact","viewport":{"width":1159,"height":696},"payload":{"target":{"tag":"a","id":null,"name":null,"type":null,"role":null,"ariaLabel":null,"testId":null,"dataLoc":"client\\src\\components\\Header.tsx:48","href":"#about","text":"About","selectorHint":"[data-loc=\"client\\src\\components\\Header.tsx:48\"]"},"x":360,"y":39}}
[2026-08-05T16:22:41.035Z] {"timestamp":1785946959370,"kind":"navigate","url":"http://localhost:3000/#about","viewport":{"width":1159,"height":696},"payload":{"reason":"popstate"}}
[2026-08-05T16:22:41.035Z] {"timestamp":1785946959370,"kind":"focusout","url":"http://localhost:3000/#about","viewport":{"width":1159,"height":696},"payload":{"target":{"tag":"a","id":null,"name":null,"type":null,"role":null,"ariaLabel":null,"testId":null,"dataLoc":"client\\src\\components\\Header.tsx:48","href":"#about","text":"About","selectorHint":"[data-loc=\"client\\src\\components\\Header.tsx:48\"]"},"value":null}}
[2026-08-05T16:22:41.035Z] {"timestamp":1785946959377,"kind":"navigate","url":"http://localhost:3000/#about","viewport":{"width":1159,"height":696},"payload":{"reason":"hashchange"}}
[2026-08-05T16:22:41.035Z] {"timestamp":1785946959386,"kind":"scroll","url":"http://localhost:3000/#about","viewport":{"width":1159,"height":696},"payload":{"scrollX":0,"scrollY":6636,"documentHeight":11973,"viewportHeight":696}}
[2026-08-05T16:22:41.035Z] {"timestamp":1785946959888,"kind":"scroll","url":"http://localhost:3000/#about","viewport":{"width":1159,"height":696},"payload":{"scrollX":0,"scrollY":2704,"documentHeight":11973,"viewportHeight":696}}
[2026-08-05T16:22:41.035Z] {"timestamp":1785946960404,"kind":"scroll","url":"http://localhost:3000/#about","viewport":{"width":1159,"height":696},"payload":{"scrollX":0,"scrollY":1380,"documentHeight":11973,"viewportHeight":696}}
[2026-08-05T16:22:41.035Z] {"timestamp":1785946960906,"kind":"scroll","url":"http://localhost:3000/#about","viewport":{"width":1159,"height":696},"payload":{"scrollX":0,"scrollY":720.7999877929688,"documentHeight":11973,"viewportHeight":696}}
[2026-08-05T16:22:43.033Z] {"timestamp":1785946961408,"kind":"scroll","url":"http://localhost:3000/#about","viewport":{"width":1159,"height":696},"payload":{"scrollX":0,"scrollY":466.3999938964844,"documentHeight":11973,"viewportHeight":696}}
[2026-08-05T16:22:45.045Z] {"timestamp":1785946963588,"kind":"scroll","url":"http://localhost:3000/#about","viewport":{"width":1159,"height":696},"payload":{"scrollX":0,"scrollY":436,"documentHeight":12026,"viewportHeight":696}}
[2026-08-05T16:22:49.046Z] {"timestamp":1785946969005,"kind":"scroll","url":"http://localhost:3000/#about","viewport":{"width":1159,"height":696},"payload":{"scrollX":0,"scrollY":26.399999618530273,"documentHeight":11973,"viewportHeight":696}}
[2026-08-05T16:22:51.046Z] {"timestamp":1785946969714,"kind":"focusin","url":"http://localhost:3000/#about","viewport":{"width":1159,"height":696},"payload":{"target":{"tag":"a","id":null,"name":null,"type":null,"role":null,"ariaLabel":null,"testId":null,"dataLoc":"client\\src\\components\\HeroSection.tsx:93","href":"#contact","text":"Join the Chapter","selectorHint":"[data-loc=\"client\\src\\components\\HeroSection.tsx:93\"]"}}}
[2026-08-05T16:22:51.046Z] {"timestamp":1785946969935,"kind":"click","url":"http://localhost:3000/#about","viewport":{"width":1159,"height":696},"payload":{"target":{"tag":"a","id":null,"name":null,"type":null,"role":null,"ariaLabel":null,"testId":null,"dataLoc":"client\\src\\components\\HeroSection.tsx:93","href":"#contact","text":"Join the Chapter","selectorHint":"[data-loc=\"client\\src\\components\\HeroSection.tsx:93\"]"},"x":238,"y":349}}
[2026-08-05T16:22:51.046Z] {"timestamp":1785946969937,"kind":"navigate","url":"http://localhost:3000/#contact","viewport":{"width":1159,"height":696},"payload":{"reason":"popstate"}}
[2026-08-05T16:22:51.046Z] {"timestamp":1785946969938,"kind":"focusout","url":"http://localhost:3000/#contact","viewport":{"width":1159,"height":696},"payload":{"target":{"tag":"a","id":null,"name":null,"type":null,"role":null,"ariaLabel":null,"testId":null,"dataLoc":"client\\src\\components\\HeroSection.tsx:93","href":"#contact","text":"Join the Chapter","selectorHint":"[data-loc=\"client\\src\\components\\HeroSection.tsx:93\"]"},"value":null}}
[2026-08-05T16:22:51.046Z] {"timestamp":1785946969948,"kind":"navigate","url":"http://localhost:3000/#contact","viewport":{"width":1159,"height":696},"payload":{"reason":"hashchange"}}
[2026-08-05T16:22:51.046Z] {"timestamp":1785946969970,"kind":"scroll","url":"http://localhost:3000/#contact","viewport":{"width":1159,"height":696},"payload":{"scrollX":0,"scrollY":405.6000061035156,"documentHeight":11973,"viewportHeight":696}}
[2026-08-05T16:22:51.046Z] {"timestamp":1785946970559,"kind":"scroll","url":"http://localhost:3000/#contact","viewport":{"width":1159,"height":696},"payload":{"scrollX":0,"scrollY":7146.39990234375,"documentHeight":11973,"viewportHeight":696}}
[2026-08-05T16:22:53.034Z] {"timestamp":1785946971072,"kind":"scroll","url":"http://localhost:3000/#contact","viewport":{"width":1159,"height":696},"payload":{"scrollX":0,"scrollY":10137.599609375,"documentHeight":11973,"viewportHeight":696}}
[2026-08-05T16:22:55.038Z] {"timestamp":1785946973324,"kind":"scroll","url":"http://localhost:3000/#contact","viewport":{"width":1159,"height":696},"payload":{"scrollX":0,"scrollY":10352.7998046875,"documentHeight":11973,"viewportHeight":696}}
[2026-08-05T16:22:55.038Z] {"timestamp":1785946974839,"kind":"scroll","url":"http://localhost:3000/#contact","viewport":{"width":1159,"height":696},"payload":{"scrollX":0,"scrollY":10532.7998046875,"documentHeight":11973,"viewportHeight":696}}
[2026-08-05T16:22:57.035Z] {"timestamp":1785946975340,"kind":"scroll","url":"http://localhost:3000/#contact","viewport":{"width":1159,"height":696},"payload":{"scrollX":0,"scrollY":10436.7998046875,"documentHeight":11973,"viewportHeight":696}}
[2026-08-05T16:23:01.045Z] {"timestamp":1785946979156,"kind":"scroll","url":"http://localhost:3000/#contact","viewport":{"width":1159,"height":696},"payload":{"scrollX":0,"scrollY":10559.2001953125,"documentHeight":12026,"viewportHeight":696}}
[2026-08-05T16:23:03.033Z] {"timestamp":1785946981429,"kind":"scroll","url":"http://localhost:3000/#contact","viewport":{"width":1159,"height":696},"payload":{"scrollX":0,"scrollY":10505.599609375,"documentHeight":11973,"viewportHeight":696}}
[2026-08-05T16:23:05.033Z] {"timestamp":1785946983655,"kind":"scroll","url":"http://localhost:3000/#contact","viewport":{"width":1159,"height":696},"payload":{"scrollX":0,"scrollY":10559.2001953125,"documentHeight":12026,"viewportHeight":696}}
[2026-08-05T16:23:07.033Z] {"timestamp":1785946985573,"kind":"scroll","url":"http://localhost:3000/#contact","viewport":{"width":1159,"height":696},"payload":{"scrollX":0,"scrollY":10505.599609375,"documentHeight":11973,"viewportHeight":696}}
[2026-08-05T16:23:09.034Z] {"timestamp":1785946987805,"kind":"scroll","url":"http://localhost:3000/#contact","viewport":{"width":1159,"height":696},"payload":{"scrollX":0,"scrollY":10559.2001953125,"documentHeight":12026,"viewportHeight":696}}
[2026-08-05T16:23:11.034Z] {"timestamp":1785946989955,"kind":"scroll","url":"http://localhost:3000/#contact","viewport":{"width":1159,"height":696},"payload":{"scrollX":0,"scrollY":10505.599609375,"documentHeight":11973,"viewportHeight":696}}
[2026-08-05T16:23:17.033Z] {"timestamp":1785946995889,"kind":"scroll","url":"http://localhost:3000/#contact","viewport":{"width":1159,"height":696},"payload":{"scrollX":0,"scrollY":10559.2001953125,"documentHeight":12026,"viewportHeight":696}}
[2026-08-05T16:23:19.038Z] {"timestamp":1785946998142,"kind":"scroll","url":"http://localhost:3000/#contact","viewport":{"width":1159,"height":696},"payload":{"scrollX":0,"scrollY":10505.599609375,"documentHeight":11973,"viewportHeight":696}}
[2026-08-05T16:23:21.047Z] {"timestamp":1785947000391,"kind":"scroll","url":"http://localhost:3000/#contact","viewport":{"width":1159,"height":696},"payload":{"scrollX":0,"scrollY":10559.2001953125,"documentHeight":12026,"viewportHeight":696}}
[2026-08-05T16:23:23.034Z] {"timestamp":1785947002324,"kind":"scroll","url":"http://localhost:3000/#contact","viewport":{"width":1159,"height":696},"payload":{"scrollX":0,"scrollY":10505.599609375,"documentHeight":11973,"viewportHeight":696}}
[2026-08-05T16:23:25.035Z] {"timestamp":1785947004556,"kind":"scroll","url":"http://localhost:3000/#contact","viewport":{"width":1159,"height":696},"payload":{"scrollX":0,"scrollY":10559.2001953125,"documentHeight":12026,"viewportHeight":696}}
[2026-08-05T16:23:27.033Z] {"timestamp":1785947006723,"kind":"scroll","url":"http://localhost:3000/#contact","viewport":{"width":1159,"height":696},"payload":{"scrollX":0,"scrollY":10505.599609375,"documentHeight":11973,"viewportHeight":696}}
[2026-08-05T16:23:33.033Z] {"timestamp":1785947012741,"kind":"scroll","url":"http://localhost:3000/#contact","viewport":{"width":1159,"height":696},"payload":{"scrollX":0,"scrollY":10559.2001953125,"documentHeight":12026,"viewportHeight":696}}
[2026-08-05T16:23:35.036Z] {"timestamp":1785947014992,"kind":"scroll","url":"http://localhost:3000/#contact","viewport":{"width":1159,"height":696},"payload":{"scrollX":0,"scrollY":10505.599609375,"documentHeight":11973,"viewportHeight":696}}
[2026-08-05T16:23:39.032Z] {"timestamp":1785947017225,"kind":"scroll","url":"http://localhost:3000/#contact","viewport":{"width":1159,"height":696},"payload":{"scrollX":0,"scrollY":10559.2001953125,"documentHeight":12026,"viewportHeight":696}}
[2026-08-05T16:23:41.033Z] {"timestamp":1785947019157,"kind":"scroll","url":"http://localhost:3000/#contact","viewport":{"width":1159,"height":696},"payload":{"scrollX":0,"scrollY":10505.599609375,"documentHeight":11973,"viewportHeight":696}}
[2026-08-05T16:23:43.034Z] {"timestamp":1785947021407,"kind":"scroll","url":"http://localhost:3000/#contact","viewport":{"width":1159,"height":696},"payload":{"scrollX":0,"scrollY":10559.2001953125,"documentHeight":12026,"viewportHeight":696}}
[2026-08-05T16:23:45.033Z] {"timestamp":1785947023593,"kind":"scroll","url":"http://localhost:3000/#contact","viewport":{"width":1159,"height":696},"payload":{"scrollX":0,"scrollY":10505.599609375,"documentHeight":11973,"viewportHeight":696}}
[2026-08-05T16:23:51.037Z] {"timestamp":1785947029642,"kind":"scroll","url":"http://localhost:3000/#contact","viewport":{"width":1159,"height":696},"payload":{"scrollX":0,"scrollY":10559.2001953125,"documentHeight":12026,"viewportHeight":696}}
[2026-08-05T16:23:53.037Z] {"timestamp":1785947031893,"kind":"scroll","url":"http://localhost:3000/#contact","viewport":{"width":1159,"height":696},"payload":{"scrollX":0,"scrollY":10505.599609375,"documentHeight":11973,"viewportHeight":696}}
[2026-08-05T16:23:55.037Z] {"timestamp":1785947034091,"kind":"scroll","url":"http://localhost:3000/#contact","viewport":{"width":1159,"height":696},"payload":{"scrollX":0,"scrollY":10559.2001953125,"documentHeight":12026,"viewportHeight":696}}
[2026-08-05T16:23:57.035Z] {"timestamp":1785947036026,"kind":"scroll","url":"http://localhost:3000/#contact","viewport":{"width":1159,"height":696},"payload":{"scrollX":0,"scrollY":10505.599609375,"documentHeight":11973,"viewportHeight":696}}
[2026-08-05T16:23:59.034Z] {"timestamp":1785947038261,"kind":"scroll","url":"http://localhost:3000/#contact","viewport":{"width":1159,"height":696},"payload":{"scrollX":0,"scrollY":10559.2001953125,"documentHeight":12026,"viewportHeight":696}}
[2026-08-05T16:24:01.037Z] {"timestamp":1785947040426,"kind":"scroll","url":"http://localhost:3000/#contact","viewport":{"width":1159,"height":696},"payload":{"scrollX":0,"scrollY":10505.599609375,"documentHeight":11973,"viewportHeight":696}}
[2026-08-05T16:24:07.040Z] {"timestamp":1785947046493,"kind":"scroll","url":"http://localhost:3000/#contact","viewport":{"width":1159,"height":696},"payload":{"scrollX":0,"scrollY":10559.2001953125,"documentHeight":12026,"viewportHeight":696}}
[2026-08-05T16:24:09.052Z] {"timestamp":1785947048760,"kind":"scroll","url":"http://localhost:3000/#contact","viewport":{"width":1159,"height":696},"payload":{"scrollX":0,"scrollY":10505.599609375,"documentHeight":11973,"viewportHeight":696}}
[2026-08-05T16:24:13.053Z] {"timestamp":1785947051043,"kind":"scroll","url":"http://localhost:3000/#contact","viewport":{"width":1159,"height":696},"payload":{"scrollX":0,"scrollY":10559.2001953125,"documentHeight":12026,"viewportHeight":696}}
[2026-08-05T16:24:13.053Z] {"timestamp":1785947052977,"kind":"scroll","url":"http://localhost:3000/#contact","viewport":{"width":1159,"height":696},"payload":{"scrollX":0,"scrollY":10505.599609375,"documentHeight":11973,"viewportHeight":696}}
[2026-08-05T16:24:17.034Z] {"timestamp":1785947055212,"kind":"scroll","url":"http://localhost:3000/#contact","viewport":{"width":1159,"height":696},"payload":{"scrollX":0,"scrollY":10559.2001953125,"documentHeight":12026,"viewportHeight":696}}
[2026-08-05T16:24:19.037Z] {"timestamp":1785947057388,"kind":"scroll","url":"http://localhost:3000/#contact","viewport":{"width":1159,"height":696},"payload":{"scrollX":0,"scrollY":10505.599609375,"documentHeight":11973,"viewportHeight":696}}
[2026-08-05T16:24:25.038Z] {"timestamp":1785947063377,"kind":"scroll","url":"http://localhost:3000/#contact","viewport":{"width":1159,"height":696},"payload":{"scrollX":0,"scrollY":10559.2001953125,"documentHeight":12026,"viewportHeight":696}}
[2026-08-05T16:24:27.037Z] {"timestamp":1785947065630,"kind":"scroll","url":"http://localhost:3000/#contact","viewport":{"width":1159,"height":696},"payload":{"scrollX":0,"scrollY":10505.599609375,"documentHeight":11973,"viewportHeight":696}}
[2026-08-05T16:24:29.038Z] {"timestamp":1785947067860,"kind":"scroll","url":"http://localhost:3000/#contact","viewport":{"width":1159,"height":696},"payload":{"scrollX":0,"scrollY":10559.2001953125,"documentHeight":12026,"viewportHeight":696}}
[2026-08-05T16:24:31.039Z] {"timestamp":1785947069795,"kind":"scroll","url":"http://localhost:3000/#contact","viewport":{"width":1159,"height":696},"payload":{"scrollX":0,"scrollY":10505.599609375,"documentHeight":11973,"viewportHeight":696}}
[2026-08-05T16:24:33.039Z] {"timestamp":1785947072045,"kind":"scroll","url":"http://localhost:3000/#contact","viewport":{"width":1159,"height":696},"payload":{"scrollX":0,"scrollY":10559.2001953125,"documentHeight":12026,"viewportHeight":696}}
[2026-08-05T16:24:35.037Z] {"timestamp":1785947074229,"kind":"scroll","url":"http://localhost:3000/#contact","viewport":{"width":1159,"height":696},"payload":{"scrollX":0,"scrollY":10505.599609375,"documentHeight":11973,"viewportHeight":696}}
[2026-08-05T16:24:41.039Z] {"timestamp":1785947080262,"kind":"scroll","url":"http://localhost:3000/#contact","viewport":{"width":1159,"height":696},"payload":{"scrollX":0,"scrollY":10559.2001953125,"documentHeight":12026,"viewportHeight":696}}
[2026-08-05T16:24:43.041Z] {"timestamp":1785947082561,"kind":"scroll","url":"http://localhost:3000/#contact","viewport":{"width":1159,"height":696},"payload":{"scrollX":0,"scrollY":10505.599609375,"documentHeight":11973,"viewportHeight":696}}
[2026-08-05T16:24:45.037Z] {"timestamp":1785947084811,"kind":"scroll","url":"http://localhost:3000/#contact","viewport":{"width":1159,"height":696},"payload":{"scrollX":0,"scrollY":10559.2001953125,"documentHeight":12026,"viewportHeight":696}}
[2026-08-05T16:24:47.038Z] {"timestamp":1785947086728,"kind":"scroll","url":"http://localhost:3000/#contact","viewport":{"width":1159,"height":696},"payload":{"scrollX":0,"scrollY":10505.599609375,"documentHeight":11973,"viewportHeight":696}}
[2026-08-05T16:24:49.040Z] {"timestamp":1785947088981,"kind":"scroll","url":"http://localhost:3000/#contact","viewport":{"width":1159,"height":696},"payload":{"scrollX":0,"scrollY":10559.2001953125,"documentHeight":12026,"viewportHeight":696}}
[2026-08-05T16:24:53.037Z] {"timestamp":1785947091165,"kind":"scroll","url":"http://localhost:3000/#contact","viewport":{"width":1159,"height":696},"payload":{"scrollX":0,"scrollY":10505.599609375,"documentHeight":11973,"viewportHeight":696}}
[2026-08-05T16:24:59.037Z] {"timestamp":1785947097178,"kind":"scroll","url":"http://localhost:3000/#contact","viewport":{"width":1159,"height":696},"payload":{"scrollX":0,"scrollY":10559.2001953125,"documentHeight":12026,"viewportHeight":696}}
[2026-08-05T16:25:01.038Z] {"timestamp":1785947099478,"kind":"scroll","url":"http://localhost:3000/#contact","viewport":{"width":1159,"height":696},"payload":{"scrollX":0,"scrollY":10505.599609375,"documentHeight":11973,"viewportHeight":696}}
[2026-08-05T16:25:03.035Z] {"timestamp":1785947101663,"kind":"scroll","url":"http://localhost:3000/#contact","viewport":{"width":1159,"height":696},"payload":{"scrollX":0,"scrollY":10559.2001953125,"documentHeight":12026,"viewportHeight":696}}
[2026-08-05T16:25:05.037Z] {"timestamp":1785947103597,"kind":"scroll","url":"http://localhost:3000/#contact","viewport":{"width":1159,"height":696},"payload":{"scrollX":0,"scrollY":10505.599609375,"documentHeight":11973,"viewportHeight":696}}
[2026-08-05T16:25:07.040Z] {"timestamp":1785947105829,"kind":"scroll","url":"http://localhost:3000/#contact","viewport":{"width":1159,"height":696},"payload":{"scrollX":0,"scrollY":10559.2001953125,"documentHeight":12026,"viewportHeight":696}}
[2026-08-05T16:25:09.039Z] {"timestamp":1785947107996,"kind":"scroll","url":"http://localhost:3000/#contact","viewport":{"width":1159,"height":696},"payload":{"scrollX":0,"scrollY":10505.599609375,"documentHeight":11973,"viewportHeight":696}}
[2026-08-05T16:25:13.045Z] {"timestamp":1785947111631,"kind":"scroll","url":"http://localhost:3000/#contact","viewport":{"width":1159,"height":696},"payload":{"scrollX":0,"scrollY":10591.2001953125,"documentHeight":11973,"viewportHeight":696}}
[2026-08-05T16:25:13.045Z] {"timestamp":1785947112680,"kind":"scroll","url":"http://localhost:3000/#contact","viewport":{"width":1159,"height":696},"payload":{"scrollX":0,"scrollY":11088.7998046875,"documentHeight":11973,"viewportHeight":696}}
[2026-08-05T16:25:15.036Z] {"timestamp":1785947113189,"kind":"scroll","url":"http://localhost:3000/#contact","viewport":{"width":1159,"height":696},"payload":{"scrollX":0,"scrollY":10789.599609375,"documentHeight":11973,"viewportHeight":696}}
[2026-08-05T16:25:15.036Z] {"timestamp":1785947113700,"kind":"scroll","url":"http://localhost:3000/#contact","viewport":{"width":1159,"height":696},"payload":{"scrollX":0,"scrollY":11189.599609375,"documentHeight":11973,"viewportHeight":696}}
[2026-08-05T16:25:15.036Z] {"timestamp":1785947114214,"kind":"scroll","url":"http://localhost:3000/#contact","viewport":{"width":1159,"height":696},"payload":{"scrollX":0,"scrollY":11321.599609375,"documentHeight":12026,"viewportHeight":696}}
[2026-08-05T16:25:17.038Z] {"timestamp":1785947116216,"kind":"scroll","url":"http://localhost:3000/#contact","viewport":{"width":1159,"height":696},"payload":{"scrollX":0,"scrollY":11276.7998046875,"documentHeight":11973,"viewportHeight":696}}
[2026-08-05T16:25:19.040Z] {"timestamp":1785947118299,"kind":"scroll","url":"http://localhost:3000/#contact","viewport":{"width":1159,"height":696},"payload":{"scrollX":0,"scrollY":11330.400390625,"documentHeight":12026,"viewportHeight":696}}
[2026-08-05T16:25:21.043Z] {"timestamp":1785947120215,"kind":"scroll","url":"http://localhost:3000/#contact","viewport":{"width":1159,"height":696},"payload":{"scrollX":0,"scrollY":11276.7998046875,"documentHeight":11973,"viewportHeight":696}}
[2026-08-05T16:25:23.042Z] {"timestamp":1785947122448,"kind":"scroll","url":"http://localhost:3000/#contact","viewport":{"width":1159,"height":696},"payload":{"scrollX":0,"scrollY":11330.400390625,"documentHeight":12026,"viewportHeight":696}}
[2026-08-05T16:25:25.046Z] {"timestamp":1785947124647,"kind":"scroll","url":"http://localhost:3000/#contact","viewport":{"width":1159,"height":696},"payload":{"scrollX":0,"scrollY":11276.7998046875,"documentHeight":11973,"viewportHeight":696}}
[2026-08-05T16:25:29.038Z] {"timestamp":1785947128819,"kind":"focusin","url":"http://localhost:3000/#contact","viewport":{"width":1159,"height":696},"payload":{"target":{"tag":"a","id":null,"name":null,"type":null,"role":null,"ariaLabel":null,"testId":null,"dataLoc":"client\\src\\components\\Footer.tsx:52","href":"#achievements","text":"Achievements","selectorHint":"[data-loc=\"client\\src\\components\\Footer.tsx:52\"]"}}}
[2026-08-05T16:25:31.039Z] {"timestamp":1785947129046,"kind":"click","url":"http://localhost:3000/#contact","viewport":{"width":1159,"height":696},"payload":{"target":{"tag":"a","id":null,"name":null,"type":null,"role":null,"ariaLabel":null,"testId":null,"dataLoc":"client\\src\\components\\Footer.tsx:52","href":"#achievements","text":"Achievements","selectorHint":"[data-loc=\"client\\src\\components\\Footer.tsx:52\"]"},"x":757,"y":485}}
[2026-08-05T16:25:31.039Z] {"timestamp":1785947129048,"kind":"navigate","url":"http://localhost:3000/#achievements","viewport":{"width":1159,"height":696},"payload":{"reason":"popstate"}}
[2026-08-05T16:25:31.039Z] {"timestamp":1785947129049,"kind":"focusout","url":"http://localhost:3000/#achievements","viewport":{"width":1159,"height":696},"payload":{"target":{"tag":"a","id":null,"name":null,"type":null,"role":null,"ariaLabel":null,"testId":null,"dataLoc":"client\\src\\components\\Footer.tsx:52","href":"#achievements","text":"Achievements","selectorHint":"[data-loc=\"client\\src\\components\\Footer.tsx:52\"]"},"value":null}}
[2026-08-05T16:25:31.039Z] {"timestamp":1785947129056,"kind":"navigate","url":"http://localhost:3000/#achievements","viewport":{"width":1159,"height":696},"payload":{"reason":"hashchange"}}
[2026-08-05T16:25:31.039Z] {"timestamp":1785947129065,"kind":"scroll","url":"http://localhost:3000/#achievements","viewport":{"width":1159,"height":696},"payload":{"scrollX":0,"scrollY":11274.400390625,"documentHeight":11973,"viewportHeight":696}}
[2026-08-05T16:25:31.039Z] {"timestamp":1785947129583,"kind":"scroll","url":"http://localhost:3000/#achievements","viewport":{"width":1159,"height":696},"payload":{"scrollX":0,"scrollY":5612,"documentHeight":11973,"viewportHeight":696}}
[2026-08-05T16:25:31.039Z] {"timestamp":1785947130084,"kind":"scroll","url":"http://localhost:3000/#achievements","viewport":{"width":1159,"height":696},"payload":{"scrollX":0,"scrollY":3458.39990234375,"documentHeight":11973,"viewportHeight":696}}
[2026-08-05T16:25:31.039Z] {"timestamp":1785947130667,"kind":"scroll","url":"http://localhost:3000/#achievements","viewport":{"width":1159,"height":696},"payload":{"scrollX":0,"scrollY":3168.800048828125,"documentHeight":12026,"viewportHeight":696}}
[2026-08-05T16:25:33.037Z] {"timestamp":1785947131199,"kind":"scroll","url":"http://localhost:3000/#achievements","viewport":{"width":1159,"height":696},"payload":{"scrollX":0,"scrollY":3229.60009765625,"documentHeight":12026,"viewportHeight":696}}
[2026-08-05T16:25:33.037Z] {"timestamp":1785947131700,"kind":"scroll","url":"http://localhost:3000/#achievements","viewport":{"width":1159,"height":696},"payload":{"scrollX":0,"scrollY":3359.199951171875,"documentHeight":12026,"viewportHeight":696}}
[2026-08-05T16:25:33.037Z] {"timestamp":1785947132886,"kind":"scroll","url":"http://localhost:3000/#achievements","viewport":{"width":1159,"height":696},"payload":{"scrollX":0,"scrollY":3330.39990234375,"documentHeight":11973,"viewportHeight":696}}
[2026-08-05T16:25:35.035Z] {"timestamp":1785947134934,"kind":"scroll","url":"http://localhost:3000/#achievements","viewport":{"width":1159,"height":696},"payload":{"scrollX":0,"scrollY":3384.800048828125,"documentHeight":12026,"viewportHeight":696}}
[2026-08-05T16:25:37.042Z] {"timestamp":1785947136852,"kind":"scroll","url":"http://localhost:3000/#achievements","viewport":{"width":1159,"height":696},"payload":{"scrollX":0,"scrollY":3330.39990234375,"documentHeight":11973,"viewportHeight":696}}
[2026-08-05T16:25:39.039Z] {"timestamp":1785947138199,"kind":"scroll","url":"http://localhost:3000/#achievements","viewport":{"width":1159,"height":696},"payload":{"scrollX":0,"scrollY":3273.60009765625,"documentHeight":11973,"viewportHeight":696}}
[2026-08-05T16:25:39.039Z] {"timestamp":1785947138733,"kind":"scroll","url":"http://localhost:3000/#achievements","viewport":{"width":1159,"height":696},"payload":{"scrollX":0,"scrollY":3207.199951171875,"documentHeight":11973,"viewportHeight":696}}
[2026-08-05T16:25:41.045Z] {"timestamp":1785947140298,"kind":"click","url":"http://localhost:3000/#achievements","viewport":{"width":1159,"height":696},"payload":{"target":{"tag":"svg","id":null,"name":null,"type":null,"role":null,"ariaLabel":null,"testId":null,"dataLoc":"client\\src\\components\\AchievementsSection.tsx:47","href":null,"text":"","selectorHint":"[data-loc=\"client\\src\\components\\AchievementsSection.tsx:47\"]"},"x":208,"y":228}}
[2026-08-05T16:25:43.047Z] {"timestamp":1785947141169,"kind":"scroll","url":"http://localhost:3000/#achievements","viewport":{"width":1159,"height":696},"payload":{"scrollX":0,"scrollY":3207.199951171875,"documentHeight":11973,"viewportHeight":696}}
[2026-08-05T16:25:49.042Z] {"timestamp":1785947147049,"kind":"scroll","url":"http://localhost:3000/#achievements","viewport":{"width":1159,"height":696},"payload":{"scrollX":0,"scrollY":3261.60009765625,"documentHeight":12026,"viewportHeight":696}}
[2026-08-05T16:25:51.037Z] {"timestamp":1785947149298,"kind":"scroll","url":"http://localhost:3000/#achievements","viewport":{"width":1159,"height":696},"payload":{"scrollX":0,"scrollY":3207.199951171875,"documentHeight":11973,"viewportHeight":696}}
[2026-08-05T16:25:53.037Z] {"timestamp":1785947151481,"kind":"scroll","url":"http://localhost:3000/#achievements","viewport":{"width":1159,"height":696},"payload":{"scrollX":0,"scrollY":3261.60009765625,"documentHeight":12026,"viewportHeight":696}}
[2026-08-05T16:25:55.063Z] {"timestamp":1785947153399,"kind":"scroll","url":"http://localhost:3000/#achievements","viewport":{"width":1159,"height":696},"payload":{"scrollX":0,"scrollY":3207.199951171875,"documentHeight":11973,"viewportHeight":696}}
[2026-08-05T16:25:57.037Z] {"timestamp":1785947155616,"kind":"scroll","url":"http://localhost:3000/#achievements","viewport":{"width":1159,"height":696},"payload":{"scrollX":0,"scrollY":3261.60009765625,"documentHeight":12026,"viewportHeight":696}}
[2026-08-05T16:25:59.033Z] {"timestamp":1785947157783,"kind":"scroll","url":"http://localhost:3000/#achievements","viewport":{"width":1159,"height":696},"payload":{"scrollX":0,"scrollY":3207.199951171875,"documentHeight":11973,"viewportHeight":696}}
[2026-08-05T16:26:05.038Z] {"timestamp":1785947163783,"kind":"scroll","url":"http://localhost:3000/#achievements","viewport":{"width":1159,"height":696},"payload":{"scrollX":0,"scrollY":3261.60009765625,"documentHeight":12026,"viewportHeight":696}}
[2026-08-05T16:26:07.042Z] {"timestamp":1785947166017,"kind":"scroll","url":"http://localhost:3000/#achievements","viewport":{"width":1159,"height":696},"payload":{"scrollX":0,"scrollY":3207.199951171875,"documentHeight":11973,"viewportHeight":696}}
[2026-08-05T16:26:09.038Z] {"timestamp":1785947168233,"kind":"scroll","url":"http://localhost:3000/#achievements","viewport":{"width":1159,"height":696},"payload":{"scrollX":0,"scrollY":3261.60009765625,"documentHeight":12026,"viewportHeight":696}}
[2026-08-05T16:26:11.038Z] {"timestamp":1785947170150,"kind":"scroll","url":"http://localhost:3000/#achievements","viewport":{"width":1159,"height":696},"payload":{"scrollX":0,"scrollY":3207.199951171875,"documentHeight":11973,"viewportHeight":696}}
[2026-08-05T16:26:13.046Z] {"timestamp":1785947172367,"kind":"scroll","url":"http://localhost:3000/#achievements","viewport":{"width":1159,"height":696},"payload":{"scrollX":0,"scrollY":3261.60009765625,"documentHeight":12026,"viewportHeight":696}}
[2026-08-05T16:26:15.057Z] {"timestamp":1785947174550,"kind":"scroll","url":"http://localhost:3000/#achievements","viewport":{"width":1159,"height":696},"payload":{"scrollX":0,"scrollY":3207.199951171875,"documentHeight":11973,"viewportHeight":696}}
[2026-08-05T16:26:21.041Z] {"timestamp":1785947180552,"kind":"scroll","url":"http://localhost:3000/#achievements","viewport":{"width":1159,"height":696},"payload":{"scrollX":0,"scrollY":3261.60009765625,"documentHeight":12026,"viewportHeight":696}}
[2026-08-05T16:26:23.046Z] {"timestamp":1785947182785,"kind":"scroll","url":"http://localhost:3000/#achievements","viewport":{"width":1159,"height":696},"payload":{"scrollX":0,"scrollY":3207.199951171875,"documentHeight":11973,"viewportHeight":696}}
[2026-08-05T16:26:25.036Z] {"timestamp":1785947184776,"kind":"scroll","url":"http://localhost:3000/#achievements","viewport":{"width":1159,"height":696},"payload":{"scrollX":0,"scrollY":3203.199951171875,"documentHeight":11973,"viewportHeight":696}}
[2026-08-05T16:26:27.036Z] {"timestamp":1785947185286,"kind":"scroll","url":"http://localhost:3000/#achievements","viewport":{"width":1159,"height":696},"payload":{"scrollX":0,"scrollY":1195.199951171875,"documentHeight":12026,"viewportHeight":696}}
[2026-08-05T16:26:29.045Z] {"timestamp":1785947187403,"kind":"scroll","url":"http://localhost:3000/#achievements","viewport":{"width":1159,"height":696},"payload":{"scrollX":0,"scrollY":16.799999237060547,"documentHeight":11973,"viewportHeight":696}}
[2026-08-05T16:26:29.045Z] {"timestamp":1785947187935,"kind":"scroll","url":"http://localhost:3000/#achievements","viewport":{"width":1159,"height":696},"payload":{"scrollX":0,"scrollY":135.1999969482422,"documentHeight":11973,"viewportHeight":696}}
[2026-08-05T16:26:33.035Z] {"timestamp":1785947191181,"kind":"scroll","url":"http://localhost:3000/#achievements","viewport":{"width":1159,"height":696},"payload":{"scrollX":0,"scrollY":133.60000610351562,"documentHeight":11973,"viewportHeight":696}}
[2026-08-05T16:26:41.037Z] {"timestamp":1785947199609,"kind":"scroll","url":"http://localhost:3000/#achievements","viewport":{"width":1159,"height":696},"payload":{"scrollX":0,"scrollY":132.8000030517578,"documentHeight":11973,"viewportHeight":696}}
[2026-08-05T16:26:45.034Z] {"timestamp":1785947203782,"kind":"scroll","url":"http://localhost:3000/#achievements","viewport":{"width":1159,"height":696},"payload":{"scrollX":0,"scrollY":131.1999969482422,"documentHeight":11973,"viewportHeight":696}}
[2026-08-05T16:26:49.051Z] {"timestamp":1785947208240,"kind":"scroll","url":"http://localhost:3000/#achievements","viewport":{"width":1159,"height":696},"payload":{"scrollX":0,"scrollY":130.39999389648438,"documentHeight":11973,"viewportHeight":696}}
[2026-08-05T16:26:57.046Z] {"timestamp":1785947216726,"kind":"scroll","url":"http://localhost:3000/#achievements","viewport":{"width":1159,"height":696},"payload":{"scrollX":0,"scrollY":129.60000610351562,"documentHeight":11973,"viewportHeight":696}}
[2026-08-05T16:27:01.060Z] {"timestamp":1785947220878,"kind":"scroll","url":"http://localhost:3000/#achievements","viewport":{"width":1159,"height":696},"payload":{"scrollX":0,"scrollY":128,"documentHeight":11973,"viewportHeight":696}}
[2026-08-05T16:27:07.054Z] {"timestamp":1785947225378,"kind":"scroll","url":"http://localhost:3000/#achievements","viewport":{"width":1159,"height":696},"payload":{"scrollX":0,"scrollY":127.19999694824219,"documentHeight":11973,"viewportHeight":696}}
[2026-08-05T16:27:15.038Z] {"timestamp":1785947233823,"kind":"scroll","url":"http://localhost:3000/#achievements","viewport":{"width":1159,"height":696},"payload":{"scrollX":0,"scrollY":125.5999984741211,"documentHeight":11973,"viewportHeight":696}}
[2026-08-05T16:27:19.035Z] {"timestamp":1785947237981,"kind":"scroll","url":"http://localhost:3000/#achievements","viewport":{"width":1159,"height":696},"payload":{"scrollX":0,"scrollY":124.80000305175781,"documentHeight":11973,"viewportHeight":696}}
[2026-08-05T16:27:23.046Z] {"timestamp":1785947242559,"kind":"scroll","url":"http://localhost:3000/#achievements","viewport":{"width":1159,"height":696},"payload":{"scrollX":0,"scrollY":123.19999694824219,"documentHeight":11973,"viewportHeight":696}}
[2026-08-05T16:27:31.049Z] {"timestamp":1785947250997,"kind":"scroll","url":"http://localhost:3000/#achievements","viewport":{"width":1159,"height":696},"payload":{"scrollX":0,"scrollY":122.4000015258789,"documentHeight":11973,"viewportHeight":696}}
[2026-08-05T16:27:37.036Z] {"timestamp":1785947255194,"kind":"scroll","url":"http://localhost:3000/#achievements","viewport":{"width":1159,"height":696},"payload":{"scrollX":0,"scrollY":121.5999984741211,"documentHeight":11973,"viewportHeight":696}}
[2026-08-05T16:27:41.047Z] {"timestamp":1785947259758,"kind":"scroll","url":"http://localhost:3000/#achievements","viewport":{"width":1159,"height":696},"payload":{"scrollX":0,"scrollY":120.80000305175781,"documentHeight":11973,"viewportHeight":696}}
[2026-08-05T16:27:49.057Z] {"timestamp":1785947268114,"kind":"scroll","url":"http://localhost:3000/#achievements","viewport":{"width":1159,"height":696},"payload":{"scrollX":0,"scrollY":120,"documentHeight":11973,"viewportHeight":696}}
[2026-08-05T16:27:53.036Z] {"timestamp":1785947272379,"kind":"scroll","url":"http://localhost:3000/#achievements","viewport":{"width":1159,"height":696},"payload":{"scrollX":0,"scrollY":119.19999694824219,"documentHeight":11973,"viewportHeight":696}}
[2026-08-05T16:27:57.044Z] {"timestamp":1785947276892,"kind":"scroll","url":"http://localhost:3000/#achievements","viewport":{"width":1159,"height":696},"payload":{"scrollX":0,"scrollY":117.5999984741211,"documentHeight":11973,"viewportHeight":696}}
[2026-08-05T16:28:07.044Z] {"timestamp":1785947285477,"kind":"scroll","url":"http://localhost:3000/#achievements","viewport":{"width":1159,"height":696},"payload":{"scrollX":0,"scrollY":116.80000305175781,"documentHeight":11973,"viewportHeight":696}}
[2026-08-05T16:28:11.041Z] {"timestamp":1785947289730,"kind":"scroll","url":"http://localhost:3000/#achievements","viewport":{"width":1159,"height":696},"payload":{"scrollX":0,"scrollY":115.19999694824219,"documentHeight":11973,"viewportHeight":696}}
[2026-08-05T16:28:15.048Z] {"timestamp":1785947294264,"kind":"scroll","url":"http://localhost:3000/#achievements","viewport":{"width":1159,"height":696},"payload":{"scrollX":0,"scrollY":114.4000015258789,"documentHeight":11973,"viewportHeight":696}}
[2026-08-05T16:28:23.053Z] {"timestamp":1785947302706,"kind":"scroll","url":"http://localhost:3000/#achievements","viewport":{"width":1159,"height":696},"payload":{"scrollX":0,"scrollY":113.5999984741211,"documentHeight":11973,"viewportHeight":696}}
[2026-08-05T16:28:27.079Z] {"timestamp":1785947307054,"kind":"scroll","url":"http://localhost:3000/#achievements","viewport":{"width":1159,"height":696},"payload":{"scrollX":0,"scrollY":112.80000305175781,"documentHeight":11973,"viewportHeight":696}}
[2026-08-05T16:28:33.042Z] {"timestamp":1785947311567,"kind":"scroll","url":"http://localhost:3000/#achievements","viewport":{"width":1159,"height":696},"payload":{"scrollX":0,"scrollY":112,"documentHeight":11973,"viewportHeight":696}}
[2026-08-05T16:28:41.037Z] {"timestamp":1785947319998,"kind":"scroll","url":"http://localhost:3000/#achievements","viewport":{"width":1159,"height":696},"payload":{"scrollX":0,"scrollY":111.19999694824219,"documentHeight":11973,"viewportHeight":696}}
[2026-08-05T16:28:45.046Z] {"timestamp":1785947324165,"kind":"scroll","url":"http://localhost:3000/#achievements","viewport":{"width":1159,"height":696},"payload":{"scrollX":0,"scrollY":110.4000015258789,"documentHeight":11973,"viewportHeight":696}}
[2026-08-05T16:28:49.045Z] {"timestamp":1785947328704,"kind":"scroll","url":"http://localhost:3000/#achievements","viewport":{"width":1159,"height":696},"payload":{"scrollX":0,"scrollY":109.5999984741211,"documentHeight":11973,"viewportHeight":696}}
[2026-08-05T16:28:59.049Z] {"timestamp":1785947337331,"kind":"scroll","url":"http://localhost:3000/#achievements","viewport":{"width":1159,"height":696},"payload":{"scrollX":0,"scrollY":108.80000305175781,"documentHeight":11973,"viewportHeight":696}}
[2026-08-05T16:29:03.042Z] {"timestamp":1785947341482,"kind":"scroll","url":"http://localhost:3000/#achievements","viewport":{"width":1159,"height":696},"payload":{"scrollX":0,"scrollY":108,"documentHeight":11973,"viewportHeight":696}}
[2026-08-05T16:29:07.043Z] {"timestamp":1785947346006,"kind":"scroll","url":"http://localhost:3000/#achievements","viewport":{"width":1159,"height":696},"payload":{"scrollX":0,"scrollY":107.19999694824219,"documentHeight":11973,"viewportHeight":696}}
[2026-08-05T16:29:15.041Z] {"timestamp":1785947354454,"kind":"scroll","url":"http://localhost:3000/#achievements","viewport":{"width":1159,"height":696},"payload":{"scrollX":0,"scrollY":106.4000015258789,"documentHeight":11973,"viewportHeight":696}}
[2026-08-05T16:31:37.782Z] {"timestamp":1785947497761,"kind":"scroll","url":"http://localhost:3000/#achievements","viewport":{"width":863,"height":696},"payload":{"scrollX":0,"scrollY":107.19999694824219,"documentHeight":13337,"viewportHeight":696}}
[2026-08-05T16:31:41.041Z] {"timestamp":1785947499708,"kind":"scroll","url":"http://localhost:3000/#achievements","viewport":{"width":863,"height":696},"payload":{"scrollX":0,"scrollY":108,"documentHeight":13337,"viewportHeight":696}}
[2026-08-05T16:31:45.034Z] {"timestamp":1785947504154,"kind":"scroll","url":"http://localhost:3000/#achievements","viewport":{"width":863,"height":696},"payload":{"scrollX":0,"scrollY":108.80000305175781,"documentHeight":13369,"viewportHeight":696}}
[2026-08-06T06:01:22.045Z] {"timestamp":1785996080439,"kind":"focusin","url":"http://localhost:3000/","viewport":{"width":1159,"height":626},"payload":{"target":{"tag":"a","id":null,"name":null,"type":null,"role":null,"ariaLabel":null,"testId":null,"dataLoc":"client\\src\\components\\Header.tsx:30","href":"#top","text":"G GeeksforGeeks Student Chapter","selectorHint":"[data-loc=\"client\\src\\components\\Header.tsx:30\"]"}}}
[2026-08-06T06:01:22.045Z] {"timestamp":1785996080660,"kind":"click","url":"http://localhost:3000/","viewport":{"width":1159,"height":626},"payload":{"target":{"tag":"span","id":null,"name":null,"type":null,"role":null,"ariaLabel":null,"testId":null,"dataLoc":"client\\src\\components\\Header.tsx:37","href":null,"text":"G","selectorHint":"[data-loc=\"client\\src\\components\\Header.tsx:37\"]"},"x":109,"y":44}}
[2026-08-06T06:01:22.045Z] {"timestamp":1785996080721,"kind":"navigate","url":"http://localhost:3000/#top","viewport":{"width":1159,"height":626},"payload":{"reason":"popstate"}}
[2026-08-06T06:01:22.045Z] {"timestamp":1785996080722,"kind":"focusout","url":"http://localhost:3000/#top","viewport":{"width":1159,"height":626},"payload":{"target":{"tag":"a","id":null,"name":null,"type":null,"role":null,"ariaLabel":null,"testId":null,"dataLoc":"client\\src\\components\\Header.tsx:30","href":"#top","text":"G GeeksforGeeks Student Chapter","selectorHint":"[data-loc=\"client\\src\\components\\Header.tsx:30\"]"},"value":null}}
[2026-08-06T06:01:22.045Z] {"timestamp":1785996080727,"kind":"navigate","url":"http://localhost:3000/#top","viewport":{"width":1159,"height":626},"payload":{"reason":"hashchange"}}
[2026-08-06T06:01:22.045Z] {"timestamp":1785996080747,"kind":"scroll","url":"http://localhost:3000/#top","viewport":{"width":1159,"height":626},"payload":{"scrollX":0,"scrollY":2.4000000953674316,"documentHeight":12466,"viewportHeight":626}}
[2026-08-06T06:05:10.126Z] {"timestamp":1785996308157,"kind":"click","url":"http://localhost:3000/#top","viewport":{"width":863,"height":626},"payload":{"target":{"tag":"div","id":null,"name":null,"type":null,"role":null,"ariaLabel":null,"testId":null,"dataLoc":"client\\src\\components\\Header.tsx:28","href":null,"text":"GeeksforGeeks Student Chapter About Features Events Gallery Team FAQ Contact Joi…","selectorHint":"[data-loc=\"client\\src\\components\\Header.tsx:28\"]"},"x":46,"y":32}}
[2026-08-06T06:05:10.127Z] {"timestamp":1785996308380,"kind":"click","url":"http://localhost:3000/#top","viewport":{"width":863,"height":626},"payload":{"target":{"tag":"div","id":null,"name":null,"type":null,"role":null,"ariaLabel":null,"testId":null,"dataLoc":"client\\src\\components\\Header.tsx:28","href":null,"text":"GeeksforGeeks Student Chapter About Features Events Gallery Team FAQ Contact Joi…","selectorHint":"[data-loc=\"client\\src\\components\\Header.tsx:28\"]"},"x":46,"y":32}}
[2026-08-06T06:05:10.127Z] {"timestamp":1785996309539,"kind":"click","url":"http://localhost:3000/#top","viewport":{"width":863,"height":626},"payload":{"target":{"tag":"div","id":null,"name":null,"type":null,"role":null,"ariaLabel":null,"testId":null,"dataLoc":"client\\src\\components\\HeroSection.tsx:62","href":null,"text":"CODE. CONNECT. CONQUER. Build With Geeks Wh We're the GeeksforGeeks Student Chap…","selectorHint":"[data-loc=\"client\\src\\components\\HeroSection.tsx:62\"]"},"x":115,"y":121}}
[2026-08-06T06:05:12.044Z] {"timestamp":1785996310377,"kind":"scroll","url":"http://localhost:3000/#top","viewport":{"width":863,"height":626},"payload":{"scrollX":0,"scrollY":64,"documentHeight":13820,"viewportHeight":626}}
[2026-08-06T06:05:12.044Z] {"timestamp":1785996311094,"kind":"scroll","url":"http://localhost:3000/#top","viewport":{"width":863,"height":626},"payload":{"scrollX":0,"scrollY":191.1999969482422,"documentHeight":13820,"viewportHeight":626}}
[2026-08-06T06:05:12.044Z] {"timestamp":1785996311910,"kind":"scroll","url":"http://localhost:3000/#top","viewport":{"width":863,"height":626},"payload":{"scrollX":0,"scrollY":567.2000122070312,"documentHeight":13863,"viewportHeight":626}}
[2026-08-06T06:05:14.090Z] {"timestamp":1785996312499,"kind":"scroll","url":"http://localhost:3000/#top","viewport":{"width":863,"height":626},"payload":{"scrollX":0,"scrollY":20,"documentHeight":13863,"viewportHeight":626}}
[2026-08-06T06:05:14.090Z] {"timestamp":1785996313615,"kind":"focusin","url":"http://localhost:3000/#top","viewport":{"width":863,"height":626},"payload":{"target":{"tag":"button","id":null,"name":null,"type":null,"role":"switch","ariaLabel":"Toggle dark mode","testId":null,"dataLoc":"client\\src\\components\\AnimatedToggle.tsx:114","href":null,"text":"","selectorHint":"[data-loc=\"client\\src\\components\\AnimatedToggle.tsx:114\"]"}}}
[2026-08-06T06:05:14.090Z] {"timestamp":1785996313843,"kind":"click","url":"http://localhost:3000/#top","viewport":{"width":863,"height":626},"payload":{"target":{"tag":"button","id":null,"name":null,"type":null,"role":"switch","ariaLabel":"Toggle dark mode","testId":null,"dataLoc":"client\\src\\components\\AnimatedToggle.tsx:114","href":null,"text":"","selectorHint":"[data-loc=\"client\\src\\components\\AnimatedToggle.tsx:114\"]"},"x":691,"y":29}}
[2026-08-06T06:05:16.048Z] {"timestamp":1785996315444,"kind":"focusout","url":"http://localhost:3000/#top","viewport":{"width":863,"height":626},"payload":{"target":{"tag":"button","id":null,"name":null,"type":null,"role":"switch","ariaLabel":"Toggle dark mode","testId":null,"dataLoc":"client\\src\\components\\AnimatedToggle.tsx:114","href":null,"text":"","selectorHint":"[data-loc=\"client\\src\\components\\AnimatedToggle.tsx:114\"]"},"value":null}}
[2026-08-06T06:05:16.048Z] {"timestamp":1785996315665,"kind":"click","url":"http://localhost:3000/#top","viewport":{"width":863,"height":626},"payload":{"target":{"tag":"div","id":null,"name":null,"type":null,"role":null,"ariaLabel":null,"testId":null,"dataLoc":"client\\src\\components\\Header.tsx:28","href":null,"text":"GeeksforGeeks Student Chapter About Features Events Gallery Team FAQ Contact Joi…","selectorHint":"[data-loc=\"client\\src\\components\\Header.tsx:28\"]"},"x":43,"y":29}}
[2026-08-06T06:05:26.049Z] {"timestamp":1785996324432,"kind":"click","url":"http://localhost:3000/#top","viewport":{"width":863,"height":626},"payload":{"target":{"tag":"div","id":null,"name":null,"type":null,"role":null,"ariaLabel":null,"testId":null,"dataLoc":"client\\src\\components\\Header.tsx:28","href":null,"text":"GeeksforGeeks Student Chapter About Features Events Gallery Team FAQ Contact Joi…","selectorHint":"[data-loc=\"client\\src\\components\\Header.tsx:28\"]"},"x":46,"y":31}}
[2026-08-06T06:05:34.053Z] {"timestamp":1785996332566,"kind":"click","url":"http://localhost:3000/#top","viewport":{"width":863,"height":626},"payload":{"target":{"tag":"header","id":null,"name":null,"type":null,"role":null,"ariaLabel":null,"testId":null,"dataLoc":"client\\src\\components\\Header.tsx:21","href":null,"text":"GeeksforGeeks Student Chapter About Features Events Gallery Team FAQ Contact Joi…","selectorHint":"[data-loc=\"client\\src\\components\\Header.tsx:21\"]"},"x":41,"y":29}}
[2026-08-06T06:07:34.056Z] {"timestamp":1785996452553,"kind":"click","url":"http://localhost:3000/#top","viewport":{"width":863,"height":626},"payload":{"target":{"tag":"div","id":null,"name":null,"type":null,"role":null,"ariaLabel":null,"testId":null,"dataLoc":"client\\src\\components\\Header.tsx:29","href":null,"text":"GeeksforGeeks Student Chapter About Features Events Gallery Team FAQ Contact Joi…","selectorHint":"[data-loc=\"client\\src\\components\\Header.tsx:29\"]"},"x":49,"y":27}}
[2026-08-06T06:07:34.056Z] {"timestamp":1785996452712,"kind":"click","url":"http://localhost:3000/#top","viewport":{"width":863,"height":626},"payload":{"target":{"tag":"div","id":null,"name":null,"type":null,"role":null,"ariaLabel":null,"testId":null,"dataLoc":"client\\src\\components\\Header.tsx:29","href":null,"text":"GeeksforGeeks Student Chapter About Features Events Gallery Team FAQ Contact Joi…","selectorHint":"[data-loc=\"client\\src\\components\\Header.tsx:29\"]"},"x":49,"y":27}}
[2026-08-06T06:07:34.056Z] {"timestamp":1785996452937,"kind":"click","url":"http://localhost:3000/#top","viewport":{"width":863,"height":626},"payload":{"target":{"tag":"div","id":null,"name":null,"type":null,"role":null,"ariaLabel":null,"testId":null,"dataLoc":"client\\src\\components\\Header.tsx:29","href":null,"text":"GeeksforGeeks Student Chapter About Features Events Gallery Team FAQ Contact Joi…","selectorHint":"[data-loc=\"client\\src\\components\\Header.tsx:29\"]"},"x":49,"y":27}}
[2026-08-06T06:07:34.056Z] {"timestamp":1785996453890,"kind":"click","url":"http://localhost:3000/#top","viewport":{"width":863,"height":626},"payload":{"target":{"tag":"div","id":null,"name":null,"type":null,"role":null,"ariaLabel":null,"testId":null,"dataLoc":"client\\src\\components\\Header.tsx:29","href":null,"text":"GeeksforGeeks Student Chapter About Features Events Gallery Team FAQ Contact Joi…","selectorHint":"[data-loc=\"client\\src\\components\\Header.tsx:29\"]"},"x":49,"y":27}}
[2026-08-06T06:07:36.043Z] {"timestamp":1785996454072,"kind":"click","url":"http://localhost:3000/#top","viewport":{"width":863,"height":626},"payload":{"target":{"tag":"div","id":null,"name":null,"type":null,"role":null,"ariaLabel":null,"testId":null,"dataLoc":"client\\src\\components\\Header.tsx:29","href":null,"text":"GeeksforGeeks Student Chapter About Features Events Gallery Team FAQ Contact Joi…","selectorHint":"[data-loc=\"client\\src\\components\\Header.tsx:29\"]"},"x":49,"y":27}}
[2026-08-06T06:07:36.043Z] {"timestamp":1785996454292,"kind":"click","url":"http://localhost:3000/#top","viewport":{"width":863,"height":626},"payload":{"target":{"tag":"div","id":null,"name":null,"type":null,"role":null,"ariaLabel":null,"testId":null,"dataLoc":"client\\src\\components\\Header.tsx:29","href":null,"text":"GeeksforGeeks Student Chapter About Features Events Gallery Team FAQ Contact Joi…","selectorHint":"[data-loc=\"client\\src\\components\\Header.tsx:29\"]"},"x":49,"y":27}}
[2026-08-06T06:07:36.043Z] {"timestamp":1785996454582,"kind":"click","url":"http://localhost:3000/#top","viewport":{"width":863,"height":626},"payload":{"target":{"tag":"div","id":null,"name":null,"type":null,"role":null,"ariaLabel":null,"testId":null,"dataLoc":"client\\src\\components\\Header.tsx:29","href":null,"text":"GeeksforGeeks Student Chapter About Features Events Gallery Team FAQ Contact Joi…","selectorHint":"[data-loc=\"client\\src\\components\\Header.tsx:29\"]"},"x":49,"y":27}}
[2026-08-06T06:07:36.043Z] {"timestamp":1785996454765,"kind":"click","url":"http://localhost:3000/#top","viewport":{"width":863,"height":626},"payload":{"target":{"tag":"div","id":null,"name":null,"type":null,"role":null,"ariaLabel":null,"testId":null,"dataLoc":"client\\src\\components\\Header.tsx:29","href":null,"text":"GeeksforGeeks Student Chapter About Features Events Gallery Team FAQ Contact Joi…","selectorHint":"[data-loc=\"client\\src\\components\\Header.tsx:29\"]"},"x":49,"y":27}}
[2026-08-06T06:07:36.043Z] {"timestamp":1785996454988,"kind":"click","url":"http://localhost:3000/#top","viewport":{"width":863,"height":626},"payload":{"target":{"tag":"div","id":null,"name":null,"type":null,"role":null,"ariaLabel":null,"testId":null,"dataLoc":"client\\src\\components\\Header.tsx:29","href":null,"text":"GeeksforGeeks Student Chapter About Features Events Gallery Team FAQ Contact Joi…","selectorHint":"[data-loc=\"client\\src\\components\\Header.tsx:29\"]"},"x":49,"y":27}}
[2026-08-06T06:08:08.045Z] {"timestamp":1785996486363,"kind":"click","url":"http://localhost:3000/#top","viewport":{"width":863,"height":626},"payload":{"target":{"tag":"span","id":null,"name":null,"type":null,"role":null,"ariaLabel":null,"testId":null,"dataLoc":"client\\src\\components\\TypingText.tsx:58","href":null,"text":"Master DSA, One Problem at a Time","selectorHint":"[data-loc=\"client\\src\\components\\TypingText.tsx:58\"]"},"x":233,"y":315}}
[2026-08-06T06:08:12.042Z] {"timestamp":1785996490825,"kind":"click","url":"http://localhost:3000/#top","viewport":{"width":863,"height":626},"payload":{"target":{"tag":"div","id":null,"name":null,"type":null,"role":null,"ariaLabel":null,"testId":null,"dataLoc":"client\\src\\components\\HeroSection.tsx:62","href":null,"text":"CODE. CONNECT. CONQUER. Build With Geeks Who Get It We're the GeeksforGeeks Stud…","selectorHint":"[data-loc=\"client\\src\\components\\HeroSection.tsx:62\"]"},"x":238,"y":195}}
[2026-08-06T06:08:12.042Z] {"timestamp":1785996491495,"kind":"click","url":"http://localhost:3000/#top","viewport":{"width":863,"height":626},"payload":{"target":{"tag":"div","id":null,"name":null,"type":null,"role":null,"ariaLabel":null,"testId":null,"dataLoc":"client\\src\\components\\HeroSection.tsx:62","href":null,"text":"CODE. CONNECT. CONQUER. Build With Geeks Who We're the GeeksforGeeks Student Cha…","selectorHint":"[data-loc=\"client\\src\\components\\HeroSection.tsx:62\"]"},"x":238,"y":195}}
[2026-08-06T06:08:12.042Z] {"timestamp":1785996491655,"kind":"click","url":"http://localhost:3000/#top","viewport":{"width":863,"height":626},"payload":{"target":{"tag":"div","id":null,"name":null,"type":null,"role":null,"ariaLabel":null,"testId":null,"dataLoc":"client\\src\\components\\HeroSection.tsx:62","href":null,"text":"CODE. CONNECT. CONQUER. Build With Geeks W We're the GeeksforGeeks Student Chapt…","selectorHint":"[data-loc=\"client\\src\\components\\HeroSection.tsx:62\"]"},"x":238,"y":195}}
[2026-08-06T06:08:12.042Z] {"timestamp":1785996491824,"kind":"click","url":"http://localhost:3000/#top","viewport":{"width":863,"height":626},"payload":{"target":{"tag":"div","id":null,"name":null,"type":null,"role":null,"ariaLabel":null,"testId":null,"dataLoc":"client\\src\\components\\HeroSection.tsx:62","href":null,"text":"CODE. CONNECT. CONQUER. Build With Ge We're the GeeksforGeeks Student Chapter at…","selectorHint":"[data-loc=\"client\\src\\components\\HeroSection.tsx:62\"]"},"x":238,"y":195}}
[2026-08-06T06:08:12.042Z] {"timestamp":1785996492037,"kind":"click","url":"http://localhost:3000/#top","viewport":{"width":863,"height":626},"payload":{"target":{"tag":"div","id":null,"name":null,"type":null,"role":null,"ariaLabel":null,"testId":null,"dataLoc":"client\\src\\components\\HeroSection.tsx:62","href":null,"text":"CODE. CONNECT. CONQUER. Build We're the GeeksforGeeks Student Chapter at Chandig…","selectorHint":"[data-loc=\"client\\src\\components\\HeroSection.tsx:62\"]"},"x":238,"y":195}}
[2026-08-06T06:08:20.053Z] {"timestamp":1785996498288,"kind":"scroll","url":"http://localhost:3000/#top","viewport":{"width":863,"height":626},"payload":{"scrollX":0,"scrollY":26.399999618530273,"documentHeight":13863,"viewportHeight":626}}
[2026-08-06T06:08:22.046Z] {"timestamp":1785996501320,"kind":"scroll","url":"http://localhost:3000/#top","viewport":{"width":863,"height":626},"payload":{"scrollX":0,"scrollY":140,"documentHeight":13863,"viewportHeight":626}}
[2026-08-06T06:08:26.798Z] {"timestamp":1785996504180,"kind":"scroll","url":"http://localhost:3000/#top","viewport":{"width":1182,"height":626},"payload":{"scrollX":0,"scrollY":139.1999969482422,"documentHeight":12412,"viewportHeight":626}}
[2026-08-06T06:08:32.048Z] {"timestamp":1785996511568,"kind":"scroll","url":"http://localhost:3000/#top","viewport":{"width":1182,"height":626},"payload":{"scrollX":0,"scrollY":138.39999389648438,"documentHeight":12412,"viewportHeight":626}}
[2026-08-06T06:08:36.042Z] {"timestamp":1785996515727,"kind":"scroll","url":"http://localhost:3000/#top","viewport":{"width":1182,"height":350},"payload":{"scrollX":0,"scrollY":137.60000610351562,"documentHeight":12412,"viewportHeight":350}}
[2026-08-06T06:08:44.097Z] {"timestamp":1785996523628,"kind":"scroll","url":"http://localhost:3000/#top","viewport":{"width":1182,"height":350},"payload":{"scrollX":0,"scrollY":136,"documentHeight":12412,"viewportHeight":350}}
[2026-08-06T06:09:07.043Z] {"timestamp":1785996546032,"kind":"focusin","url":"http://localhost:3000/#top","viewport":{"width":1478,"height":598},"payload":{"target":{"tag":"button","id":null,"name":null,"type":null,"role":"switch","ariaLabel":"Toggle dark mode","testId":null,"dataLoc":"client\\src\\components\\AnimatedToggle.tsx:114","href":null,"text":"","selectorHint":"[data-loc=\"client\\src\\components\\AnimatedToggle.tsx:114\"]"}}}
[2026-08-06T06:09:07.043Z] {"timestamp":1785996546250,"kind":"click","url":"http://localhost:3000/#top","viewport":{"width":1478,"height":598},"payload":{"target":{"tag":"button","id":null,"name":null,"type":null,"role":"switch","ariaLabel":"Toggle dark mode","testId":null,"dataLoc":"client\\src\\components\\AnimatedToggle.tsx:114","href":null,"text":"","selectorHint":"[data-loc=\"client\\src\\components\\AnimatedToggle.tsx:114\"]"},"x":1203,"y":35}}
[2026-08-06T06:09:09.048Z] {"timestamp":1785996548016,"kind":"click","url":"http://localhost:3000/#top","viewport":{"width":1478,"height":598},"payload":{"target":{"tag":"button","id":null,"name":null,"type":null,"role":"switch","ariaLabel":"Toggle dark mode","testId":null,"dataLoc":"client\\src\\components\\AnimatedToggle.tsx:114","href":null,"text":"","selectorHint":"[data-loc=\"client\\src\\components\\AnimatedToggle.tsx:114\"]"},"x":1203,"y":35}}
[2026-08-06T06:09:11.049Z] {"timestamp":1785996550221,"kind":"focusout","url":"http://localhost:3000/#top","viewport":{"width":1478,"height":598},"payload":{"target":{"tag":"button","id":null,"name":null,"type":null,"role":"switch","ariaLabel":"Toggle dark mode","testId":null,"dataLoc":"client\\src\\components\\AnimatedToggle.tsx:114","href":null,"text":"","selectorHint":"[data-loc=\"client\\src\\components\\AnimatedToggle.tsx:114\"]"},"value":null}}
[2026-08-06T06:09:15.051Z] {"timestamp":1785996554311,"kind":"focusin","url":"http://localhost:3000/#top","viewport":{"width":1478,"height":598},"payload":{"target":{"tag":"button","id":null,"name":null,"type":null,"role":"switch","ariaLabel":"Toggle dark mode","testId":null,"dataLoc":"client\\src\\components\\AnimatedToggle.tsx:114","href":null,"text":"","selectorHint":"[data-loc=\"client\\src\\components\\AnimatedToggle.tsx:114\"]"}}}
[2026-08-06T06:09:15.051Z] {"timestamp":1785996554311,"kind":"focusout","url":"http://localhost:3000/#top","viewport":{"width":1478,"height":598},"payload":{"target":{"tag":"button","id":null,"name":null,"type":null,"role":"switch","ariaLabel":"Toggle dark mode","testId":null,"dataLoc":"client\\src\\components\\AnimatedToggle.tsx:114","href":null,"text":"","selectorHint":"[data-loc=\"client\\src\\components\\AnimatedToggle.tsx:114\"]"},"value":null}}
[2026-08-06T06:09:15.051Z] {"timestamp":1785996554346,"kind":"focusin","url":"http://localhost:3000/#top","viewport":{"width":1478,"height":598},"payload":{"target":{"tag":"button","id":null,"name":null,"type":null,"role":"switch","ariaLabel":"Toggle dark mode","testId":null,"dataLoc":"client\\src\\components\\AnimatedToggle.tsx:114","href":null,"text":"","selectorHint":"[data-loc=\"client\\src\\components\\AnimatedToggle.tsx:114\"]"}}}
[2026-08-06T06:09:15.051Z] {"timestamp":1785996554800,"kind":"focusout","url":"http://localhost:3000/#top","viewport":{"width":1478,"height":598},"payload":{"target":{"tag":"button","id":null,"name":null,"type":null,"role":"switch","ariaLabel":"Toggle dark mode","testId":null,"dataLoc":"client\\src\\components\\AnimatedToggle.tsx:114","href":null,"text":"","selectorHint":"[data-loc=\"client\\src\\components\\AnimatedToggle.tsx:114\"]"},"value":null}}
[2026-08-06T06:09:37.041Z] {"timestamp":1785996575527,"kind":"focusin","url":"http://localhost:3000/#top","viewport":{"width":1478,"height":598},"payload":{"target":{"tag":"button","id":null,"name":null,"type":null,"role":"switch","ariaLabel":"Toggle dark mode","testId":null,"dataLoc":"client\\src\\components\\AnimatedToggle.tsx:114","href":null,"text":"","selectorHint":"[data-loc=\"client\\src\\components\\AnimatedToggle.tsx:114\"]"}}}
[2026-08-06T06:09:37.041Z] {"timestamp":1785996575528,"kind":"focusout","url":"http://localhost:3000/#top","viewport":{"width":1478,"height":598},"payload":{"target":{"tag":"button","id":null,"name":null,"type":null,"role":"switch","ariaLabel":"Toggle dark mode","testId":null,"dataLoc":"client\\src\\components\\AnimatedToggle.tsx:114","href":null,"text":"","selectorHint":"[data-loc=\"client\\src\\components\\AnimatedToggle.tsx:114\"]"},"value":null}}
[2026-08-06T06:09:37.041Z] {"timestamp":1785996575563,"kind":"focusin","url":"http://localhost:3000/#top","viewport":{"width":1478,"height":598},"payload":{"target":{"tag":"button","id":null,"name":null,"type":null,"role":"switch","ariaLabel":"Toggle dark mode","testId":null,"dataLoc":"client\\src\\components\\AnimatedToggle.tsx:114","href":null,"text":"","selectorHint":"[data-loc=\"client\\src\\components\\AnimatedToggle.tsx:114\"]"}}}
[2026-08-06T06:09:45.042Z] {"timestamp":1785996584634,"kind":"scroll","url":"http://localhost:3000/#top","viewport":{"width":1478,"height":598},"payload":{"scrollX":0,"scrollY":0.800000011920929,"documentHeight":12271,"viewportHeight":598}}
[2026-08-06T06:09:47.040Z] {"timestamp":1785996585150,"kind":"scroll","url":"http://localhost:3000/#top","viewport":{"width":1478,"height":598},"payload":{"scrollX":0,"scrollY":464.79998779296875,"documentHeight":12271,"viewportHeight":598}}
[2026-08-06T06:09:47.040Z] {"timestamp":1785996585651,"kind":"scroll","url":"http://localhost:3000/#top","viewport":{"width":1478,"height":598},"payload":{"scrollX":0,"scrollY":528.7999877929688,"documentHeight":12271,"viewportHeight":598}}
[2026-08-06T06:09:47.040Z] {"timestamp":1785996586167,"kind":"scroll","url":"http://localhost:3000/#top","viewport":{"width":1478,"height":598},"payload":{"scrollX":0,"scrollY":204.8000030517578,"documentHeight":12271,"viewportHeight":598}}
[2026-08-06T06:09:47.040Z] {"timestamp":1785996586684,"kind":"scroll","url":"http://localhost:3000/#top","viewport":{"width":1478,"height":598},"payload":{"scrollX":0,"scrollY":35.20000076293945,"documentHeight":12271,"viewportHeight":598}}
[2026-08-06T06:09:49.051Z] {"timestamp":1785996587649,"kind":"scroll","url":"http://localhost:3000/#top","viewport":{"width":1478,"height":598},"payload":{"scrollX":0,"scrollY":8.800000190734863,"documentHeight":12271,"viewportHeight":598}}
[2026-08-06T06:09:59.799Z] {"timestamp":1785996598254,"kind":"focusout","url":"http://localhost:3000/#top","viewport":{"width":1478,"height":598},"payload":{"target":{"tag":"button","id":null,"name":null,"type":null,"role":"switch","ariaLabel":"Toggle dark mode","testId":null,"dataLoc":"client\\src\\components\\AnimatedToggle.tsx:114","href":null,"text":"","selectorHint":"[data-loc=\"client\\src\\components\\AnimatedToggle.tsx:114\"]"},"value":null}}
[2026-08-06T06:10:03.048Z] {"timestamp":1785996601481,"kind":"focusin","url":"http://localhost:3000/#top","viewport":{"width":1478,"height":598},"payload":{"target":{"tag":"button","id":null,"name":null,"type":null,"role":"switch","ariaLabel":"Toggle dark mode","testId":null,"dataLoc":"client\\src\\components\\AnimatedToggle.tsx:114","href":null,"text":"","selectorHint":"[data-loc=\"client\\src\\components\\AnimatedToggle.tsx:114\"]"}}}
[2026-08-06T06:10:03.048Z] {"timestamp":1785996602218,"kind":"focusout","url":"http://localhost:3000/#top","viewport":{"width":1478,"height":598},"payload":{"target":{"tag":"button","id":null,"name":null,"type":null,"role":"switch","ariaLabel":"Toggle dark mode","testId":null,"dataLoc":"client\\src\\components\\AnimatedToggle.tsx:114","href":null,"text":"","selectorHint":"[data-loc=\"client\\src\\components\\AnimatedToggle.tsx:114\"]"},"value":null}}
[2026-08-06T06:10:29.038Z] {"timestamp":1785996627344,"kind":"focusin","url":"http://localhost:3000/#top","viewport":{"width":1478,"height":598},"payload":{"target":{"tag":"button","id":null,"name":null,"type":null,"role":"switch","ariaLabel":"Toggle dark mode","testId":null,"dataLoc":"client\\src\\components\\AnimatedToggle.tsx:114","href":null,"text":"","selectorHint":"[data-loc=\"client\\src\\components\\AnimatedToggle.tsx:114\"]"}}}
[2026-08-06T06:10:29.038Z] {"timestamp":1785996627345,"kind":"focusout","url":"http://localhost:3000/#top","viewport":{"width":1478,"height":598},"payload":{"target":{"tag":"button","id":null,"name":null,"type":null,"role":"switch","ariaLabel":"Toggle dark mode","testId":null,"dataLoc":"client\\src\\components\\AnimatedToggle.tsx:114","href":null,"text":"","selectorHint":"[data-loc=\"client\\src\\components\\AnimatedToggle.tsx:114\"]"},"value":null}}
[2026-08-06T06:10:29.038Z] {"timestamp":1785996627357,"kind":"focusin","url":"http://localhost:3000/#top","viewport":{"width":1478,"height":598},"payload":{"target":{"tag":"button","id":null,"name":null,"type":null,"role":"switch","ariaLabel":"Toggle dark mode","testId":null,"dataLoc":"client\\src\\components\\AnimatedToggle.tsx:114","href":null,"text":"","selectorHint":"[data-loc=\"client\\src\\components\\AnimatedToggle.tsx:114\"]"}}}
[2026-08-06T06:10:41.049Z] {"timestamp":1785996640025,"kind":"focusout","url":"http://localhost:3000/#top","viewport":{"width":1478,"height":598},"payload":{"target":{"tag":"button","id":null,"name":null,"type":null,"role":"switch","ariaLabel":"Toggle dark mode","testId":null,"dataLoc":"client\\src\\components\\AnimatedToggle.tsx:114","href":null,"text":"","selectorHint":"[data-loc=\"client\\src\\components\\AnimatedToggle.tsx:114\"]"},"value":null}}
[2026-08-06T06:14:07.039Z] {"timestamp":1785996846068,"kind":"focusin","url":"http://localhost:3000/#top","viewport":{"width":1159,"height":696},"payload":{"target":{"tag":"button","id":null,"name":null,"type":null,"role":"switch","ariaLabel":"Toggle dark mode","testId":null,"dataLoc":"client\\src\\components\\AnimatedToggle.tsx:114","href":null,"text":"","selectorHint":"[data-loc=\"client\\src\\components\\AnimatedToggle.tsx:114\"]"}}}
[2026-08-06T06:14:09.048Z] {"timestamp":1785996848244,"kind":"focusout","url":"http://localhost:3000/#top","viewport":{"width":1159,"height":696},"payload":{"target":{"tag":"button","id":null,"name":null,"type":null,"role":"switch","ariaLabel":"Toggle dark mode","testId":null,"dataLoc":"client\\src\\components\\AnimatedToggle.tsx:114","href":null,"text":"","selectorHint":"[data-loc=\"client\\src\\components\\AnimatedToggle.tsx:114\"]"},"value":null}}
[2026-08-06T06:14:13.038Z] {"timestamp":1785996852049,"kind":"scroll","url":"http://localhost:3000/#top","viewport":{"width":1159,"height":696},"payload":{"scrollX":0,"scrollY":23.200000762939453,"documentHeight":12412,"viewportHeight":696}}
[2026-08-06T06:14:13.038Z] {"timestamp":1785996852583,"kind":"scroll","url":"http://localhost:3000/#top","viewport":{"width":1159,"height":696},"payload":{"scrollX":0,"scrollY":378.3999938964844,"documentHeight":12412,"viewportHeight":696}}
[2026-08-06T06:14:15.051Z] {"timestamp":1785996854815,"kind":"scroll","url":"http://localhost:3000/#top","viewport":{"width":1159,"height":696},"payload":{"scrollX":0,"scrollY":373.6000061035156,"documentHeight":12412,"viewportHeight":696}}
[2026-08-06T06:14:23.053Z] {"timestamp":1785996862799,"kind":"scroll","url":"http://localhost:3000/#top","viewport":{"width":1159,"height":696},"payload":{"scrollX":0,"scrollY":368.79998779296875,"documentHeight":12412,"viewportHeight":696}}
[2026-08-06T06:14:27.040Z] {"timestamp":1785996866799,"kind":"scroll","url":"http://localhost:3000/#top","viewport":{"width":1159,"height":696},"payload":{"scrollX":0,"scrollY":363.20001220703125,"documentHeight":12412,"viewportHeight":696}}
[2026-08-06T06:14:33.040Z] {"timestamp":1785996871066,"kind":"scroll","url":"http://localhost:3000/#top","viewport":{"width":1159,"height":696},"payload":{"scrollX":0,"scrollY":358.3999938964844,"documentHeight":12412,"viewportHeight":696}}
[2026-08-06T06:14:41.043Z] {"timestamp":1785996879366,"kind":"scroll","url":"http://localhost:3000/#top","viewport":{"width":1159,"height":696},"payload":{"scrollX":0,"scrollY":353.6000061035156,"documentHeight":12412,"viewportHeight":696}}
[2026-08-06T06:14:45.043Z] {"timestamp":1785996883483,"kind":"scroll","url":"http://localhost:3000/#top","viewport":{"width":1159,"height":696},"payload":{"scrollX":0,"scrollY":348.79998779296875,"documentHeight":12412,"viewportHeight":696}}
[2026-08-06T06:14:45.043Z] {"timestamp":1785996884551,"kind":"scroll","url":"http://localhost:3000/#top","viewport":{"width":1159,"height":696},"payload":{"scrollX":0,"scrollY":341.6000061035156,"documentHeight":12412,"viewportHeight":696}}
[2026-08-06T06:14:47.041Z] {"timestamp":1785996885223,"kind":"scroll","url":"http://localhost:3000/#top","viewport":{"width":1159,"height":696},"payload":{"scrollX":0,"scrollY":3.200000047683716,"documentHeight":12412,"viewportHeight":696}}
[2026-08-06T06:15:51.046Z] {"timestamp":1785996950621,"kind":"scroll","url":"http://localhost:3000/#top","viewport":{"width":863,"height":696},"payload":{"scrollX":0,"scrollY":0.800000011920929,"documentHeight":13863,"viewportHeight":696}}
[2026-08-06T06:15:53.043Z] {"timestamp":1785996951204,"kind":"scroll","url":"http://localhost:3000/#top","viewport":{"width":863,"height":696},"payload":{"scrollX":0,"scrollY":308.79998779296875,"documentHeight":13863,"viewportHeight":696}}
[2026-08-06T06:15:55.291Z] {"timestamp":1785996953520,"kind":"scroll","url":"http://localhost:3000/#top","viewport":{"width":863,"height":696},"payload":{"scrollX":0,"scrollY":368,"documentHeight":13863,"viewportHeight":696}}
[2026-08-06T06:16:15.800Z] {"timestamp":1785996974997,"kind":"scroll","url":"http://localhost:3000/#top","viewport":{"width":863,"height":696},"payload":{"scrollX":0,"scrollY":372,"documentHeight":13830,"viewportHeight":696}}
[2026-08-06T06:16:41.274Z] {"timestamp":1785997000225,"kind":"scroll","url":"http://localhost:3000/#top","viewport":{"width":863,"height":696},"payload":{"scrollX":0,"scrollY":376,"documentHeight":13863,"viewportHeight":696}}
[2026-08-06T06:17:05.402Z] {"timestamp":1785997023209,"kind":"scroll","url":"http://localhost:3000/#top","viewport":{"width":863,"height":696},"payload":{"scrollX":0,"scrollY":380,"documentHeight":13830,"viewportHeight":696}}
[2026-08-06T06:17:25.790Z] {"timestamp":1785997044994,"kind":"scroll","url":"http://localhost:3000/#top","viewport":{"width":863,"height":696},"payload":{"scrollX":0,"scrollY":384,"documentHeight":13863,"viewportHeight":696}}
[2026-08-06T06:17:47.745Z] {"timestamp":1785997065578,"kind":"scroll","url":"http://localhost:3000/#top","viewport":{"width":863,"height":696},"payload":{"scrollX":0,"scrollY":388,"documentHeight":13830,"viewportHeight":696}}
[2026-08-06T06:18:13.796Z] {"timestamp":1785997091748,"kind":"scroll","url":"http://localhost:3000/#top","viewport":{"width":863,"height":696},"payload":{"scrollX":0,"scrollY":392,"documentHeight":13830,"viewportHeight":696}}
[2026-08-06T06:18:33.787Z] {"timestamp":1785997111564,"kind":"scroll","url":"http://localhost:3000/#top","viewport":{"width":863,"height":696},"payload":{"scrollX":0,"scrollY":396,"documentHeight":13830,"viewportHeight":696}}
[2026-08-06T06:18:39.042Z] {"timestamp":1785997118647,"kind":"scroll","url":"http://localhost:3000/#top","viewport":{"width":863,"height":696},"payload":{"scrollX":0,"scrollY":400,"documentHeight":13863,"viewportHeight":696}}
[2026-08-06T06:18:43.039Z] {"timestamp":1785997122698,"kind":"scroll","url":"http://localhost:3000/#top","viewport":{"width":863,"height":696},"payload":{"scrollX":0,"scrollY":404.79998779296875,"documentHeight":13830,"viewportHeight":696}}
[2026-08-06T06:18:49.043Z] {"timestamp":1785997127132,"kind":"scroll","url":"http://localhost:3000/#top","viewport":{"width":863,"height":696},"payload":{"scrollX":0,"scrollY":408.79998779296875,"documentHeight":13863,"viewportHeight":696}}
[2026-08-06T06:18:53.039Z] {"timestamp":1785997131231,"kind":"scroll","url":"http://localhost:3000/#top","viewport":{"width":863,"height":696},"payload":{"scrollX":0,"scrollY":412.79998779296875,"documentHeight":13863,"viewportHeight":696}}
[2026-08-06T06:18:57.053Z] {"timestamp":1785997135298,"kind":"scroll","url":"http://localhost:3000/#top","viewport":{"width":863,"height":696},"payload":{"scrollX":0,"scrollY":416.79998779296875,"documentHeight":13863,"viewportHeight":696}}
[2026-08-06T06:19:01.043Z] {"timestamp":1785997139333,"kind":"scroll","url":"http://localhost:3000/#top","viewport":{"width":863,"height":696},"payload":{"scrollX":0,"scrollY":421.6000061035156,"documentHeight":13830,"viewportHeight":696}}
[2026-08-06T06:19:05.040Z] {"timestamp":1785997143699,"kind":"scroll","url":"http://localhost:3000/#top","viewport":{"width":863,"height":696},"payload":{"scrollX":0,"scrollY":426.3999938964844,"documentHeight":13830,"viewportHeight":696}}
[2026-08-06T06:19:09.039Z] {"timestamp":1785997147849,"kind":"scroll","url":"http://localhost:3000/#top","viewport":{"width":863,"height":696},"payload":{"scrollX":0,"scrollY":431.20001220703125,"documentHeight":13863,"viewportHeight":696}}
[2026-08-06T06:19:13.039Z] {"timestamp":1785997151950,"kind":"scroll","url":"http://localhost:3000/#top","viewport":{"width":863,"height":696},"payload":{"scrollX":0,"scrollY":435.20001220703125,"documentHeight":13830,"viewportHeight":696}}
[2026-08-06T06:19:17.039Z] {"timestamp":1785997155967,"kind":"scroll","url":"http://localhost:3000/#top","viewport":{"width":863,"height":696},"payload":{"scrollX":0,"scrollY":440,"documentHeight":13830,"viewportHeight":696}}
[2026-08-06T06:19:21.039Z] {"timestamp":1785997160367,"kind":"scroll","url":"http://localhost:3000/#top","viewport":{"width":863,"height":696},"payload":{"scrollX":0,"scrollY":444.79998779296875,"documentHeight":13863,"viewportHeight":696}}
[2026-08-06T06:19:25.038Z] {"timestamp":1785997164500,"kind":"scroll","url":"http://localhost:3000/#top","viewport":{"width":863,"height":696},"payload":{"scrollX":0,"scrollY":448.79998779296875,"documentHeight":13863,"viewportHeight":696}}
[2026-08-06T06:19:29.052Z] {"timestamp":1785997168567,"kind":"scroll","url":"http://localhost:3000/#top","viewport":{"width":863,"height":696},"payload":{"scrollX":0,"scrollY":453.6000061035156,"documentHeight":13830,"viewportHeight":696}}
[2026-08-06T06:19:33.038Z] {"timestamp":1785997172584,"kind":"scroll","url":"http://localhost:3000/#top","viewport":{"width":863,"height":696},"payload":{"scrollX":0,"scrollY":458.3999938964844,"documentHeight":13830,"viewportHeight":696}}
[2026-08-06T06:19:37.042Z] {"timestamp":1785997177002,"kind":"scroll","url":"http://localhost:3000/#top","viewport":{"width":863,"height":696},"payload":{"scrollX":0,"scrollY":464,"documentHeight":13863,"viewportHeight":696}}
[2026-08-06T06:19:43.041Z] {"timestamp":1785997181138,"kind":"scroll","url":"http://localhost:3000/#top","viewport":{"width":863,"height":696},"payload":{"scrollX":0,"scrollY":469.6000061035156,"documentHeight":13830,"viewportHeight":696}}
[2026-08-06T06:19:47.042Z] {"timestamp":1785997185185,"kind":"scroll","url":"http://localhost:3000/#top","viewport":{"width":863,"height":696},"payload":{"scrollX":0,"scrollY":475.20001220703125,"documentHeight":13830,"viewportHeight":696}}
[2026-08-06T06:19:51.042Z] {"timestamp":1785997189202,"kind":"scroll","url":"http://localhost:3000/#top","viewport":{"width":863,"height":696},"payload":{"scrollX":0,"scrollY":480.79998779296875,"documentHeight":13863,"viewportHeight":696}}
[2026-08-06T06:19:55.040Z] {"timestamp":1785997193620,"kind":"scroll","url":"http://localhost:3000/#top","viewport":{"width":863,"height":696},"payload":{"scrollX":0,"scrollY":486.3999938964844,"documentHeight":13863,"viewportHeight":696}}
[2026-08-06T06:19:59.043Z] {"timestamp":1785997197703,"kind":"scroll","url":"http://localhost:3000/#top","viewport":{"width":863,"height":696},"payload":{"scrollX":0,"scrollY":492,"documentHeight":13863,"viewportHeight":696}}
[2026-08-06T06:20:01.038Z] {"timestamp":1785997200818,"kind":"focusin","url":"http://localhost:3000/#top","viewport":{"width":863,"height":696},"payload":{"target":{"tag":"button","id":null,"name":null,"type":null,"role":"switch","ariaLabel":"Toggle dark mode","testId":null,"dataLoc":"client\\src\\components\\AnimatedToggle.tsx:114","href":null,"text":"","selectorHint":"[data-loc=\"client\\src\\components\\AnimatedToggle.tsx:114\"]"}}}
[2026-08-06T06:20:01.038Z] {"timestamp":1785997200887,"kind":"focusout","url":"http://localhost:3000/#top","viewport":{"width":863,"height":696},"payload":{"target":{"tag":"button","id":null,"name":null,"type":null,"role":"switch","ariaLabel":"Toggle dark mode","testId":null,"dataLoc":"client\\src\\components\\AnimatedToggle.tsx:114","href":null,"text":"","selectorHint":"[data-loc=\"client\\src\\components\\AnimatedToggle.tsx:114\"]"},"value":null}}
[2026-08-06T06:20:01.038Z] {"timestamp":1785997200887,"kind":"focusin","url":"http://localhost:3000/#top","viewport":{"width":863,"height":696},"payload":{"target":{"tag":"a","id":null,"name":null,"type":null,"role":null,"ariaLabel":null,"testId":null,"dataLoc":"client\\src\\components\\HeroSection.tsx:93","href":"/join","text":"Join the Chapter","selectorHint":"[data-loc=\"client\\src\\components\\HeroSection.tsx:93\"]"}}}
[2026-08-06T06:20:01.053Z] {"timestamp":1785997201042,"kind":"click","url":"http://localhost:3000/#top","viewport":{"width":863,"height":696},"payload":{"target":{"tag":"a","id":null,"name":null,"type":null,"role":null,"ariaLabel":null,"testId":null,"dataLoc":"client\\src\\components\\HeroSection.tsx:93","href":"/join","text":"Join the Chapter","selectorHint":"[data-loc=\"client\\src\\components\\HeroSection.tsx:93\"]"},"x":174,"y":311}}
[2026-08-06T06:20:03.158Z] {"timestamp":1785997202524,"kind":"scroll","url":"http://localhost:3000/join","viewport":{"width":863,"height":696},"payload":{"scrollX":0,"scrollY":11.199999809265137,"documentHeight":886,"viewportHeight":696}}
[2026-08-06T06:20:03.158Z] {"timestamp":1785997203037,"kind":"scroll","url":"http://localhost:3000/join","viewport":{"width":863,"height":696},"payload":{"scrollX":0,"scrollY":184.8000030517578,"documentHeight":886,"viewportHeight":696}}
[2026-08-06T06:20:05.155Z] {"timestamp":1785997203936,"kind":"scroll","url":"http://localhost:3000/join","viewport":{"width":863,"height":696},"payload":{"scrollX":0,"scrollY":188.8000030517578,"documentHeight":886,"viewportHeight":696}}
[2026-08-06T06:20:05.155Z] {"timestamp":1785997204437,"kind":"scroll","url":"http://localhost:3000/join","viewport":{"width":863,"height":696},"payload":{"scrollX":0,"scrollY":116.80000305175781,"documentHeight":886,"viewportHeight":696}}
[2026-08-06T06:20:05.155Z] {"timestamp":1785997204938,"kind":"scroll","url":"http://localhost:3000/join","viewport":{"width":863,"height":696},"payload":{"scrollX":0,"scrollY":117.5999984741211,"documentHeight":886,"viewportHeight":696}}
[2026-08-06T06:20:06.556Z] {"timestamp":1785997206320,"kind":"focusin","url":"http://localhost:3000/join","viewport":{"width":863,"height":696},"payload":{"target":{"tag":"a","id":null,"name":null,"type":null,"role":null,"ariaLabel":null,"testId":null,"dataLoc":"client\\src\\pages\\JoinChapter.tsx:22","href":"/","text":"Back to Home","selectorHint":"[data-loc=\"client\\src\\pages\\JoinChapter.tsx:22\"]"}}}
[2026-08-06T06:20:06.556Z] {"timestamp":1785997206544,"kind":"click","url":"http://localhost:3000/join","viewport":{"width":863,"height":696},"payload":{"target":{"tag":"a","id":null,"name":null,"type":null,"role":null,"ariaLabel":null,"testId":null,"dataLoc":"client\\src\\pages\\JoinChapter.tsx:22","href":"/","text":"Back to Home","selectorHint":"[data-loc=\"client\\src\\pages\\JoinChapter.tsx:22\"]"},"x":108,"y":59}}
[2026-08-06T06:20:12.706Z] {"timestamp":1785997211371,"kind":"scroll","url":"http://localhost:3000/","viewport":{"width":863,"height":696},"payload":{"scrollX":0,"scrollY":46.400001525878906,"documentHeight":13820,"viewportHeight":696}}
[2026-08-06T06:20:12.706Z] {"timestamp":1785997211888,"kind":"scroll","url":"http://localhost:3000/","viewport":{"width":863,"height":696},"payload":{"scrollX":0,"scrollY":1872,"documentHeight":13820,"viewportHeight":696}}
[2026-08-06T06:20:12.706Z] {"timestamp":1785997212438,"kind":"scroll","url":"http://localhost:3000/","viewport":{"width":863,"height":696},"payload":{"scrollX":0,"scrollY":3232,"documentHeight":13863,"viewportHeight":696}}
[2026-08-06T06:20:14.707Z] {"timestamp":1785997212955,"kind":"scroll","url":"http://localhost:3000/","viewport":{"width":863,"height":696},"payload":{"scrollX":0,"scrollY":5020.7998046875,"documentHeight":13863,"viewportHeight":696}}
[2026-08-06T06:20:14.707Z] {"timestamp":1785997213472,"kind":"scroll","url":"http://localhost:3000/","viewport":{"width":863,"height":696},"payload":{"scrollX":0,"scrollY":6455.2001953125,"documentHeight":13863,"viewportHeight":696}}
[2026-08-06T06:20:14.707Z] {"timestamp":1785997214009,"kind":"scroll","url":"http://localhost:3000/","viewport":{"width":863,"height":696},"payload":{"scrollX":0,"scrollY":7511.2001953125,"documentHeight":13863,"viewportHeight":696}}
[2026-08-06T06:20:14.707Z] {"timestamp":1785997214521,"kind":"scroll","url":"http://localhost:3000/","viewport":{"width":863,"height":696},"payload":{"scrollX":0,"scrollY":8359.2001953125,"documentHeight":13863,"viewportHeight":696}}
[2026-08-06T06:20:16.708Z] {"timestamp":1785997215022,"kind":"scroll","url":"http://localhost:3000/","viewport":{"width":863,"height":696},"payload":{"scrollX":0,"scrollY":9624,"documentHeight":13820,"viewportHeight":696}}
[2026-08-06T06:20:16.708Z] {"timestamp":1785997216289,"kind":"scroll","url":"http://localhost:3000/","viewport":{"width":863,"height":696},"payload":{"scrollX":0,"scrollY":10147.2001953125,"documentHeight":13820,"viewportHeight":696}}
[2026-08-06T06:20:18.707Z] {"timestamp":1785997216790,"kind":"scroll","url":"http://localhost:3000/","viewport":{"width":863,"height":696},"payload":{"scrollX":0,"scrollY":10636,"documentHeight":13863,"viewportHeight":696}}
[2026-08-06T06:20:18.707Z] {"timestamp":1785997217305,"kind":"scroll","url":"http://localhost:3000/","viewport":{"width":863,"height":696},"payload":{"scrollX":0,"scrollY":11447.2001953125,"documentHeight":13863,"viewportHeight":696}}
[2026-08-06T06:20:18.707Z] {"timestamp":1785997217805,"kind":"scroll","url":"http://localhost:3000/","viewport":{"width":863,"height":696},"payload":{"scrollX":0,"scrollY":12284.7998046875,"documentHeight":13863,"viewportHeight":696}}
[2026-08-06T06:20:18.707Z] {"timestamp":1785997218338,"kind":"scroll","url":"http://localhost:3000/","viewport":{"width":863,"height":696},"payload":{"scrollX":0,"scrollY":12888,"documentHeight":13863,"viewportHeight":696}}
[2026-08-06T06:20:20.699Z] {"timestamp":1785997219420,"kind":"scroll","url":"http://localhost:3000/","viewport":{"width":863,"height":696},"payload":{"scrollX":0,"scrollY":13091.2001953125,"documentHeight":13787,"viewportHeight":696}}
[2026-08-06T06:20:20.699Z] {"timestamp":1785997220027,"kind":"scroll","url":"http://localhost:3000/","viewport":{"width":863,"height":696},"payload":{"scrollX":0,"scrollY":13089.599609375,"documentHeight":13787,"viewportHeight":696}}
[2026-08-06T06:20:20.699Z] {"timestamp":1785997220539,"kind":"scroll","url":"http://localhost:3000/","viewport":{"width":863,"height":696},"payload":{"scrollX":0,"scrollY":12601.599609375,"documentHeight":13787,"viewportHeight":696}}
[2026-08-06T06:20:22.699Z] {"timestamp":1785997221040,"kind":"scroll","url":"http://localhost:3000/","viewport":{"width":863,"height":696},"payload":{"scrollX":0,"scrollY":12359.2001953125,"documentHeight":13830,"viewportHeight":696}}
[2026-08-06T06:20:22.699Z] {"timestamp":1785997221737,"kind":"scroll","url":"http://localhost:3000/","viewport":{"width":863,"height":696},"payload":{"scrollX":0,"scrollY":12346.400390625,"documentHeight":13830,"viewportHeight":696}}
[2026-08-06T06:20:22.699Z] {"timestamp":1785997222239,"kind":"scroll","url":"http://localhost:3000/","viewport":{"width":863,"height":696},"payload":{"scrollX":0,"scrollY":10782.400390625,"documentHeight":13830,"viewportHeight":696}}
[2026-08-06T06:20:24.698Z] {"timestamp":1785997222739,"kind":"scroll","url":"http://localhost:3000/","viewport":{"width":863,"height":696},"payload":{"scrollX":0,"scrollY":9371.2001953125,"documentHeight":13830,"viewportHeight":696}}
[2026-08-06T06:20:24.698Z] {"timestamp":1785997223240,"kind":"scroll","url":"http://localhost:3000/","viewport":{"width":863,"height":696},"payload":{"scrollX":0,"scrollY":7797.60009765625,"documentHeight":13787,"viewportHeight":696}}
[2026-08-06T06:20:24.698Z] {"timestamp":1785997223740,"kind":"scroll","url":"http://localhost:3000/","viewport":{"width":863,"height":696},"payload":{"scrollX":0,"scrollY":6084,"documentHeight":13787,"viewportHeight":696}}
[2026-08-06T06:20:24.698Z] {"timestamp":1785997224256,"kind":"scroll","url":"http://localhost:3000/","viewport":{"width":863,"height":696},"payload":{"scrollX":0,"scrollY":3855.199951171875,"documentHeight":13787,"viewportHeight":696}}
[2026-08-06T06:20:26.699Z] {"timestamp":1785997224755,"kind":"scroll","url":"http://localhost:3000/","viewport":{"width":863,"height":696},"payload":{"scrollX":0,"scrollY":2746.39990234375,"documentHeight":13830,"viewportHeight":696}}
[2026-08-06T06:20:26.699Z] {"timestamp":1785997225255,"kind":"scroll","url":"http://localhost:3000/","viewport":{"width":863,"height":696},"payload":{"scrollX":0,"scrollY":1901.5999755859375,"documentHeight":13830,"viewportHeight":696}}
[2026-08-06T06:20:26.699Z] {"timestamp":1785997225773,"kind":"scroll","url":"http://localhost:3000/","viewport":{"width":863,"height":696},"payload":{"scrollX":0,"scrollY":433.6000061035156,"documentHeight":13863,"viewportHeight":696}}
[2026-08-06T06:22:32.700Z] {"timestamp":1785997351345,"kind":"scroll","url":"http://localhost:3000/","viewport":{"width":863,"height":696},"payload":{"scrollX":0,"scrollY":0.800000011920929,"documentHeight":13863,"viewportHeight":696}}
[2026-08-06T06:22:32.700Z] {"timestamp":1785997352012,"kind":"scroll","url":"http://localhost:3000/","viewport":{"width":863,"height":696},"payload":{"scrollX":0,"scrollY":303.20001220703125,"documentHeight":13787,"viewportHeight":696}}
[2026-08-06T06:22:33.706Z] {"timestamp":1785997353489,"kind":"focusin","url":"http://localhost:3000/","viewport":{"width":863,"height":696},"payload":{"target":{"tag":"a","id":null,"name":null,"type":null,"role":null,"ariaLabel":null,"testId":null,"dataLoc":"client\\src\\components\\HeroSection.tsx:93","href":"/join","text":"Join the Chapter","selectorHint":"[data-loc=\"client\\src\\components\\HeroSection.tsx:93\"]"}}}
[2026-08-06T06:22:33.706Z] {"timestamp":1785997353698,"kind":"click","url":"http://localhost:3000/","viewport":{"width":863,"height":696},"payload":{"target":{"tag":"a","id":null,"name":null,"type":null,"role":null,"ariaLabel":null,"testId":null,"dataLoc":"client\\src\\components\\HeroSection.tsx:93","href":"/join","text":"Join the Chapter","selectorHint":"[data-loc=\"client\\src\\components\\HeroSection.tsx:93\"]"},"x":114,"y":457}}
[2026-08-06T06:22:35.830Z] {"timestamp":1785997355318,"kind":"scroll","url":"http://localhost:3000/join","viewport":{"width":863,"height":696},"payload":{"scrollX":0,"scrollY":4.800000190734863,"documentHeight":886,"viewportHeight":696}}
[2026-08-06T06:22:37.832Z] {"timestamp":1785997356134,"kind":"scroll","url":"http://localhost:3000/join","viewport":{"width":863,"height":696},"payload":{"scrollX":0,"scrollY":95.19999694824219,"documentHeight":886,"viewportHeight":696}}
[2026-08-06T06:22:37.832Z] {"timestamp":1785997357597,"kind":"focusin","url":"http://localhost:3000/join","viewport":{"width":863,"height":696},"payload":{"target":{"tag":"select","id":"join-year","name":null,"type":null,"role":null,"ariaLabel":null,"testId":null,"dataLoc":"client\\src\\pages\\JoinChapter.tsx:81","href":null,"text":"Select year 1st Year 2nd Year 3rd Year 4th Year","selectorHint":"[data-loc=\"client\\src\\pages\\JoinChapter.tsx:81\"]"}}}
[2026-08-06T06:22:37.832Z] {"timestamp":1785997357820,"kind":"click","url":"http://localhost:3000/join","viewport":{"width":863,"height":696},"payload":{"target":{"tag":"select","id":"join-year","name":null,"type":null,"role":null,"ariaLabel":null,"testId":null,"dataLoc":"client\\src\\pages\\JoinChapter.tsx:81","href":null,"text":"Select year 1st Year 2nd Year 3rd Year 4th Year","selectorHint":"[data-loc=\"client\\src\\pages\\JoinChapter.tsx:81\"]"},"x":241,"y":409}}
[2026-08-06T06:22:39.823Z] {"timestamp":1785997359350,"kind":"focusout","url":"http://localhost:3000/join","viewport":{"width":863,"height":696},"payload":{"target":{"tag":"select","id":"join-year","name":null,"type":null,"role":null,"ariaLabel":null,"testId":null,"dataLoc":"client\\src\\pages\\JoinChapter.tsx:81","href":null,"text":"Select year 1st Year 2nd Year 3rd Year 4th Year","selectorHint":"[data-loc=\"client\\src\\pages\\JoinChapter.tsx:81\"]"},"value":""}}
[2026-08-06T06:22:39.823Z] {"timestamp":1785997359572,"kind":"click","url":"http://localhost:3000/join","viewport":{"width":863,"height":696},"payload":{"target":{"tag":"div","id":null,"name":null,"type":null,"role":null,"ariaLabel":null,"testId":null,"dataLoc":"client\\src\\pages\\JoinChapter.tsx:30","href":null,"text":"JOIN CHAPTER Application Form This is separate from the contact page. Fill this …","selectorHint":"[data-loc=\"client\\src\\pages\\JoinChapter.tsx:30\"]"},"x":89,"y":468}}
[2026-08-06T06:22:41.824Z] {"timestamp":1785997361034,"kind":"focusin","url":"http://localhost:3000/join","viewport":{"width":863,"height":696},"payload":{"target":{"tag":"textarea","id":"join-interest","name":null,"type":null,"role":null,"ariaLabel":null,"testId":null,"dataLoc":"client\\src\\pages\\JoinChapter.tsx:100","href":null,"text":"","selectorHint":"[data-loc=\"client\\src\\pages\\JoinChapter.tsx:100\"]"}}}
[2026-08-06T06:22:41.824Z] {"timestamp":1785997361259,"kind":"click","url":"http://localhost:3000/join","viewport":{"width":863,"height":696},"payload":{"target":{"tag":"textarea","id":"join-interest","name":null,"type":null,"role":null,"ariaLabel":null,"testId":null,"dataLoc":"client\\src\\pages\\JoinChapter.tsx:100","href":null,"text":"","selectorHint":"[data-loc=\"client\\src\\pages\\JoinChapter.tsx:100\"]"},"x":227,"y":486}}
[2026-08-06T06:22:43.820Z] {"timestamp":1785997362072,"kind":"scroll","url":"http://localhost:3000/join","viewport":{"width":863,"height":696},"payload":{"scrollX":0,"scrollY":150.39999389648438,"documentHeight":886,"viewportHeight":696}}
[2026-08-06T06:22:43.821Z] {"timestamp":1785997362956,"kind":"scroll","url":"http://localhost:3000/join","viewport":{"width":863,"height":696},"payload":{"scrollX":0,"scrollY":188.8000030517578,"documentHeight":886,"viewportHeight":696}}
[2026-08-06T06:22:43.821Z] {"timestamp":1785997363473,"kind":"scroll","url":"http://localhost:3000/join","viewport":{"width":863,"height":696},"payload":{"scrollX":0,"scrollY":125.5999984741211,"documentHeight":886,"viewportHeight":696}}
[2026-08-06T06:22:45.821Z] {"timestamp":1785997364340,"kind":"scroll","url":"http://localhost:3000/join","viewport":{"width":863,"height":696},"payload":{"scrollX":0,"scrollY":84.80000305175781,"documentHeight":886,"viewportHeight":696}}
[2026-08-06T06:22:45.821Z] {"timestamp":1785997364972,"kind":"scroll","url":"http://localhost:3000/join","viewport":{"width":863,"height":696},"payload":{"scrollX":0,"scrollY":25.600000381469727,"documentHeight":886,"viewportHeight":696}}
[2026-08-06T06:22:45.821Z] {"timestamp":1785997365557,"kind":"scroll","url":"http://localhost:3000/join","viewport":{"width":863,"height":696},"payload":{"scrollX":0,"scrollY":12.800000190734863,"documentHeight":886,"viewportHeight":696}}
[2026-08-06T06:23:15.818Z] {"timestamp":1785997395349,"kind":"focusout","url":"http://localhost:3000/join","viewport":{"width":863,"height":696},"payload":{"target":{"tag":"textarea","id":"join-interest","name":null,"type":null,"role":null,"ariaLabel":null,"testId":null,"dataLoc":"client\\src\\pages\\JoinChapter.tsx:100","href":null,"text":"","selectorHint":"[data-loc=\"client\\src\\pages\\JoinChapter.tsx:100\"]"},"value":""}}
[2026-08-06T06:23:15.818Z] {"timestamp":1785997395365,"kind":"focusin","url":"http://localhost:3000/join","viewport":{"width":863,"height":696},"payload":{"target":{"tag":"textarea","id":"join-interest","name":null,"type":null,"role":null,"ariaLabel":null,"testId":null,"dataLoc":"client\\src\\pages\\JoinChapter.tsx:100","href":null,"text":"","selectorHint":"[data-loc=\"client\\src\\pages\\JoinChapter.tsx:100\"]"}}}
[2026-08-06T06:23:15.818Z] {"timestamp":1785997395576,"kind":"focusout","url":"http://localhost:3000/join","viewport":{"width":863,"height":696},"payload":{"target":{"tag":"textarea","id":"join-interest","name":null,"type":null,"role":null,"ariaLabel":null,"testId":null,"dataLoc":"client\\src\\pages\\JoinChapter.tsx:100","href":null,"text":"","selectorHint":"[data-loc=\"client\\src\\pages\\JoinChapter.tsx:100\"]"},"value":""}}
[2026-08-06T06:23:15.818Z] {"timestamp":1785997395606,"kind":"focusin","url":"http://localhost:3000/join","viewport":{"width":1159,"height":696},"payload":{"target":{"tag":"textarea","id":"join-interest","name":null,"type":null,"role":null,"ariaLabel":null,"testId":null,"dataLoc":"client\\src\\pages\\JoinChapter.tsx:100","href":null,"text":"","selectorHint":"[data-loc=\"client\\src\\pages\\JoinChapter.tsx:100\"]"}}}
[2026-08-06T06:23:17.817Z] {"timestamp":1785997397644,"kind":"scroll","url":"http://localhost:3000/join","viewport":{"width":1159,"height":696},"payload":{"scrollX":0,"scrollY":109.5999984741211,"documentHeight":886,"viewportHeight":696}}
[2026-08-06T06:23:19.819Z] {"timestamp":1785997398440,"kind":"scroll","url":"http://localhost:3000/join","viewport":{"width":1159,"height":696},"payload":{"scrollX":0,"scrollY":2.4000000953674316,"documentHeight":886,"viewportHeight":696}}
[2026-08-06T06:23:20.147Z] {"timestamp":1785997399915,"kind":"focusout","url":"http://localhost:3000/join","viewport":{"width":1159,"height":696},"payload":{"target":{"tag":"textarea","id":"join-interest","name":null,"type":null,"role":null,"ariaLabel":null,"testId":null,"dataLoc":"client\\src\\pages\\JoinChapter.tsx:100","href":null,"text":"","selectorHint":"[data-loc=\"client\\src\\pages\\JoinChapter.tsx:100\"]"},"value":""}}
[2026-08-06T06:23:20.147Z] {"timestamp":1785997399915,"kind":"focusin","url":"http://localhost:3000/join","viewport":{"width":1159,"height":696},"payload":{"target":{"tag":"a","id":null,"name":null,"type":null,"role":null,"ariaLabel":null,"testId":null,"dataLoc":"client\\src\\pages\\JoinChapter.tsx:22","href":"/","text":"Back to Home","selectorHint":"[data-loc=\"client\\src\\pages\\JoinChapter.tsx:22\"]"}}}
[2026-08-06T06:23:20.147Z] {"timestamp":1785997400143,"kind":"click","url":"http://localhost:3000/join","viewport":{"width":1159,"height":696},"payload":{"target":{"tag":"svg","id":null,"name":null,"type":null,"role":null,"ariaLabel":null,"testId":null,"dataLoc":"client\\src\\pages\\JoinChapter.tsx:26","href":null,"text":"","selectorHint":"[data-loc=\"client\\src\\pages\\JoinChapter.tsx:26\"]"},"x":229,"y":57}}
[2026-08-06T06:23:24.398Z] {"timestamp":1785997402506,"kind":"scroll","url":"http://localhost:3000/","viewport":{"width":1159,"height":696},"payload":{"scrollX":0,"scrollY":4.800000190734863,"documentHeight":12412,"viewportHeight":696}}
[2026-08-06T06:23:24.398Z] {"timestamp":1785997403622,"kind":"scroll","url":"http://localhost:3000/","viewport":{"width":1159,"height":696},"payload":{"scrollX":0,"scrollY":190.39999389648438,"documentHeight":12412,"viewportHeight":696}}
[2026-08-06T06:23:24.398Z] {"timestamp":1785997404255,"kind":"scroll","url":"http://localhost:3000/","viewport":{"width":1159,"height":696},"payload":{"scrollX":0,"scrollY":267.20001220703125,"documentHeight":12412,"viewportHeight":696}}
[2026-08-06T06:23:26.393Z] {"timestamp":1785997405372,"kind":"scroll","url":"http://localhost:3000/","viewport":{"width":1159,"height":696},"payload":{"scrollX":0,"scrollY":264.79998779296875,"documentHeight":12412,"viewportHeight":696}}
[2026-08-06T06:23:26.393Z] {"timestamp":1785997405873,"kind":"scroll","url":"http://localhost:3000/","viewport":{"width":1159,"height":696},"payload":{"scrollX":0,"scrollY":524.7999877929688,"documentHeight":12412,"viewportHeight":696}}
[2026-08-06T06:23:28.389Z] {"timestamp":1785997407256,"kind":"scroll","url":"http://localhost:3000/","viewport":{"width":1159,"height":696},"payload":{"scrollX":0,"scrollY":544,"documentHeight":12466,"viewportHeight":696}}
[2026-08-06T06:23:28.389Z] {"timestamp":1785997408056,"kind":"scroll","url":"http://localhost:3000/","viewport":{"width":1159,"height":696},"payload":{"scrollX":0,"scrollY":843.2000122070312,"documentHeight":12466,"viewportHeight":696}}
[2026-08-06T06:23:30.394Z] {"timestamp":1785997408722,"kind":"scroll","url":"http://localhost:3000/","viewport":{"width":1159,"height":696},"payload":{"scrollX":0,"scrollY":1102.4000244140625,"documentHeight":12412,"viewportHeight":696}}
[2026-08-06T06:23:32.388Z] {"timestamp":1785997410454,"kind":"scroll","url":"http://localhost:3000/","viewport":{"width":1159,"height":696},"payload":{"scrollX":0,"scrollY":1440.800048828125,"documentHeight":12466,"viewportHeight":696}}
[2026-08-06T06:23:32.388Z] {"timestamp":1785997412340,"kind":"scroll","url":"http://localhost:3000/","viewport":{"width":1159,"height":696},"payload":{"scrollX":0,"scrollY":1387.199951171875,"documentHeight":12412,"viewportHeight":696}}
[2026-08-06T06:23:36.394Z] {"timestamp":1785997414439,"kind":"scroll","url":"http://localhost:3000/","viewport":{"width":1159,"height":696},"payload":{"scrollX":0,"scrollY":1440.800048828125,"documentHeight":12466,"viewportHeight":696}}
[2026-08-06T06:23:38.790Z] {"timestamp":1785997416605,"kind":"scroll","url":"http://localhost:3000/","viewport":{"width":1159,"height":696},"payload":{"scrollX":0,"scrollY":1387.199951171875,"documentHeight":12412,"viewportHeight":696}}
[2026-08-06T06:23:46.394Z] {"timestamp":1785997424405,"kind":"scroll","url":"http://localhost:3000/","viewport":{"width":1159,"height":295},"payload":{"scrollX":0,"scrollY":1440.800048828125,"documentHeight":12466,"viewportHeight":295}}
[2026-08-06T06:23:48.394Z] {"timestamp":1785997426605,"kind":"scroll","url":"http://localhost:3000/","viewport":{"width":1159,"height":295},"payload":{"scrollX":0,"scrollY":1387.199951171875,"documentHeight":12412,"viewportHeight":295}}
[2026-08-06T06:23:50.394Z] {"timestamp":1785997428639,"kind":"scroll","url":"http://localhost:3000/","viewport":{"width":1159,"height":295},"payload":{"scrollX":0,"scrollY":1440.800048828125,"documentHeight":12466,"viewportHeight":295}}
[2026-08-06T06:23:52.390Z] {"timestamp":1785997430539,"kind":"scroll","url":"http://localhost:3000/","viewport":{"width":1159,"height":295},"payload":{"scrollX":0,"scrollY":1387.199951171875,"documentHeight":12412,"viewportHeight":295}}
[2026-08-06T06:23:54.393Z] {"timestamp":1785997432639,"kind":"scroll","url":"http://localhost:3000/","viewport":{"width":1159,"height":295},"payload":{"scrollX":0,"scrollY":1440.800048828125,"documentHeight":12466,"viewportHeight":295}}
[2026-08-06T06:23:56.395Z] {"timestamp":1785997434789,"kind":"scroll","url":"http://localhost:3000/","viewport":{"width":1159,"height":295},"payload":{"scrollX":0,"scrollY":1387.199951171875,"documentHeight":12412,"viewportHeight":295}}
[2026-08-06T06:24:02.387Z] {"timestamp":1785997440506,"kind":"scroll","url":"http://localhost:3000/","viewport":{"width":1159,"height":295},"payload":{"scrollX":0,"scrollY":1440.800048828125,"documentHeight":12466,"viewportHeight":295}}
[2026-08-06T06:24:04.393Z] {"timestamp":1785997442724,"kind":"scroll","url":"http://localhost:3000/","viewport":{"width":1159,"height":295},"payload":{"scrollX":0,"scrollY":1387.199951171875,"documentHeight":12412,"viewportHeight":295}}
[2026-08-06T06:24:06.389Z] {"timestamp":1785997444758,"kind":"scroll","url":"http://localhost:3000/","viewport":{"width":1159,"height":295},"payload":{"scrollX":0,"scrollY":1440.800048828125,"documentHeight":12466,"viewportHeight":295}}
[2026-08-06T06:24:08.397Z] {"timestamp":1785997446690,"kind":"scroll","url":"http://localhost:3000/","viewport":{"width":1159,"height":295},"payload":{"scrollX":0,"scrollY":1387.199951171875,"documentHeight":12412,"viewportHeight":295}}
[2026-08-06T06:24:10.395Z] {"timestamp":1785997448757,"kind":"scroll","url":"http://localhost:3000/","viewport":{"width":1159,"height":295},"payload":{"scrollX":0,"scrollY":1440.800048828125,"documentHeight":12466,"viewportHeight":295}}
[2026-08-06T06:24:12.391Z] {"timestamp":1785997450907,"kind":"scroll","url":"http://localhost:3000/","viewport":{"width":1159,"height":295},"payload":{"scrollX":0,"scrollY":1387.199951171875,"documentHeight":12412,"viewportHeight":295}}
[2026-08-06T06:24:18.389Z] {"timestamp":1785997456607,"kind":"scroll","url":"http://localhost:3000/","viewport":{"width":1159,"height":295},"payload":{"scrollX":0,"scrollY":1440.800048828125,"documentHeight":12466,"viewportHeight":295}}
[2026-08-06T06:24:20.394Z] {"timestamp":1785997458808,"kind":"scroll","url":"http://localhost:3000/","viewport":{"width":1159,"height":295},"payload":{"scrollX":0,"scrollY":1387.199951171875,"documentHeight":12412,"viewportHeight":295}}
[2026-08-06T06:24:22.392Z] {"timestamp":1785997460841,"kind":"scroll","url":"http://localhost:3000/","viewport":{"width":1159,"height":295},"payload":{"scrollX":0,"scrollY":1440.800048828125,"documentHeight":12466,"viewportHeight":295}}
[2026-08-06T06:24:24.393Z] {"timestamp":1785997462758,"kind":"scroll","url":"http://localhost:3000/","viewport":{"width":1159,"height":295},"payload":{"scrollX":0,"scrollY":1387.199951171875,"documentHeight":12412,"viewportHeight":295}}
[2026-08-06T06:24:26.389Z] {"timestamp":1785997464774,"kind":"scroll","url":"http://localhost:3000/","viewport":{"width":1159,"height":295},"payload":{"scrollX":0,"scrollY":1440.800048828125,"documentHeight":12466,"viewportHeight":295}}
[2026-08-06T06:24:28.392Z] {"timestamp":1785997466908,"kind":"scroll","url":"http://localhost:3000/","viewport":{"width":1159,"height":295},"payload":{"scrollX":0,"scrollY":1387.199951171875,"documentHeight":12412,"viewportHeight":295}}
[2026-08-06T06:24:34.394Z] {"timestamp":1785997472627,"kind":"scroll","url":"http://localhost:3000/","viewport":{"width":1159,"height":696},"payload":{"scrollX":0,"scrollY":1367.199951171875,"documentHeight":12412,"viewportHeight":696}}
[2026-08-06T06:24:34.394Z] {"timestamp":1785997473127,"kind":"scroll","url":"http://localhost:3000/","viewport":{"width":1159,"height":696},"payload":{"scrollX":0,"scrollY":964,"documentHeight":12466,"viewportHeight":696}}
[2026-08-06T06:24:34.394Z] {"timestamp":1785997473743,"kind":"scroll","url":"http://localhost:3000/","viewport":{"width":1159,"height":696},"payload":{"scrollX":0,"scrollY":416.79998779296875,"documentHeight":12466,"viewportHeight":696}}
[2026-08-06T06:24:34.735Z] {"timestamp":1785997474502,"kind":"focusin","url":"http://localhost:3000/","viewport":{"width":1159,"height":696},"payload":{"target":{"tag":"a","id":null,"name":null,"type":null,"role":null,"ariaLabel":null,"testId":null,"dataLoc":"client\\src\\components\\HeroSection.tsx:93","href":"/join","text":"Join the Chapter","selectorHint":"[data-loc=\"client\\src\\components\\HeroSection.tsx:93\"]"}}}
[2026-08-06T06:24:34.735Z] {"timestamp":1785997474725,"kind":"click","url":"http://localhost:3000/","viewport":{"width":1159,"height":696},"payload":{"target":{"tag":"a","id":null,"name":null,"type":null,"role":null,"ariaLabel":null,"testId":null,"dataLoc":"client\\src\\components\\HeroSection.tsx:93","href":"/join","text":"Join the Chapter","selectorHint":"[data-loc=\"client\\src\\components\\HeroSection.tsx:93\"]"},"x":229,"y":405}}
[2026-08-06T06:24:44.808Z] {"timestamp":1785997483473,"kind":"scroll","url":"http://localhost:3000/join","viewport":{"width":1159,"height":696},"payload":{"scrollX":0,"scrollY":8.800000190734863,"documentHeight":886,"viewportHeight":696}}
[2026-08-06T06:24:44.808Z] {"timestamp":1785997484141,"kind":"scroll","url":"http://localhost:3000/join","viewport":{"width":1159,"height":696},"payload":{"scrollX":0,"scrollY":150.39999389648438,"documentHeight":886,"viewportHeight":696}}
[2026-08-06T06:25:46.123Z] {"timestamp":1785997544889,"kind":"scroll","url":"http://localhost:3000/join","viewport":{"width":1159,"height":696},"payload":{"scrollX":0,"scrollY":123.19999694824219,"documentHeight":886,"viewportHeight":696}}
[2026-08-06T06:25:46.123Z] {"timestamp":1785997545886,"kind":"focusin","url":"http://localhost:3000/join","viewport":{"width":1159,"height":696},"payload":{"target":{"tag":"a","id":null,"name":null,"type":null,"role":null,"ariaLabel":null,"testId":null,"dataLoc":"client\\src\\pages\\JoinChapter.tsx:22","href":"/","text":"Back to Home","selectorHint":"[data-loc=\"client\\src\\pages\\JoinChapter.tsx:22\"]"}}}
[2026-08-06T06:25:46.123Z] {"timestamp":1785997546108,"kind":"click","url":"http://localhost:3000/join","viewport":{"width":1159,"height":696},"payload":{"target":{"tag":"a","id":null,"name":null,"type":null,"role":null,"ariaLabel":null,"testId":null,"dataLoc":"client\\src\\pages\\JoinChapter.tsx:22","href":"/","text":"Back to Home","selectorHint":"[data-loc=\"client\\src\\pages\\JoinChapter.tsx:22\"]"},"x":239,"y":57}}
[2026-08-06T06:25:48.206Z] {"timestamp":1785997547678,"kind":"scroll","url":"http://localhost:3000/","viewport":{"width":1159,"height":696},"payload":{"scrollX":0,"scrollY":7.199999809265137,"documentHeight":12412,"viewportHeight":696}}
[2026-08-06T06:25:50.211Z] {"timestamp":1785997548228,"kind":"scroll","url":"http://localhost:3000/","viewport":{"width":1159,"height":696},"payload":{"scrollX":0,"scrollY":222.39999389648438,"documentHeight":12412,"viewportHeight":696}}
[2026-08-06T06:25:50.211Z] {"timestamp":1785997548745,"kind":"scroll","url":"http://localhost:3000/","viewport":{"width":1159,"height":696},"payload":{"scrollX":0,"scrollY":548,"documentHeight":12412,"viewportHeight":696}}
[2026-08-06T06:25:56.207Z] {"timestamp":1785997554395,"kind":"scroll","url":"http://localhost:3000/","viewport":{"width":1159,"height":696},"payload":{"scrollX":0,"scrollY":544.7999877929688,"documentHeight":12412,"viewportHeight":696}}
[2026-08-06T06:26:00.208Z] {"timestamp":1785997558504,"kind":"scroll","url":"http://localhost:3000/","viewport":{"width":1159,"height":696},"payload":{"scrollX":0,"scrollY":536.7999877929688,"documentHeight":12412,"viewportHeight":696}}
[2026-08-06T06:26:04.207Z] {"timestamp":1785997563077,"kind":"scroll","url":"http://localhost:3000/","viewport":{"width":1159,"height":696},"payload":{"scrollX":0,"scrollY":528.7999877929688,"documentHeight":12412,"viewportHeight":696}}
[2026-08-06T06:26:12.223Z] {"timestamp":1785997571312,"kind":"scroll","url":"http://localhost:3000/","viewport":{"width":1159,"height":696},"payload":{"scrollX":0,"scrollY":520.7999877929688,"documentHeight":12412,"viewportHeight":696}}
[2026-08-06T06:26:16.217Z] {"timestamp":1785997575396,"kind":"scroll","url":"http://localhost:3000/","viewport":{"width":1159,"height":696},"payload":{"scrollX":0,"scrollY":512.7999877929688,"documentHeight":12412,"viewportHeight":696}}
[2026-08-06T06:26:20.218Z] {"timestamp":1785997579812,"kind":"scroll","url":"http://localhost:3000/","viewport":{"width":1159,"height":696},"payload":{"scrollX":0,"scrollY":504.79998779296875,"documentHeight":12412,"viewportHeight":696}}
[2026-08-06T06:26:28.221Z] {"timestamp":1785997588014,"kind":"scroll","url":"http://localhost:3000/","viewport":{"width":1159,"height":696},"payload":{"scrollX":0,"scrollY":497.6000061035156,"documentHeight":12412,"viewportHeight":696}}
[2026-08-06T06:26:32.215Z] {"timestamp":1785997592130,"kind":"scroll","url":"http://localhost:3000/","viewport":{"width":1159,"height":696},"payload":{"scrollX":0,"scrollY":489.6000061035156,"documentHeight":12412,"viewportHeight":696}}
[2026-08-06T06:26:40.796Z] {"timestamp":1785997599856,"kind":"scroll","url":"http://localhost:3000/","viewport":{"width":1159,"height":696},"payload":{"scrollX":0,"scrollY":482.3999938964844,"documentHeight":12412,"viewportHeight":696}}
[2026-08-06T06:27:39.802Z] {"timestamp":1785997658853,"kind":"scroll","url":"http://localhost:3000/","viewport":{"width":1159,"height":696},"payload":{"scrollX":0,"scrollY":356.79998779296875,"documentHeight":12412,"viewportHeight":696}}
[2026-08-06T06:27:53.787Z] {"timestamp":1785997671830,"kind":"scroll","url":"http://localhost:3000/","viewport":{"width":1159,"height":696},"payload":{"scrollX":0,"scrollY":269.6000061035156,"documentHeight":12412,"viewportHeight":696}}
[2026-08-06T06:28:14.985Z] {"timestamp":1785997693348,"kind":"scroll","url":"http://localhost:3000/","viewport":{"width":1159,"height":696},"payload":{"scrollX":0,"scrollY":266.3999938964844,"documentHeight":12466,"viewportHeight":696}}
[2026-08-06T06:28:14.985Z] {"timestamp":1785997694064,"kind":"scroll","url":"http://localhost:3000/","viewport":{"width":1159,"height":696},"payload":{"scrollX":0,"scrollY":14.399999618530273,"documentHeight":12466,"viewportHeight":696}}
[2026-08-06T06:28:16.973Z] {"timestamp":1785997696798,"kind":"scroll","url":"http://localhost:3000/","viewport":{"width":1159,"height":696},"payload":{"scrollX":0,"scrollY":180.8000030517578,"documentHeight":12466,"viewportHeight":696}}
[2026-08-06T06:28:20.972Z] {"timestamp":1785997699749,"kind":"scroll","url":"http://localhost:3000/","viewport":{"width":1159,"height":696},"payload":{"scrollX":0,"scrollY":183.1999969482422,"documentHeight":12412,"viewportHeight":696}}
[2026-08-06T06:28:22.973Z] {"timestamp":1785997702706,"kind":"scroll","url":"http://localhost:3000/","viewport":{"width":1159,"height":696},"payload":{"scrollX":0,"scrollY":180.8000030517578,"documentHeight":12412,"viewportHeight":696}}
[2026-08-06T06:28:26.972Z] {"timestamp":1785997706165,"kind":"scroll","url":"http://localhost:3000/","viewport":{"width":1159,"height":696},"payload":{"scrollX":0,"scrollY":181.60000610351562,"documentHeight":12412,"viewportHeight":696}}
[2026-08-06T06:28:30.977Z] {"timestamp":1785997710653,"kind":"scroll","url":"http://localhost:3000/","viewport":{"width":1159,"height":696},"payload":{"scrollX":0,"scrollY":180,"documentHeight":12412,"viewportHeight":696}}
[2026-08-06T06:28:34.973Z] {"timestamp":1785997714633,"kind":"scroll","url":"http://localhost:3000/","viewport":{"width":1159,"height":696},"payload":{"scrollX":0,"scrollY":177.60000610351562,"documentHeight":12412,"viewportHeight":696}}
[2026-08-06T06:28:38.990Z] {"timestamp":1785997718899,"kind":"scroll","url":"http://localhost:3000/","viewport":{"width":1159,"height":696},"payload":{"scrollX":0,"scrollY":175.1999969482422,"documentHeight":12412,"viewportHeight":696}}
[2026-08-06T06:28:46.979Z] {"timestamp":1785997726967,"kind":"scroll","url":"http://localhost:3000/","viewport":{"width":1159,"height":696},"payload":{"scrollX":0,"scrollY":172.8000030517578,"documentHeight":12412,"viewportHeight":696}}
[2026-08-06T06:28:50.972Z] {"timestamp":1785997730934,"kind":"scroll","url":"http://localhost:3000/","viewport":{"width":1159,"height":696},"payload":{"scrollX":0,"scrollY":170.39999389648438,"documentHeight":12412,"viewportHeight":696}}
[2026-08-06T06:28:56.985Z] {"timestamp":1785997735219,"kind":"scroll","url":"http://localhost:3000/","viewport":{"width":1159,"height":696},"payload":{"scrollX":0,"scrollY":168.8000030517578,"documentHeight":12412,"viewportHeight":696}}
[2026-08-06T06:29:04.975Z] {"timestamp":1785997743239,"kind":"scroll","url":"http://localhost:3000/","viewport":{"width":1159,"height":696},"payload":{"scrollX":0,"scrollY":167.1999969482422,"documentHeight":12412,"viewportHeight":696}}
[2026-08-06T06:29:08.974Z] {"timestamp":1785997747252,"kind":"scroll","url":"http://localhost:3000/","viewport":{"width":1159,"height":696},"payload":{"scrollX":0,"scrollY":164.8000030517578,"documentHeight":12412,"viewportHeight":696}}
[2026-08-06T06:29:12.980Z] {"timestamp":1785997751518,"kind":"scroll","url":"http://localhost:3000/","viewport":{"width":1159,"height":696},"payload":{"scrollX":0,"scrollY":162.39999389648438,"documentHeight":12412,"viewportHeight":696}}
[2026-08-06T06:29:20.976Z] {"timestamp":1785997759536,"kind":"scroll","url":"http://localhost:3000/","viewport":{"width":1159,"height":696},"payload":{"scrollX":0,"scrollY":160.8000030517578,"documentHeight":12412,"viewportHeight":696}}
[2026-08-06T06:29:24.977Z] {"timestamp":1785997763468,"kind":"scroll","url":"http://localhost:3000/","viewport":{"width":1159,"height":696},"payload":{"scrollX":0,"scrollY":159.1999969482422,"documentHeight":12412,"viewportHeight":696}}
[2026-08-06T06:29:28.974Z] {"timestamp":1785997767753,"kind":"scroll","url":"http://localhost:3000/","viewport":{"width":1159,"height":696},"payload":{"scrollX":0,"scrollY":157.60000610351562,"documentHeight":12412,"viewportHeight":696}}
[2026-08-06T06:29:36.977Z] {"timestamp":1785997775753,"kind":"scroll","url":"http://localhost:3000/","viewport":{"width":1159,"height":696},"payload":{"scrollX":0,"scrollY":156,"documentHeight":12412,"viewportHeight":696}}
[2026-08-06T06:29:40.976Z] {"timestamp":1785997779740,"kind":"scroll","url":"http://localhost:3000/","viewport":{"width":1159,"height":696},"payload":{"scrollX":0,"scrollY":154.39999389648438,"documentHeight":12412,"viewportHeight":696}}
[2026-08-06T06:29:44.973Z] {"timestamp":1785997784104,"kind":"scroll","url":"http://localhost:3000/","viewport":{"width":1159,"height":696},"payload":{"scrollX":0,"scrollY":153.60000610351562,"documentHeight":12412,"viewportHeight":696}}
[2026-08-06T06:29:52.978Z] {"timestamp":1785997792058,"kind":"scroll","url":"http://localhost:3000/","viewport":{"width":1159,"height":696},"payload":{"scrollX":0,"scrollY":152,"documentHeight":12412,"viewportHeight":696}}
[2026-08-06T06:29:56.977Z] {"timestamp":1785997796054,"kind":"scroll","url":"http://localhost:3000/","viewport":{"width":1159,"height":696},"payload":{"scrollX":0,"scrollY":150.39999389648438,"documentHeight":12412,"viewportHeight":696}}
[2026-08-06T06:30:00.978Z] {"timestamp":1785997800339,"kind":"scroll","url":"http://localhost:3000/","viewport":{"width":1159,"height":696},"payload":{"scrollX":0,"scrollY":148.8000030517578,"documentHeight":12412,"viewportHeight":696}}
[2026-08-06T06:30:08.976Z] {"timestamp":1785997808393,"kind":"scroll","url":"http://localhost:3000/","viewport":{"width":1159,"height":696},"payload":{"scrollX":0,"scrollY":147.1999969482422,"documentHeight":12412,"viewportHeight":696}}
[2026-08-06T06:30:12.979Z] {"timestamp":1785997812372,"kind":"scroll","url":"http://localhost:3000/","viewport":{"width":1159,"height":696},"payload":{"scrollX":0,"scrollY":145.60000610351562,"documentHeight":12412,"viewportHeight":696}}
[2026-08-06T06:30:14.977Z] {"timestamp":1785997814142,"kind":"click","url":"http://localhost:3000/","viewport":{"width":1159,"height":696},"payload":{"target":{"tag":"div","id":null,"name":null,"type":null,"role":null,"ariaLabel":null,"testId":null,"dataLoc":"client\\src\\components\\HeroSection.tsx:161","href":null,"text":"Building your future...","selectorHint":"[data-loc=\"client\\src\\components\\HeroSection.tsx:161\"]"},"x":745,"y":338}}
[2026-08-06T06:30:16.981Z] {"timestamp":1785997816643,"kind":"scroll","url":"http://localhost:3000/","viewport":{"width":1159,"height":696},"payload":{"scrollX":0,"scrollY":144,"documentHeight":12412,"viewportHeight":696}}
[2026-08-06T06:30:24.978Z] {"timestamp":1785997824629,"kind":"scroll","url":"http://localhost:3000/","viewport":{"width":1159,"height":696},"payload":{"scrollX":0,"scrollY":143.1999969482422,"documentHeight":12412,"viewportHeight":696}}
[2026-08-06T06:30:28.976Z] {"timestamp":1785997828560,"kind":"scroll","url":"http://localhost:3000/","viewport":{"width":1159,"height":696},"payload":{"scrollX":0,"scrollY":141.60000610351562,"documentHeight":12412,"viewportHeight":696}}
[2026-08-06T06:30:32.990Z] {"timestamp":1785997832805,"kind":"scroll","url":"http://localhost:3000/","viewport":{"width":1159,"height":696},"payload":{"scrollX":0,"scrollY":140.8000030517578,"documentHeight":12412,"viewportHeight":696}}
[2026-08-06T06:30:40.976Z] {"timestamp":1785997840812,"kind":"scroll","url":"http://localhost:3000/","viewport":{"width":1159,"height":696},"payload":{"scrollX":0,"scrollY":139.1999969482422,"documentHeight":12412,"viewportHeight":696}}
[2026-08-06T06:30:44.987Z] {"timestamp":1785997844743,"kind":"scroll","url":"http://localhost:3000/","viewport":{"width":1159,"height":696},"payload":{"scrollX":0,"scrollY":138.39999389648438,"documentHeight":12412,"viewportHeight":696}}
[2026-08-06T06:30:46.979Z] {"timestamp":1785997845649,"kind":"click","url":"http://localhost:3000/","viewport":{"width":1159,"height":696},"payload":{"target":{"tag":"div","id":null,"name":null,"type":null,"role":null,"ariaLabel":null,"testId":null,"dataLoc":"client\\src\\components\\HeroSection.tsx:201","href":null,"text":"Practice-first learning","selectorHint":"[data-loc=\"client\\src\\components\\HeroSection.tsx:201\"]"},"x":731,"y":523}}
[2026-08-06T06:30:48.988Z] {"timestamp":1785997847641,"kind":"scroll","url":"http://localhost:3000/","viewport":{"width":1159,"height":696},"payload":{"scrollX":0,"scrollY":142.39999389648438,"documentHeight":12466,"viewportHeight":696}}
[2026-08-06T06:30:48.988Z] {"timestamp":1785997848407,"kind":"focusin","url":"http://localhost:3000/","viewport":{"width":1159,"height":696},"payload":{"target":{"tag":"a","id":null,"name":null,"type":null,"role":null,"ariaLabel":null,"testId":null,"dataLoc":"client\\src\\components\\HeroSection.tsx:102","href":"#about","text":"See What We Do","selectorHint":"[data-loc=\"client\\src\\components\\HeroSection.tsx:102\"]"}}}
[2026-08-06T06:30:48.988Z] {"timestamp":1785997848631,"kind":"click","url":"http://localhost:3000/","viewport":{"width":1159,"height":696},"payload":{"target":{"tag":"a","id":null,"name":null,"type":null,"role":null,"ariaLabel":null,"testId":null,"dataLoc":"client\\src\\components\\HeroSection.tsx:102","href":"#about","text":"See What We Do","selectorHint":"[data-loc=\"client\\src\\components\\HeroSection.tsx:102\"]"},"x":438,"y":556}}
[2026-08-06T06:30:48.988Z] {"timestamp":1785997848632,"kind":"navigate","url":"http://localhost:3000/#about","viewport":{"width":1159,"height":696},"payload":{"reason":"popstate"}}
[2026-08-06T06:30:48.988Z] {"timestamp":1785997848633,"kind":"focusout","url":"http://localhost:3000/#about","viewport":{"width":1159,"height":696},"payload":{"target":{"tag":"a","id":null,"name":null,"type":null,"role":null,"ariaLabel":null,"testId":null,"dataLoc":"client\\src\\components\\HeroSection.tsx:102","href":"#about","text":"See What We Do","selectorHint":"[data-loc=\"client\\src\\components\\HeroSection.tsx:102\"]"},"value":null}}
[2026-08-06T06:30:48.988Z] {"timestamp":1785997848643,"kind":"navigate","url":"http://localhost:3000/#about","viewport":{"width":1159,"height":696},"payload":{"reason":"hashchange"}}
[2026-08-06T06:30:48.988Z] {"timestamp":1785997848674,"kind":"scroll","url":"http://localhost:3000/#about","viewport":{"width":1159,"height":696},"payload":{"scrollX":0,"scrollY":236,"documentHeight":12466,"viewportHeight":696}}
[2026-08-06T06:30:50.976Z] {"timestamp":1785997849175,"kind":"scroll","url":"http://localhost:3000/#about","viewport":{"width":1159,"height":696},"payload":{"scrollX":0,"scrollY":1293.5999755859375,"documentHeight":12412,"viewportHeight":696}}
[2026-08-06T06:30:50.976Z] {"timestamp":1785997850891,"kind":"scroll","url":"http://localhost:3000/#about","viewport":{"width":1159,"height":696},"payload":{"scrollX":0,"scrollY":1286.4000244140625,"documentHeight":12412,"viewportHeight":696}}
[2026-08-06T06:30:52.983Z] {"timestamp":1785997851392,"kind":"scroll","url":"http://localhost:3000/#about","viewport":{"width":1159,"height":696},"payload":{"scrollX":0,"scrollY":872.7999877929688,"documentHeight":12412,"viewportHeight":696}}
[2026-08-06T06:30:52.983Z] {"timestamp":1785997851891,"kind":"scroll","url":"http://localhost:3000/#about","viewport":{"width":1159,"height":696},"payload":{"scrollX":0,"scrollY":611.2000122070312,"documentHeight":12412,"viewportHeight":696}}
[2026-08-06T06:30:52.983Z] {"timestamp":1785997852410,"kind":"scroll","url":"http://localhost:3000/#about","viewport":{"width":1159,"height":696},"payload":{"scrollX":0,"scrollY":454.3999938964844,"documentHeight":12412,"viewportHeight":696}}
[2026-08-06T06:30:54.980Z] {"timestamp":1785997853308,"kind":"scroll","url":"http://localhost:3000/#about","viewport":{"width":1159,"height":696},"payload":{"scrollX":0,"scrollY":430.3999938964844,"documentHeight":12412,"viewportHeight":696}}
[2026-08-06T06:30:54.980Z] {"timestamp":1785997853808,"kind":"scroll","url":"http://localhost:3000/#about","viewport":{"width":1159,"height":696},"payload":{"scrollX":0,"scrollY":176.8000030517578,"documentHeight":12412,"viewportHeight":696}}
[2026-08-06T06:30:56.991Z] {"timestamp":1785997856957,"kind":"scroll","url":"http://localhost:3000/#about","viewport":{"width":1159,"height":696},"payload":{"scrollX":0,"scrollY":98.4000015258789,"documentHeight":12412,"viewportHeight":696}}
[2026-08-06T06:32:54.976Z] {"timestamp":1785997973766,"kind":"scroll","url":"http://localhost:3000/#about","viewport":{"width":1159,"height":696},"payload":{"scrollX":0,"scrollY":114.4000015258789,"documentHeight":12466,"viewportHeight":696}}
[2026-08-06T06:32:54.976Z] {"timestamp":1785997974374,"kind":"scroll","url":"http://localhost:3000/#about","viewport":{"width":1159,"height":696},"payload":{"scrollX":0,"scrollY":568.7999877929688,"documentHeight":12412,"viewportHeight":696}}
[2026-08-06T06:32:54.976Z] {"timestamp":1785997974899,"kind":"scroll","url":"http://localhost:3000/#about","viewport":{"width":1159,"height":696},"payload":{"scrollX":0,"scrollY":1260,"documentHeight":12412,"viewportHeight":696}}
[2026-08-06T06:32:56.972Z] {"timestamp":1785997975400,"kind":"scroll","url":"http://localhost:3000/#about","viewport":{"width":1159,"height":696},"payload":{"scrollX":0,"scrollY":2061.60009765625,"documentHeight":12412,"viewportHeight":696}}
[2026-08-06T06:32:56.972Z] {"timestamp":1785997976181,"kind":"scroll","url":"http://localhost:3000/#about","viewport":{"width":1159,"height":696},"payload":{"scrollX":0,"scrollY":2619.199951171875,"documentHeight":12466,"viewportHeight":696}}
[2026-08-06T16:36:52.217Z] {"timestamp":1786034211151,"kind":"scroll","url":"http://localhost:3000/","viewport":{"width":1159,"height":696},"payload":{"scrollX":0,"scrollY":20.799999237060547,"documentHeight":12412,"viewportHeight":696}}
[2026-08-06T16:36:52.217Z] {"timestamp":1786034211701,"kind":"scroll","url":"http://localhost:3000/","viewport":{"width":1159,"height":696},"payload":{"scrollX":0,"scrollY":606.4000244140625,"documentHeight":12412,"viewportHeight":696}}
[2026-08-06T16:36:52.217Z] {"timestamp":1786034212202,"kind":"scroll","url":"http://localhost:3000/","viewport":{"width":1159,"height":696},"payload":{"scrollX":0,"scrollY":1264,"documentHeight":12412,"viewportHeight":696}}
[2026-08-06T16:36:54.219Z] {"timestamp":1786034212743,"kind":"scroll","url":"http://localhost:3000/","viewport":{"width":1159,"height":696},"payload":{"scrollX":0,"scrollY":2099.199951171875,"documentHeight":12412,"viewportHeight":696}}
[2026-08-06T16:36:54.219Z] {"timestamp":1786034213253,"kind":"scroll","url":"http://localhost:3000/","viewport":{"width":1159,"height":696},"payload":{"scrollX":0,"scrollY":2683.199951171875,"documentHeight":12412,"viewportHeight":696}}
[2026-08-06T16:36:54.219Z] {"timestamp":1786034213766,"kind":"scroll","url":"http://localhost:3000/","viewport":{"width":1159,"height":696},"payload":{"scrollX":0,"scrollY":3376.800048828125,"documentHeight":12466,"viewportHeight":696}}
[2026-08-06T16:36:56.223Z] {"timestamp":1786034215601,"kind":"scroll","url":"http://localhost:3000/","viewport":{"width":1159,"height":696},"payload":{"scrollX":0,"scrollY":3550.39990234375,"documentHeight":12412,"viewportHeight":696}}
[2026-08-06T16:36:58.215Z] {"timestamp":1786034217667,"kind":"scroll","url":"http://localhost:3000/","viewport":{"width":1159,"height":696},"payload":{"scrollX":0,"scrollY":3604.800048828125,"documentHeight":12466,"viewportHeight":696}}
[2026-08-06T16:37:00.226Z] {"timestamp":1786034219566,"kind":"scroll","url":"http://localhost:3000/","viewport":{"width":1159,"height":696},"payload":{"scrollX":0,"scrollY":3550.39990234375,"documentHeight":12412,"viewportHeight":696}}
[2026-08-06T16:37:02.227Z] {"timestamp":1786034221800,"kind":"scroll","url":"http://localhost:3000/","viewport":{"width":1159,"height":696},"payload":{"scrollX":0,"scrollY":3604.800048828125,"documentHeight":12466,"viewportHeight":696}}
[2026-08-06T16:37:04.223Z] {"timestamp":1786034223950,"kind":"scroll","url":"http://localhost:3000/","viewport":{"width":1159,"height":696},"payload":{"scrollX":0,"scrollY":3550.39990234375,"documentHeight":12412,"viewportHeight":696}}
[2026-08-06T16:37:10.221Z] {"timestamp":1786034229934,"kind":"scroll","url":"http://localhost:3000/","viewport":{"width":1159,"height":696},"payload":{"scrollX":0,"scrollY":3604.800048828125,"documentHeight":12466,"viewportHeight":696}}
[2026-08-06T16:37:12.224Z] {"timestamp":1786034232184,"kind":"scroll","url":"http://localhost:3000/","viewport":{"width":1159,"height":696},"payload":{"scrollX":0,"scrollY":3550.39990234375,"documentHeight":12412,"viewportHeight":696}}
[2026-08-06T16:37:16.223Z] {"timestamp":1786034234368,"kind":"scroll","url":"http://localhost:3000/","viewport":{"width":1159,"height":696},"payload":{"scrollX":0,"scrollY":3604.800048828125,"documentHeight":12466,"viewportHeight":696}}
[2026-08-06T16:37:18.226Z] {"timestamp":1786034236284,"kind":"scroll","url":"http://localhost:3000/","viewport":{"width":1159,"height":696},"payload":{"scrollX":0,"scrollY":3550.39990234375,"documentHeight":12412,"viewportHeight":696}}
[2026-08-06T16:37:20.224Z] {"timestamp":1786034238502,"kind":"scroll","url":"http://localhost:3000/","viewport":{"width":1159,"height":696},"payload":{"scrollX":0,"scrollY":3604.800048828125,"documentHeight":12466,"viewportHeight":696}}
[2026-08-06T16:37:22.218Z] {"timestamp":1786034240687,"kind":"scroll","url":"http://localhost:3000/","viewport":{"width":1159,"height":696},"payload":{"scrollX":0,"scrollY":3550.39990234375,"documentHeight":12412,"viewportHeight":696}}
[2026-08-06T16:37:28.215Z] {"timestamp":1786034246668,"kind":"scroll","url":"http://localhost:3000/","viewport":{"width":1159,"height":696},"payload":{"scrollX":0,"scrollY":3604.800048828125,"documentHeight":12466,"viewportHeight":696}}
[2026-08-06T16:37:30.228Z] {"timestamp":1786034248919,"kind":"scroll","url":"http://localhost:3000/","viewport":{"width":1159,"height":696},"payload":{"scrollX":0,"scrollY":3550.39990234375,"documentHeight":12412,"viewportHeight":696}}
[2026-08-06T16:37:32.219Z] {"timestamp":1786034251085,"kind":"scroll","url":"http://localhost:3000/","viewport":{"width":1159,"height":696},"payload":{"scrollX":0,"scrollY":3604.800048828125,"documentHeight":12466,"viewportHeight":696}}
[2026-08-06T16:37:34.224Z] {"timestamp":1786034253004,"kind":"scroll","url":"http://localhost:3000/","viewport":{"width":1159,"height":696},"payload":{"scrollX":0,"scrollY":3550.39990234375,"documentHeight":12412,"viewportHeight":696}}
[2026-08-06T16:37:36.220Z] {"timestamp":1786034255218,"kind":"scroll","url":"http://localhost:3000/","viewport":{"width":1159,"height":696},"payload":{"scrollX":0,"scrollY":3604.800048828125,"documentHeight":12466,"viewportHeight":696}}
[2026-08-06T16:37:38.227Z] {"timestamp":1786034257385,"kind":"scroll","url":"http://localhost:3000/","viewport":{"width":1159,"height":696},"payload":{"scrollX":0,"scrollY":3550.39990234375,"documentHeight":12412,"viewportHeight":696}}
[2026-08-06T16:37:44.218Z] {"timestamp":1786034263370,"kind":"scroll","url":"http://localhost:3000/","viewport":{"width":1159,"height":696},"payload":{"scrollX":0,"scrollY":3604.800048828125,"documentHeight":12466,"viewportHeight":696}}
[2026-08-06T16:37:46.223Z] {"timestamp":1786034265602,"kind":"scroll","url":"http://localhost:3000/","viewport":{"width":1159,"height":696},"payload":{"scrollX":0,"scrollY":3550.39990234375,"documentHeight":12412,"viewportHeight":696}}
[2026-08-06T16:37:48.216Z] {"timestamp":1786034267786,"kind":"scroll","url":"http://localhost:3000/","viewport":{"width":1159,"height":696},"payload":{"scrollX":0,"scrollY":3604.800048828125,"documentHeight":12466,"viewportHeight":696}}
[2026-08-06T16:37:50.218Z] {"timestamp":1786034269703,"kind":"scroll","url":"http://localhost:3000/","viewport":{"width":1159,"height":696},"payload":{"scrollX":0,"scrollY":3550.39990234375,"documentHeight":12412,"viewportHeight":696}}
[2026-08-06T16:37:52.223Z] {"timestamp":1786034271902,"kind":"scroll","url":"http://localhost:3000/","viewport":{"width":1159,"height":696},"payload":{"scrollX":0,"scrollY":3604.800048828125,"documentHeight":12466,"viewportHeight":696}}
[2026-08-06T16:37:54.229Z] {"timestamp":1786034274070,"kind":"scroll","url":"http://localhost:3000/","viewport":{"width":1159,"height":696},"payload":{"scrollX":0,"scrollY":3550.39990234375,"documentHeight":12412,"viewportHeight":696}}
[2026-08-06T16:38:00.216Z] {"timestamp":1786034280054,"kind":"scroll","url":"http://localhost:3000/","viewport":{"width":1159,"height":696},"payload":{"scrollX":0,"scrollY":3604.800048828125,"documentHeight":12466,"viewportHeight":696}}
[2026-08-06T16:38:04.226Z] {"timestamp":1786034282321,"kind":"scroll","url":"http://localhost:3000/","viewport":{"width":1159,"height":696},"payload":{"scrollX":0,"scrollY":3550.39990234375,"documentHeight":12412,"viewportHeight":696}}
[2026-08-06T16:38:06.227Z] {"timestamp":1786034284504,"kind":"scroll","url":"http://localhost:3000/","viewport":{"width":1159,"height":696},"payload":{"scrollX":0,"scrollY":3604.800048828125,"documentHeight":12466,"viewportHeight":696}}
[2026-08-06T16:38:08.231Z] {"timestamp":1786034286420,"kind":"scroll","url":"http://localhost:3000/","viewport":{"width":1159,"height":696},"payload":{"scrollX":0,"scrollY":3550.39990234375,"documentHeight":12412,"viewportHeight":696}}
[2026-08-06T16:38:10.221Z] {"timestamp":1786034288637,"kind":"scroll","url":"http://localhost:3000/","viewport":{"width":1159,"height":696},"payload":{"scrollX":0,"scrollY":3604.800048828125,"documentHeight":12466,"viewportHeight":696}}
[2026-08-06T16:38:12.234Z] {"timestamp":1786034290805,"kind":"scroll","url":"http://localhost:3000/","viewport":{"width":1159,"height":696},"payload":{"scrollX":0,"scrollY":3550.39990234375,"documentHeight":12412,"viewportHeight":696}}
[2026-08-06T16:38:18.231Z] {"timestamp":1786034296771,"kind":"scroll","url":"http://localhost:3000/","viewport":{"width":1159,"height":696},"payload":{"scrollX":0,"scrollY":3604.800048828125,"documentHeight":12466,"viewportHeight":696}}
[2026-08-06T16:38:20.218Z] {"timestamp":1786034299021,"kind":"scroll","url":"http://localhost:3000/","viewport":{"width":1159,"height":696},"payload":{"scrollX":0,"scrollY":3550.39990234375,"documentHeight":12412,"viewportHeight":696}}
[2026-08-06T16:38:22.221Z] {"timestamp":1786034301188,"kind":"scroll","url":"http://localhost:3000/","viewport":{"width":1159,"height":696},"payload":{"scrollX":0,"scrollY":3604.800048828125,"documentHeight":12466,"viewportHeight":696}}
[2026-08-06T16:38:24.229Z] {"timestamp":1786034303105,"kind":"scroll","url":"http://localhost:3000/","viewport":{"width":1159,"height":696},"payload":{"scrollX":0,"scrollY":3550.39990234375,"documentHeight":12412,"viewportHeight":696}}
[2026-08-06T16:38:26.227Z] {"timestamp":1786034305305,"kind":"scroll","url":"http://localhost:3000/","viewport":{"width":1159,"height":696},"payload":{"scrollX":0,"scrollY":3604.800048828125,"documentHeight":12466,"viewportHeight":696}}
[2026-08-06T16:38:28.230Z] {"timestamp":1786034307473,"kind":"scroll","url":"http://localhost:3000/","viewport":{"width":1159,"height":696},"payload":{"scrollX":0,"scrollY":3550.39990234375,"documentHeight":12412,"viewportHeight":696}}
[2026-08-06T16:38:34.228Z] {"timestamp":1786034313439,"kind":"scroll","url":"http://localhost:3000/","viewport":{"width":1159,"height":696},"payload":{"scrollX":0,"scrollY":3604.800048828125,"documentHeight":12466,"viewportHeight":696}}
[2026-08-06T16:38:36.214Z] {"timestamp":1786034315672,"kind":"scroll","url":"http://localhost:3000/","viewport":{"width":1159,"height":696},"payload":{"scrollX":0,"scrollY":3550.39990234375,"documentHeight":12412,"viewportHeight":696}}
[2026-08-06T16:38:38.227Z] {"timestamp":1786034317873,"kind":"scroll","url":"http://localhost:3000/","viewport":{"width":1159,"height":696},"payload":{"scrollX":0,"scrollY":3604.800048828125,"documentHeight":12466,"viewportHeight":696}}
[2026-08-06T16:38:40.216Z] {"timestamp":1786034319772,"kind":"scroll","url":"http://localhost:3000/","viewport":{"width":1159,"height":696},"payload":{"scrollX":0,"scrollY":3550.39990234375,"documentHeight":12412,"viewportHeight":696}}
[2026-08-06T16:38:42.223Z] {"timestamp":1786034320274,"kind":"scroll","url":"http://localhost:3000/","viewport":{"width":1159,"height":696},"payload":{"scrollX":0,"scrollY":3484,"documentHeight":12412,"viewportHeight":696}}
[2026-08-06T16:38:42.224Z] {"timestamp":1786034320775,"kind":"scroll","url":"http://localhost:3000/","viewport":{"width":1159,"height":696},"payload":{"scrollX":0,"scrollY":2602.39990234375,"documentHeight":12412,"viewportHeight":696}}
[2026-08-06T16:38:42.224Z] {"timestamp":1786034321277,"kind":"scroll","url":"http://localhost:3000/","viewport":{"width":1159,"height":696},"payload":{"scrollX":0,"scrollY":2803.199951171875,"documentHeight":12412,"viewportHeight":696}}
[2026-08-06T16:38:42.224Z] {"timestamp":1786034321792,"kind":"scroll","url":"http://localhost:3000/","viewport":{"width":1159,"height":696},"payload":{"scrollX":0,"scrollY":1587.199951171875,"documentHeight":12412,"viewportHeight":696}}
[2026-08-06T16:38:44.229Z] {"timestamp":1786034323475,"kind":"scroll","url":"http://localhost:3000/","viewport":{"width":1159,"height":696},"payload":{"scrollX":0,"scrollY":0.800000011920929,"documentHeight":12466,"viewportHeight":696}}
[2026-08-06T16:52:58.800Z] {"timestamp":1786035177810,"kind":"scroll","url":"http://localhost:3000/","viewport":{"width":863,"height":696},"payload":{"scrollX":0,"scrollY":0,"documentHeight":13863,"viewportHeight":696}}
[2026-08-06T16:55:24.220Z] {"timestamp":1786035322397,"kind":"scroll","url":"http://localhost:3000/","viewport":{"width":863,"height":696},"payload":{"scrollX":0,"scrollY":6.400000095367432,"documentHeight":13820,"viewportHeight":696}}
[2026-08-06T16:55:24.220Z] {"timestamp":1786035322914,"kind":"scroll","url":"http://localhost:3000/","viewport":{"width":863,"height":696},"payload":{"scrollX":0,"scrollY":0,"documentHeight":13820,"viewportHeight":696}}
[2026-08-06T17:02:14.215Z] {"timestamp":1786035733090,"kind":"scroll","url":"http://localhost:3000/","viewport":{"width":863,"height":696},"payload":{"scrollX":0,"scrollY":2.4000000953674316,"documentHeight":14122,"viewportHeight":696}}
[2026-08-06T17:02:14.215Z] {"timestamp":1786035733771,"kind":"scroll","url":"http://localhost:3000/","viewport":{"width":863,"height":696},"payload":{"scrollX":0,"scrollY":123.19999694824219,"documentHeight":14166,"viewportHeight":696}}
[2026-08-06T17:02:16.224Z] {"timestamp":1786035734340,"kind":"scroll","url":"http://localhost:3000/","viewport":{"width":863,"height":696},"payload":{"scrollX":0,"scrollY":416.79998779296875,"documentHeight":14166,"viewportHeight":696}}
[2026-08-06T17:02:16.225Z] {"timestamp":1786035735022,"kind":"scroll","url":"http://localhost:3000/","viewport":{"width":863,"height":696},"payload":{"scrollX":0,"scrollY":10.399999618530273,"documentHeight":14166,"viewportHeight":696}}
[2026-08-06T17:02:16.225Z] {"timestamp":1786035735773,"kind":"scroll","url":"http://localhost:3000/","viewport":{"width":863,"height":696},"payload":{"scrollX":0,"scrollY":472.79998779296875,"documentHeight":14122,"viewportHeight":696}}
[2026-08-06T17:02:18.225Z] {"timestamp":1786035736295,"kind":"scroll","url":"http://localhost:3000/","viewport":{"width":863,"height":696},"payload":{"scrollX":0,"scrollY":224,"documentHeight":14122,"viewportHeight":696}}
[2026-08-06T17:02:24.231Z] {"timestamp":1786035743592,"kind":"scroll","url":"http://localhost:3000/","viewport":{"width":1182,"height":696},"payload":{"scrollX":0,"scrollY":2.4000000953674316,"documentHeight":12693,"viewportHeight":696}}
[2026-08-06T17:02:24.231Z] {"timestamp":1786035744128,"kind":"scroll","url":"http://localhost:3000/","viewport":{"width":1182,"height":696},"payload":{"scrollX":0,"scrollY":176.8000030517578,"documentHeight":12693,"viewportHeight":696}}
[2026-08-06T17:02:28.216Z] {"timestamp":1786035747373,"kind":"scroll","url":"http://localhost:3000/","viewport":{"width":1182,"height":696},"payload":{"scrollX":0,"scrollY":30.399999618530273,"documentHeight":12639,"viewportHeight":696}}
[2026-08-06T17:02:28.217Z] {"timestamp":1786035747881,"kind":"scroll","url":"http://localhost:3000/","viewport":{"width":1182,"height":696},"payload":{"scrollX":0,"scrollY":344,"documentHeight":12639,"viewportHeight":696}}
[2026-08-06T17:07:10.219Z] {"timestamp":1786036028313,"kind":"scroll","url":"http://localhost:3000/","viewport":{"width":1182,"height":696},"payload":{"scrollX":0,"scrollY":8.800000190734863,"documentHeight":12490,"viewportHeight":696}}
[2026-08-06T17:07:10.219Z] {"timestamp":1786036028929,"kind":"scroll","url":"http://localhost:3000/","viewport":{"width":1182,"height":696},"payload":{"scrollX":0,"scrollY":414.3999938964844,"documentHeight":12490,"viewportHeight":696}}
[2026-08-06T17:07:10.219Z] {"timestamp":1786036029630,"kind":"scroll","url":"http://localhost:3000/","viewport":{"width":1182,"height":696},"payload":{"scrollX":0,"scrollY":638.4000244140625,"documentHeight":12490,"viewportHeight":696}}
[2026-08-06T17:07:10.219Z] {"timestamp":1786036030164,"kind":"scroll","url":"http://localhost:3000/","viewport":{"width":1182,"height":696},"payload":{"scrollX":0,"scrollY":191.1999969482422,"documentHeight":12543,"viewportHeight":696}}
[2026-08-06T17:07:18.221Z] {"timestamp":1786036037645,"kind":"scroll","url":"http://localhost:3000/","viewport":{"width":1182,"height":696},"payload":{"scrollX":0,"scrollY":192.8000030517578,"documentHeight":12543,"viewportHeight":696}}
[2026-08-06T17:07:22.216Z] {"timestamp":1786036041963,"kind":"scroll","url":"http://localhost:3000/","viewport":{"width":1182,"height":696},"payload":{"scrollX":0,"scrollY":194.39999389648438,"documentHeight":12543,"viewportHeight":696}}
[2026-08-06T17:07:26.220Z] {"timestamp":1786036045447,"kind":"scroll","url":"http://localhost:3000/","viewport":{"width":1182,"height":696},"payload":{"scrollX":0,"scrollY":191.1999969482422,"documentHeight":12490,"viewportHeight":696}}
[2026-08-06T17:07:28.226Z] {"timestamp":1786036046373,"kind":"click","url":"http://localhost:3000/","viewport":{"width":1182,"height":696},"payload":{"target":{"tag":"img","id":null,"name":null,"type":null,"role":null,"ariaLabel":null,"testId":null,"dataLoc":"client\\src\\components\\HeroSection.tsx:149","href":null,"text":"","selectorHint":"[data-loc=\"client\\src\\components\\HeroSection.tsx:149\"]"},"x":783,"y":449}}
[2026-08-06T17:08:16.216Z] {"timestamp":1786036094302,"kind":"scroll","url":"http://localhost:3000/","viewport":{"width":1182,"height":696},"payload":{"scrollX":0,"scrollY":20.799999237060547,"documentHeight":12490,"viewportHeight":696}}
[2026-08-06T17:08:16.216Z] {"timestamp":1786036094836,"kind":"scroll","url":"http://localhost:3000/","viewport":{"width":1182,"height":696},"payload":{"scrollX":0,"scrollY":420,"documentHeight":12543,"viewportHeight":696}}
[2026-08-06T17:08:16.216Z] {"timestamp":1786036095350,"kind":"scroll","url":"http://localhost:3000/","viewport":{"width":1182,"height":696},"payload":{"scrollX":0,"scrollY":743.2000122070312,"documentHeight":12543,"viewportHeight":696}}
[2026-08-06T17:08:16.216Z] {"timestamp":1786036095850,"kind":"scroll","url":"http://localhost:3000/","viewport":{"width":1182,"height":696},"payload":{"scrollX":0,"scrollY":548,"documentHeight":12543,"viewportHeight":696}}
[2026-08-06T17:08:18.223Z] {"timestamp":1786036096367,"kind":"scroll","url":"http://localhost:3000/","viewport":{"width":1182,"height":696},"payload":{"scrollX":0,"scrollY":567.2000122070312,"documentHeight":12543,"viewportHeight":696}}
[2026-08-06T17:08:18.223Z] {"timestamp":1786036096869,"kind":"scroll","url":"http://localhost:3000/","viewport":{"width":1182,"height":696},"payload":{"scrollX":0,"scrollY":92.80000305175781,"documentHeight":12543,"viewportHeight":696}}
[2026-08-06T17:08:20.219Z] {"timestamp":1786036099635,"kind":"scroll","url":"http://localhost:3000/","viewport":{"width":1182,"height":696},"payload":{"scrollX":0,"scrollY":2.4000000953674316,"documentHeight":12490,"viewportHeight":696}}
[2026-08-06T17:08:22.218Z] {"timestamp":1786036100884,"kind":"scroll","url":"http://localhost:3000/","viewport":{"width":1182,"height":696},"payload":{"scrollX":0,"scrollY":358.3999938964844,"documentHeight":12490,"viewportHeight":696}}
[2026-08-06T17:08:22.218Z] {"timestamp":1786036101567,"kind":"scroll","url":"http://localhost:3000/","viewport":{"width":1182,"height":696},"payload":{"scrollX":0,"scrollY":663.2000122070312,"documentHeight":12490,"viewportHeight":696}}
[2026-08-06T17:08:22.218Z] {"timestamp":1786036102068,"kind":"scroll","url":"http://localhost:3000/","viewport":{"width":1182,"height":696},"payload":{"scrollX":0,"scrollY":35.20000076293945,"documentHeight":12490,"viewportHeight":696}}
[2026-08-06T17:09:32.215Z] {"timestamp":1786036172172,"kind":"scroll","url":"http://localhost:3000/","viewport":{"width":1182,"height":696},"payload":{"scrollX":0,"scrollY":0.800000011920929,"documentHeight":12490,"viewportHeight":696}}
[2026-08-06T17:09:34.215Z] {"timestamp":1786036172805,"kind":"scroll","url":"http://localhost:3000/","viewport":{"width":1182,"height":696},"payload":{"scrollX":0,"scrollY":375.20001220703125,"documentHeight":12543,"viewportHeight":696}}
[2026-08-06T17:09:38.231Z] {"timestamp":1786036176672,"kind":"scroll","url":"http://localhost:3000/","viewport":{"width":1182,"height":696},"payload":{"scrollX":0,"scrollY":379.20001220703125,"documentHeight":12543,"viewportHeight":696}}
[2026-08-06T17:09:40.224Z] {"timestamp":1786036178527,"kind":"scroll","url":"http://localhost:3000/","viewport":{"width":1182,"height":696},"payload":{"scrollX":0,"scrollY":378.3999938964844,"documentHeight":12543,"viewportHeight":696}}
[2026-08-06T17:10:04.220Z] {"timestamp":1786036202526,"kind":"scroll","url":"http://localhost:3000/","viewport":{"width":1182,"height":696},"payload":{"scrollX":0,"scrollY":0.800000011920929,"documentHeight":12543,"viewportHeight":696}}
[2026-08-06T17:10:06.214Z] {"timestamp":1786036204658,"kind":"scroll","url":"http://localhost:3000/","viewport":{"width":1182,"height":696},"payload":{"scrollX":0,"scrollY":34.400001525878906,"documentHeight":12490,"viewportHeight":696}}
[2026-08-06T17:10:06.214Z] {"timestamp":1786036205162,"kind":"scroll","url":"http://localhost:3000/","viewport":{"width":1182,"height":696},"payload":{"scrollX":0,"scrollY":290.3999938964844,"documentHeight":12490,"viewportHeight":696}}
[2026-08-06T17:10:06.214Z] {"timestamp":1786036205690,"kind":"scroll","url":"http://localhost:3000/","viewport":{"width":1182,"height":696},"payload":{"scrollX":0,"scrollY":442.3999938964844,"documentHeight":12543,"viewportHeight":696}}
[2026-08-06T17:10:06.214Z] {"timestamp":1786036206191,"kind":"scroll","url":"http://localhost:3000/","viewport":{"width":1182,"height":696},"payload":{"scrollX":0,"scrollY":599.2000122070312,"documentHeight":12543,"viewportHeight":696}}
[2026-08-06T17:10:08.214Z] {"timestamp":1786036206708,"kind":"scroll","url":"http://localhost:3000/","viewport":{"width":1182,"height":696},"payload":{"scrollX":0,"scrollY":152,"documentHeight":12543,"viewportHeight":696}}
[2026-08-06T17:10:08.214Z] {"timestamp":1786036207225,"kind":"scroll","url":"http://localhost:3000/","viewport":{"width":1182,"height":696},"payload":{"scrollX":0,"scrollY":152,"documentHeight":12543,"viewportHeight":696}}
[2026-08-06T17:10:08.214Z] {"timestamp":1786036207742,"kind":"scroll","url":"http://localhost:3000/","viewport":{"width":1182,"height":696},"payload":{"scrollX":0,"scrollY":76,"documentHeight":12490,"viewportHeight":696}}
[2026-08-06T17:10:10.216Z] {"timestamp":1786036209941,"kind":"scroll","url":"http://localhost:3000/","viewport":{"width":1182,"height":696},"payload":{"scrollX":0,"scrollY":34.400001525878906,"documentHeight":12543,"viewportHeight":696}}
[2026-08-06T17:10:12.217Z] {"timestamp":1786036210509,"kind":"scroll","url":"http://localhost:3000/","viewport":{"width":1182,"height":696},"payload":{"scrollX":0,"scrollY":706.4000244140625,"documentHeight":12543,"viewportHeight":696}}
[2026-08-06T17:10:12.217Z] {"timestamp":1786036211124,"kind":"scroll","url":"http://localhost:3000/","viewport":{"width":1182,"height":696},"payload":{"scrollX":0,"scrollY":1148.800048828125,"documentHeight":12543,"viewportHeight":696}}
[2026-08-06T17:10:12.217Z] {"timestamp":1786036211699,"kind":"scroll","url":"http://localhost:3000/","viewport":{"width":1182,"height":696},"payload":{"scrollX":0,"scrollY":1574.4000244140625,"documentHeight":12490,"viewportHeight":696}}
[2026-08-06T17:10:14.215Z] {"timestamp":1786036213696,"kind":"scroll","url":"http://localhost:3000/","viewport":{"width":1182,"height":696},"payload":{"scrollX":0,"scrollY":1572.800048828125,"documentHeight":12490,"viewportHeight":696}}
[2026-08-06T17:10:16.214Z] {"timestamp":1786036214325,"kind":"scroll","url":"http://localhost:3000/","viewport":{"width":1182,"height":696},"payload":{"scrollX":0,"scrollY":0,"documentHeight":12490,"viewportHeight":696}}
[2026-08-06T17:10:22.226Z] {"timestamp":1786036222106,"kind":"focusin","url":"http://localhost:3000/","viewport":{"width":1182,"height":696},"payload":{"target":{"tag":"button","id":null,"name":null,"type":null,"role":"switch","ariaLabel":"Toggle dark mode","testId":null,"dataLoc":"client\\src\\components\\AnimatedToggle.tsx:114","href":null,"text":"","selectorHint":"[data-loc=\"client\\src\\components\\AnimatedToggle.tsx:114\"]"}}}
[2026-08-06T17:10:24.216Z] {"timestamp":1786036222332,"kind":"click","url":"http://localhost:3000/","viewport":{"width":1182,"height":696},"payload":{"target":{"tag":"button","id":null,"name":null,"type":null,"role":"switch","ariaLabel":"Toggle dark mode","testId":null,"dataLoc":"client\\src\\components\\AnimatedToggle.tsx:114","href":null,"text":"","selectorHint":"[data-loc=\"client\\src\\components\\AnimatedToggle.tsx:114\"]"},"x":945,"y":37}}
[2026-08-06T17:10:24.216Z] {"timestamp":1786036223542,"kind":"scroll","url":"http://localhost:3000/","viewport":{"width":1182,"height":696},"payload":{"scrollX":0,"scrollY":22.399999618530273,"documentHeight":12543,"viewportHeight":696}}
[2026-08-06T17:10:24.216Z] {"timestamp":1786036224146,"kind":"scroll","url":"http://localhost:3000/","viewport":{"width":1182,"height":696},"payload":{"scrollX":0,"scrollY":735.2000122070312,"documentHeight":12490,"viewportHeight":696}}
[2026-08-06T17:10:26.217Z] {"timestamp":1786036224862,"kind":"scroll","url":"http://localhost:3000/","viewport":{"width":1182,"height":696},"payload":{"scrollX":0,"scrollY":31.200000762939453,"documentHeight":12490,"viewportHeight":696}}
[2026-08-06T17:10:28.226Z] {"timestamp":1786036228189,"kind":"focusout","url":"http://localhost:3000/","viewport":{"width":1182,"height":696},"payload":{"target":{"tag":"button","id":null,"name":null,"type":null,"role":"switch","ariaLabel":"Toggle dark mode","testId":null,"dataLoc":"client\\src\\components\\AnimatedToggle.tsx:114","href":null,"text":"","selectorHint":"[data-loc=\"client\\src\\components\\AnimatedToggle.tsx:114\"]"},"value":null}}
[2026-08-06T17:10:28.226Z] {"timestamp":1786036228204,"kind":"focusin","url":"http://localhost:3000/","viewport":{"width":1182,"height":696},"payload":{"target":{"tag":"button","id":null,"name":null,"type":null,"role":"switch","ariaLabel":"Toggle dark mode","testId":null,"dataLoc":"client\\src\\components\\AnimatedToggle.tsx:114","href":null,"text":"","selectorHint":"[data-loc=\"client\\src\\components\\AnimatedToggle.tsx:114\"]"}}}
[2026-08-06T17:10:30.223Z] {"timestamp":1786036228414,"kind":"focusout","url":"http://localhost:3000/","viewport":{"width":1182,"height":696},"payload":{"target":{"tag":"button","id":null,"name":null,"type":null,"role":"switch","ariaLabel":"Toggle dark mode","testId":null,"dataLoc":"client\\src\\components\\AnimatedToggle.tsx:114","href":null,"text":"","selectorHint":"[data-loc=\"client\\src\\components\\AnimatedToggle.tsx:114\"]"},"value":null}}
[2026-08-06T17:10:30.223Z] {"timestamp":1786036228458,"kind":"focusin","url":"http://localhost:3000/","viewport":{"width":1478,"height":696},"payload":{"target":{"tag":"button","id":null,"name":null,"type":null,"role":"switch","ariaLabel":"Toggle dark mode","testId":null,"dataLoc":"client\\src\\components\\AnimatedToggle.tsx:114","href":null,"text":"","selectorHint":"[data-loc=\"client\\src\\components\\AnimatedToggle.tsx:114\"]"}}}
[2026-08-06T17:10:30.223Z] {"timestamp":1786036229276,"kind":"scroll","url":"http://localhost:3000/","viewport":{"width":1478,"height":696},"payload":{"scrollX":0,"scrollY":0,"documentHeight":12474,"viewportHeight":696}}
[2026-08-06T17:10:32.244Z] {"timestamp":1786036230459,"kind":"scroll","url":"http://localhost:3000/","viewport":{"width":1478,"height":696},"payload":{"scrollX":0,"scrollY":52.79999923706055,"documentHeight":12474,"viewportHeight":696}}
[2026-08-06T17:10:32.244Z] {"timestamp":1786036230994,"kind":"scroll","url":"http://localhost:3000/","viewport":{"width":1478,"height":696},"payload":{"scrollX":0,"scrollY":591.2000122070312,"documentHeight":12474,"viewportHeight":696}}
[2026-08-06T17:10:32.244Z] {"timestamp":1786036231525,"kind":"scroll","url":"http://localhost:3000/","viewport":{"width":1478,"height":696},"payload":{"scrollX":0,"scrollY":1700.800048828125,"documentHeight":12474,"viewportHeight":696}}
[2026-08-06T17:10:32.244Z] {"timestamp":1786036232063,"kind":"scroll","url":"http://localhost:3000/","viewport":{"width":1478,"height":696},"payload":{"scrollX":0,"scrollY":2884,"documentHeight":12474,"viewportHeight":696}}
[2026-08-06T17:10:34.223Z] {"timestamp":1786036232586,"kind":"scroll","url":"http://localhost:3000/","viewport":{"width":1478,"height":696},"payload":{"scrollX":0,"scrollY":2364,"documentHeight":12474,"viewportHeight":696}}
[2026-08-06T17:10:34.223Z] {"timestamp":1786036233110,"kind":"scroll","url":"http://localhost:3000/","viewport":{"width":1478,"height":696},"payload":{"scrollX":0,"scrollY":1039.199951171875,"documentHeight":12474,"viewportHeight":696}}
[2026-08-06T17:10:34.223Z] {"timestamp":1786036233612,"kind":"scroll","url":"http://localhost:3000/","viewport":{"width":1478,"height":696},"payload":{"scrollX":0,"scrollY":158.39999389648438,"documentHeight":12474,"viewportHeight":696}}
[2026-08-06T17:10:38.220Z] {"timestamp":1786036236954,"kind":"focusout","url":"http://localhost:3000/","viewport":{"width":1478,"height":696},"payload":{"target":{"tag":"button","id":null,"name":null,"type":null,"role":"switch","ariaLabel":"Toggle dark mode","testId":null,"dataLoc":"client\\src\\components\\AnimatedToggle.tsx:114","href":null,"text":"","selectorHint":"[data-loc=\"client\\src\\components\\AnimatedToggle.tsx:114\"]"},"value":null}}
[2026-08-06T17:10:42.218Z] {"timestamp":1786036241251,"kind":"focusin","url":"http://localhost:3000/","viewport":{"width":1478,"height":696},"payload":{"target":{"tag":"button","id":null,"name":null,"type":null,"role":"switch","ariaLabel":"Toggle dark mode","testId":null,"dataLoc":"client\\src\\components\\AnimatedToggle.tsx:114","href":null,"text":"","selectorHint":"[data-loc=\"client\\src\\components\\AnimatedToggle.tsx:114\"]"}}}
[2026-08-06T17:10:42.218Z] {"timestamp":1786036241256,"kind":"focusout","url":"http://localhost:3000/","viewport":{"width":1478,"height":696},"payload":{"target":{"tag":"button","id":null,"name":null,"type":null,"role":"switch","ariaLabel":"Toggle dark mode","testId":null,"dataLoc":"client\\src\\components\\AnimatedToggle.tsx:114","href":null,"text":"","selectorHint":"[data-loc=\"client\\src\\components\\AnimatedToggle.tsx:114\"]"},"value":null}}
[2026-08-06T17:10:42.218Z] {"timestamp":1786036241276,"kind":"focusin","url":"http://localhost:3000/","viewport":{"width":1478,"height":696},"payload":{"target":{"tag":"button","id":null,"name":null,"type":null,"role":"switch","ariaLabel":"Toggle dark mode","testId":null,"dataLoc":"client\\src\\components\\AnimatedToggle.tsx:114","href":null,"text":"","selectorHint":"[data-loc=\"client\\src\\components\\AnimatedToggle.tsx:114\"]"}}}
[2026-08-06T17:10:42.218Z] {"timestamp":1786036242084,"kind":"focusout","url":"http://localhost:3000/","viewport":{"width":1478,"height":696},"payload":{"target":{"tag":"button","id":null,"name":null,"type":null,"role":"switch","ariaLabel":"Toggle dark mode","testId":null,"dataLoc":"client\\src\\components\\AnimatedToggle.tsx:114","href":null,"text":"","selectorHint":"[data-loc=\"client\\src\\components\\AnimatedToggle.tsx:114\"]"},"value":null}}
[2026-08-06T17:11:02.221Z] {"timestamp":1786036261830,"kind":"focusin","url":"http://localhost:3000/","viewport":{"width":1478,"height":696},"payload":{"target":{"tag":"button","id":null,"name":null,"type":null,"role":"switch","ariaLabel":"Toggle dark mode","testId":null,"dataLoc":"client\\src\\components\\AnimatedToggle.tsx:114","href":null,"text":"","selectorHint":"[data-loc=\"client\\src\\components\\AnimatedToggle.tsx:114\"]"}}}
[2026-08-06T17:11:02.221Z] {"timestamp":1786036261832,"kind":"focusout","url":"http://localhost:3000/","viewport":{"width":1478,"height":696},"payload":{"target":{"tag":"button","id":null,"name":null,"type":null,"role":"switch","ariaLabel":"Toggle dark mode","testId":null,"dataLoc":"client\\src\\components\\AnimatedToggle.tsx:114","href":null,"text":"","selectorHint":"[data-loc=\"client\\src\\components\\AnimatedToggle.tsx:114\"]"},"value":null}}
[2026-08-06T17:11:02.221Z] {"timestamp":1786036261870,"kind":"focusin","url":"http://localhost:3000/","viewport":{"width":1478,"height":696},"payload":{"target":{"tag":"button","id":null,"name":null,"type":null,"role":"switch","ariaLabel":"Toggle dark mode","testId":null,"dataLoc":"client\\src\\components\\AnimatedToggle.tsx:114","href":null,"text":"","selectorHint":"[data-loc=\"client\\src\\components\\AnimatedToggle.tsx:114\"]"}}}
[2026-08-06T17:11:06.226Z] {"timestamp":1786036265791,"kind":"focusout","url":"http://localhost:3000/","viewport":{"width":1478,"height":696},"payload":{"target":{"tag":"button","id":null,"name":null,"type":null,"role":"switch","ariaLabel":"Toggle dark mode","testId":null,"dataLoc":"client\\src\\components\\AnimatedToggle.tsx:114","href":null,"text":"","selectorHint":"[data-loc=\"client\\src\\components\\AnimatedToggle.tsx:114\"]"},"value":null}}
[2026-08-06T17:11:08.220Z] {"timestamp":1786036267021,"kind":"focusin","url":"http://localhost:3000/","viewport":{"width":1478,"height":696},"payload":{"target":{"tag":"button","id":null,"name":null,"type":null,"role":"switch","ariaLabel":"Toggle dark mode","testId":null,"dataLoc":"client\\src\\components\\AnimatedToggle.tsx:114","href":null,"text":"","selectorHint":"[data-loc=\"client\\src\\components\\AnimatedToggle.tsx:114\"]"}}}
[2026-08-06T17:11:08.220Z] {"timestamp":1786036267023,"kind":"focusout","url":"http://localhost:3000/","viewport":{"width":1478,"height":696},"payload":{"target":{"tag":"button","id":null,"name":null,"type":null,"role":"switch","ariaLabel":"Toggle dark mode","testId":null,"dataLoc":"client\\src\\components\\AnimatedToggle.tsx:114","href":null,"text":"","selectorHint":"[data-loc=\"client\\src\\components\\AnimatedToggle.tsx:114\"]"},"value":null}}
[2026-08-06T17:11:08.220Z] {"timestamp":1786036267051,"kind":"focusin","url":"http://localhost:3000/","viewport":{"width":1478,"height":696},"payload":{"target":{"tag":"button","id":null,"name":null,"type":null,"role":"switch","ariaLabel":"Toggle dark mode","testId":null,"dataLoc":"client\\src\\components\\AnimatedToggle.tsx:114","href":null,"text":"","selectorHint":"[data-loc=\"client\\src\\components\\AnimatedToggle.tsx:114\"]"}}}
[2026-08-06T17:11:10.222Z] {"timestamp":1786036269618,"kind":"focusout","url":"http://localhost:3000/","viewport":{"width":1478,"height":696},"payload":{"target":{"tag":"button","id":null,"name":null,"type":null,"role":"switch","ariaLabel":"Toggle dark mode","testId":null,"dataLoc":"client\\src\\components\\AnimatedToggle.tsx:114","href":null,"text":"","selectorHint":"[data-loc=\"client\\src\\components\\AnimatedToggle.tsx:114\"]"},"value":null}}
[2026-08-06T17:14:52.220Z] {"timestamp":1786036490462,"kind":"focusin","url":"http://localhost:3000/","viewport":{"width":1478,"height":696},"payload":{"target":{"tag":"button","id":null,"name":null,"type":null,"role":"switch","ariaLabel":"Toggle dark mode","testId":null,"dataLoc":"client\\src\\components\\AnimatedToggle.tsx:114","href":null,"text":"","selectorHint":"[data-loc=\"client\\src\\components\\AnimatedToggle.tsx:114\"]"}}}
[2026-08-06T17:14:52.220Z] {"timestamp":1786036490463,"kind":"focusout","url":"http://localhost:3000/","viewport":{"width":1478,"height":696},"payload":{"target":{"tag":"button","id":null,"name":null,"type":null,"role":"switch","ariaLabel":"Toggle dark mode","testId":null,"dataLoc":"client\\src\\components\\AnimatedToggle.tsx:114","href":null,"text":"","selectorHint":"[data-loc=\"client\\src\\components\\AnimatedToggle.tsx:114\"]"},"value":null}}
[2026-08-06T17:14:52.220Z] {"timestamp":1786036490493,"kind":"focusin","url":"http://localhost:3000/","viewport":{"width":1478,"height":696},"payload":{"target":{"tag":"button","id":null,"name":null,"type":null,"role":"switch","ariaLabel":"Toggle dark mode","testId":null,"dataLoc":"client\\src\\components\\AnimatedToggle.tsx:114","href":null,"text":"","selectorHint":"[data-loc=\"client\\src\\components\\AnimatedToggle.tsx:114\"]"}}}
[2026-08-06T17:14:58.221Z] {"timestamp":1786036496887,"kind":"focusout","url":"http://localhost:3000/","viewport":{"width":1478,"height":696},"payload":{"target":{"tag":"button","id":null,"name":null,"type":null,"role":"switch","ariaLabel":"Toggle dark mode","testId":null,"dataLoc":"client\\src\\components\\AnimatedToggle.tsx:114","href":null,"text":"","selectorHint":"[data-loc=\"client\\src\\components\\AnimatedToggle.tsx:114\"]"},"value":null}}
[2026-08-06T17:14:58.221Z] {"timestamp":1786036497098,"kind":"click","url":"http://localhost:3000/","viewport":{"width":1478,"height":696},"payload":{"target":{"tag":"span","id":null,"name":null,"type":null,"role":null,"ariaLabel":null,"testId":null,"dataLoc":"client\\src\\components\\HeroSection.tsx:72","href":null,"text":"GFG at Chandigarh University","selectorHint":"[data-loc=\"client\\src\\components\\HeroSection.tsx:72\"]"},"x":297,"y":258}}
[2026-08-06T17:15:00.228Z] {"timestamp":1786036498688,"kind":"click","url":"http://localhost:3000/","viewport":{"width":1478,"height":696},"payload":{"target":{"tag":"div","id":null,"name":null,"type":null,"role":null,"ariaLabel":null,"testId":null,"dataLoc":"client\\src\\components\\HeroSection.tsx:70","href":null,"text":"GFG at Chandigarh University","selectorHint":"[data-loc=\"client\\src\\components\\HeroSection.tsx:70\"]"},"x":136,"y":268}}
[2026-08-06T17:15:00.228Z] {"timestamp":1786036499461,"kind":"scroll","url":"http://localhost:3000/","viewport":{"width":1478,"height":696},"payload":{"scrollX":0,"scrollY":0.800000011920929,"documentHeight":12474,"viewportHeight":696}}
[2026-08-06T17:15:00.228Z] {"timestamp":1786036500016,"kind":"scroll","url":"http://localhost:3000/","viewport":{"width":1478,"height":696},"payload":{"scrollX":0,"scrollY":1172,"documentHeight":12474,"viewportHeight":696}}
[2026-08-06T17:15:02.215Z] {"timestamp":1786036500543,"kind":"scroll","url":"http://localhost:3000/","viewport":{"width":1478,"height":696},"payload":{"scrollX":0,"scrollY":1828.800048828125,"documentHeight":12474,"viewportHeight":696}}
[2026-08-06T17:15:02.215Z] {"timestamp":1786036501061,"kind":"scroll","url":"http://localhost:3000/","viewport":{"width":1478,"height":696},"payload":{"scrollX":0,"scrollY":2468.800048828125,"documentHeight":12474,"viewportHeight":696}}
[2026-08-06T17:15:02.215Z] {"timestamp":1786036502045,"kind":"scroll","url":"http://localhost:3000/","viewport":{"width":1478,"height":696},"payload":{"scrollX":0,"scrollY":2155.199951171875,"documentHeight":12474,"viewportHeight":696}}
[2026-08-06T17:15:04.222Z] {"timestamp":1786036502548,"kind":"scroll","url":"http://localhost:3000/","viewport":{"width":1478,"height":696},"payload":{"scrollX":0,"scrollY":3682.39990234375,"documentHeight":12474,"viewportHeight":696}}
[2026-08-06T17:15:04.222Z] {"timestamp":1786036503062,"kind":"scroll","url":"http://localhost:3000/","viewport":{"width":1478,"height":696},"payload":{"scrollX":0,"scrollY":4355.2001953125,"documentHeight":12474,"viewportHeight":696}}
[2026-08-06T17:15:04.222Z] {"timestamp":1786036503562,"kind":"scroll","url":"http://localhost:3000/","viewport":{"width":1478,"height":696},"payload":{"scrollX":0,"scrollY":5899.2001953125,"documentHeight":12474,"viewportHeight":696}}
[2026-08-06T17:15:04.222Z] {"timestamp":1786036504078,"kind":"scroll","url":"http://localhost:3000/","viewport":{"width":1478,"height":696},"payload":{"scrollX":0,"scrollY":4711.2001953125,"documentHeight":12474,"viewportHeight":696}}
[2026-08-06T17:15:06.234Z] {"timestamp":1786036504594,"kind":"scroll","url":"http://localhost:3000/","viewport":{"width":1478,"height":696},"payload":{"scrollX":0,"scrollY":4566.39990234375,"documentHeight":12474,"viewportHeight":696}}
[2026-08-06T17:15:06.234Z] {"timestamp":1786036505128,"kind":"scroll","url":"http://localhost:3000/","viewport":{"width":1478,"height":696},"payload":{"scrollX":0,"scrollY":4528,"documentHeight":12474,"viewportHeight":696}}
[2026-08-06T17:15:48.223Z] {"timestamp":1786036547344,"kind":"scroll","url":"http://localhost:3000/","viewport":{"width":1182,"height":696},"payload":{"scrollX":0,"scrollY":4469.60009765625,"documentHeight":12490,"viewportHeight":696}}
[2026-08-06T17:15:54.219Z] {"timestamp":1786036553396,"kind":"scroll","url":"http://localhost:3000/","viewport":{"width":1182,"height":696},"payload":{"scrollX":0,"scrollY":4524,"documentHeight":12543,"viewportHeight":696}}
[2026-08-06T17:15:56.218Z] {"timestamp":1786036555645,"kind":"scroll","url":"http://localhost:3000/","viewport":{"width":1182,"height":696},"payload":{"scrollX":0,"scrollY":4469.60009765625,"documentHeight":12490,"viewportHeight":696}}
[2026-08-06T17:15:58.219Z] {"timestamp":1786036557829,"kind":"scroll","url":"http://localhost:3000/","viewport":{"width":1182,"height":696},"payload":{"scrollX":0,"scrollY":4524,"documentHeight":12543,"viewportHeight":696}}
[2026-08-06T17:16:00.220Z] {"timestamp":1786036559745,"kind":"scroll","url":"http://localhost:3000/","viewport":{"width":1182,"height":696},"payload":{"scrollX":0,"scrollY":4469.60009765625,"documentHeight":12490,"viewportHeight":696}}
[2026-08-06T17:16:02.219Z] {"timestamp":1786036561932,"kind":"scroll","url":"http://localhost:3000/","viewport":{"width":1182,"height":696},"payload":{"scrollX":0,"scrollY":4524,"documentHeight":12543,"viewportHeight":696}}
[2026-08-06T17:16:04.237Z] {"timestamp":1786036564100,"kind":"scroll","url":"http://localhost:3000/","viewport":{"width":1182,"height":696},"payload":{"scrollX":0,"scrollY":4469.60009765625,"documentHeight":12490,"viewportHeight":696}}
[2026-08-06T17:16:10.222Z] {"timestamp":1786036570158,"kind":"scroll","url":"http://localhost:3000/","viewport":{"width":1182,"height":696},"payload":{"scrollX":0,"scrollY":4524,"documentHeight":12543,"viewportHeight":696}}
[2026-08-06T17:16:30.217Z] {"timestamp":1786036588679,"kind":"scroll","url":"http://localhost:3000/","viewport":{"width":1182,"height":696},"payload":{"scrollX":0,"scrollY":4469.60009765625,"documentHeight":12490,"viewportHeight":696}}
[2026-08-06T17:16:32.220Z] {"timestamp":1786036590547,"kind":"scroll","url":"http://localhost:3000/","viewport":{"width":1182,"height":696},"payload":{"scrollX":0,"scrollY":4524,"documentHeight":12543,"viewportHeight":696}}
[2026-08-06T17:16:34.220Z] {"timestamp":1786036592464,"kind":"scroll","url":"http://localhost:3000/","viewport":{"width":1182,"height":696},"payload":{"scrollX":0,"scrollY":4469.60009765625,"documentHeight":12490,"viewportHeight":696}}
[2026-08-06T17:16:36.218Z] {"timestamp":1786036594647,"kind":"scroll","url":"http://localhost:3000/","viewport":{"width":1182,"height":696},"payload":{"scrollX":0,"scrollY":4524,"documentHeight":12543,"viewportHeight":696}}
[2026-08-06T17:16:38.219Z] {"timestamp":1786036596782,"kind":"scroll","url":"http://localhost:3000/","viewport":{"width":1182,"height":696},"payload":{"scrollX":0,"scrollY":4469.60009765625,"documentHeight":12490,"viewportHeight":696}}
[2026-08-06T17:16:44.217Z] {"timestamp":1786036602648,"kind":"scroll","url":"http://localhost:3000/","viewport":{"width":1182,"height":696},"payload":{"scrollX":0,"scrollY":4524,"documentHeight":12543,"viewportHeight":696}}
[2026-08-06T17:16:46.225Z] {"timestamp":1786036604864,"kind":"scroll","url":"http://localhost:3000/","viewport":{"width":1182,"height":696},"payload":{"scrollX":0,"scrollY":4469.60009765625,"documentHeight":12490,"viewportHeight":696}}
[2026-08-06T17:16:48.224Z] {"timestamp":1786036606915,"kind":"scroll","url":"http://localhost:3000/","viewport":{"width":1182,"height":696},"payload":{"scrollX":0,"scrollY":4524,"documentHeight":12543,"viewportHeight":696}}
[2026-08-06T17:16:50.221Z] {"timestamp":1786036608832,"kind":"scroll","url":"http://localhost:3000/","viewport":{"width":1182,"height":696},"payload":{"scrollX":0,"scrollY":4469.60009765625,"documentHeight":12490,"viewportHeight":696}}
[2026-08-06T17:16:52.222Z] {"timestamp":1786036610998,"kind":"scroll","url":"http://localhost:3000/","viewport":{"width":1182,"height":696},"payload":{"scrollX":0,"scrollY":4524,"documentHeight":12543,"viewportHeight":696}}
[2026-08-06T17:16:54.369Z] {"timestamp":1786036613165,"kind":"scroll","url":"http://localhost:3000/","viewport":{"width":1182,"height":696},"payload":{"scrollX":0,"scrollY":4469.60009765625,"documentHeight":12490,"viewportHeight":696}}
[2026-08-06T17:17:00.232Z] {"timestamp":1786036619354,"kind":"scroll","url":"http://localhost:3000/","viewport":{"width":1182,"height":696},"payload":{"scrollX":0,"scrollY":4524,"documentHeight":12543,"viewportHeight":696}}
[2026-08-06T17:17:02.231Z] {"timestamp":1786036621603,"kind":"scroll","url":"http://localhost:3000/","viewport":{"width":1182,"height":696},"payload":{"scrollX":0,"scrollY":4469.60009765625,"documentHeight":12490,"viewportHeight":696}}
[2026-08-06T17:17:04.227Z] {"timestamp":1786036623952,"kind":"scroll","url":"http://localhost:3000/","viewport":{"width":1182,"height":696},"payload":{"scrollX":0,"scrollY":4524,"documentHeight":12543,"viewportHeight":696}}
[2026-08-06T17:17:06.219Z] {"timestamp":1786036625881,"kind":"scroll","url":"http://localhost:3000/","viewport":{"width":1182,"height":696},"payload":{"scrollX":0,"scrollY":4469.60009765625,"documentHeight":12490,"viewportHeight":696}}
[2026-08-06T17:17:10.229Z] {"timestamp":1786036628217,"kind":"scroll","url":"http://localhost:3000/","viewport":{"width":1182,"height":696},"payload":{"scrollX":0,"scrollY":4524,"documentHeight":12543,"viewportHeight":696}}
[2026-08-06T17:17:12.225Z] {"timestamp":1786036630383,"kind":"scroll","url":"http://localhost:3000/","viewport":{"width":1182,"height":696},"payload":{"scrollX":0,"scrollY":4469.60009765625,"documentHeight":12490,"viewportHeight":696}}
[2026-08-06T17:17:18.224Z] {"timestamp":1786036636334,"kind":"scroll","url":"http://localhost:3000/","viewport":{"width":1182,"height":696},"payload":{"scrollX":0,"scrollY":4524,"documentHeight":12543,"viewportHeight":696}}
[2026-08-06T17:17:20.221Z] {"timestamp":1786036638583,"kind":"scroll","url":"http://localhost:3000/","viewport":{"width":1182,"height":696},"payload":{"scrollX":0,"scrollY":4469.60009765625,"documentHeight":12490,"viewportHeight":696}}
[2026-08-06T17:17:22.217Z] {"timestamp":1786036640768,"kind":"scroll","url":"http://localhost:3000/","viewport":{"width":1182,"height":696},"payload":{"scrollX":0,"scrollY":4524,"documentHeight":12543,"viewportHeight":696}}
[2026-08-06T17:17:24.226Z] {"timestamp":1786036642684,"kind":"scroll","url":"http://localhost:3000/","viewport":{"width":1182,"height":696},"payload":{"scrollX":0,"scrollY":4469.60009765625,"documentHeight":12490,"viewportHeight":696}}
[2026-08-06T17:17:26.219Z] {"timestamp":1786036644868,"kind":"scroll","url":"http://localhost:3000/","viewport":{"width":1182,"height":696},"payload":{"scrollX":0,"scrollY":4524,"documentHeight":12543,"viewportHeight":696}}
[2026-08-06T17:17:28.232Z] {"timestamp":1786036647033,"kind":"scroll","url":"http://localhost:3000/","viewport":{"width":1182,"height":696},"payload":{"scrollX":0,"scrollY":4469.60009765625,"documentHeight":12490,"viewportHeight":696}}
[2026-08-06T17:17:30.221Z] {"timestamp":1786036649518,"kind":"scroll","url":"http://localhost:3000/","viewport":{"width":1182,"height":696},"payload":{"scrollX":0,"scrollY":4432.7998046875,"documentHeight":12490,"viewportHeight":696}}
[2026-08-06T17:17:30.221Z] {"timestamp":1786036650019,"kind":"scroll","url":"http://localhost:3000/","viewport":{"width":1182,"height":696},"payload":{"scrollX":0,"scrollY":4661.60009765625,"documentHeight":12490,"viewportHeight":696}}
[2026-08-06T17:17:32.226Z] {"timestamp":1786036650553,"kind":"scroll","url":"http://localhost:3000/","viewport":{"width":1182,"height":696},"payload":{"scrollX":0,"scrollY":4985.60009765625,"documentHeight":12490,"viewportHeight":696}}
[2026-08-06T17:17:32.226Z] {"timestamp":1786036651053,"kind":"scroll","url":"http://localhost:3000/","viewport":{"width":1182,"height":696},"payload":{"scrollX":0,"scrollY":4776.7998046875,"documentHeight":12490,"viewportHeight":696}}
[2026-08-06T17:17:34.225Z] {"timestamp":1786036653051,"kind":"scroll","url":"http://localhost:3000/","viewport":{"width":1182,"height":696},"payload":{"scrollX":0,"scrollY":4767.2001953125,"documentHeight":12543,"viewportHeight":696}}
[2026-08-06T17:17:36.223Z] {"timestamp":1786036655307,"kind":"scroll","url":"http://localhost:3000/","viewport":{"width":1182,"height":696},"payload":{"scrollX":0,"scrollY":4712.7998046875,"documentHeight":12490,"viewportHeight":696}}
[2026-08-06T17:17:38.215Z] {"timestamp":1786036657467,"kind":"scroll","url":"http://localhost:3000/","viewport":{"width":1182,"height":696},"payload":{"scrollX":0,"scrollY":4767.2001953125,"documentHeight":12543,"viewportHeight":696}}
[2026-08-06T17:17:40.227Z] {"timestamp":1786036659384,"kind":"scroll","url":"http://localhost:3000/","viewport":{"width":1182,"height":696},"payload":{"scrollX":0,"scrollY":4712.7998046875,"documentHeight":12490,"viewportHeight":696}}
[2026-08-06T17:17:42.215Z] {"timestamp":1786036661584,"kind":"scroll","url":"http://localhost:3000/","viewport":{"width":1182,"height":696},"payload":{"scrollX":0,"scrollY":4767.2001953125,"documentHeight":12543,"viewportHeight":696}}
[2026-08-06T17:17:44.216Z] {"timestamp":1786036663735,"kind":"scroll","url":"http://localhost:3000/","viewport":{"width":1182,"height":696},"payload":{"scrollX":0,"scrollY":4712.7998046875,"documentHeight":12490,"viewportHeight":696}}
[2026-08-06T17:17:50.220Z] {"timestamp":1786036669718,"kind":"scroll","url":"http://localhost:3000/","viewport":{"width":1182,"height":696},"payload":{"scrollX":0,"scrollY":4767.2001953125,"documentHeight":12543,"viewportHeight":696}}
[2026-08-06T17:17:52.214Z] {"timestamp":1786036671936,"kind":"scroll","url":"http://localhost:3000/","viewport":{"width":1182,"height":696},"payload":{"scrollX":0,"scrollY":4712.7998046875,"documentHeight":12490,"viewportHeight":696}}
[2026-08-06T17:17:54.226Z] {"timestamp":1786036674002,"kind":"scroll","url":"http://localhost:3000/","viewport":{"width":1182,"height":696},"payload":{"scrollX":0,"scrollY":4767.2001953125,"documentHeight":12543,"viewportHeight":696}}
[2026-08-06T17:17:56.220Z] {"timestamp":1786036675902,"kind":"scroll","url":"http://localhost:3000/","viewport":{"width":1182,"height":696},"payload":{"scrollX":0,"scrollY":4712.7998046875,"documentHeight":12490,"viewportHeight":696}}
[2026-08-06T17:17:58.222Z] {"timestamp":1786036678069,"kind":"scroll","url":"http://localhost:3000/","viewport":{"width":1182,"height":696},"payload":{"scrollX":0,"scrollY":4767.2001953125,"documentHeight":12543,"viewportHeight":696}}
[2026-08-06T17:18:00.229Z] {"timestamp":1786036679269,"kind":"scroll","url":"http://localhost:3000/","viewport":{"width":1182,"height":696},"payload":{"scrollX":0,"scrollY":5326.39990234375,"documentHeight":12543,"viewportHeight":696}}
[2026-08-06T17:18:02.216Z] {"timestamp":1786036680252,"kind":"scroll","url":"http://localhost:3000/","viewport":{"width":1182,"height":696},"payload":{"scrollX":0,"scrollY":5612.7998046875,"documentHeight":12490,"viewportHeight":696}}
[2026-08-06T17:18:02.216Z] {"timestamp":1786036680754,"kind":"scroll","url":"http://localhost:3000/","viewport":{"width":1182,"height":696},"payload":{"scrollX":0,"scrollY":3985.60009765625,"documentHeight":12490,"viewportHeight":696}}
[2026-08-06T17:18:02.216Z] {"timestamp":1786036681254,"kind":"scroll","url":"http://localhost:3000/","viewport":{"width":1182,"height":696},"payload":{"scrollX":0,"scrollY":3488.800048828125,"documentHeight":12490,"viewportHeight":696}}
[2026-08-06T17:18:02.216Z] {"timestamp":1786036681754,"kind":"scroll","url":"http://localhost:3000/","viewport":{"width":1182,"height":696},"payload":{"scrollX":0,"scrollY":3005.60009765625,"documentHeight":12490,"viewportHeight":696}}
[2026-08-06T17:18:06.227Z] {"timestamp":1786036686036,"kind":"scroll","url":"http://localhost:3000/","viewport":{"width":1182,"height":696},"payload":{"scrollX":0,"scrollY":2858.39990234375,"documentHeight":12543,"viewportHeight":696}}
[2026-08-06T17:18:10.224Z] {"timestamp":1786036688252,"kind":"scroll","url":"http://localhost:3000/","viewport":{"width":1182,"height":696},"payload":{"scrollX":0,"scrollY":2804.800048828125,"documentHeight":12490,"viewportHeight":696}}
[2026-08-06T17:18:12.221Z] {"timestamp":1786036690319,"kind":"scroll","url":"http://localhost:3000/","viewport":{"width":1182,"height":696},"payload":{"scrollX":0,"scrollY":2858.39990234375,"documentHeight":12543,"viewportHeight":696}}
[2026-08-06T17:18:14.225Z] {"timestamp":1786036692237,"kind":"scroll","url":"http://localhost:3000/","viewport":{"width":1182,"height":696},"payload":{"scrollX":0,"scrollY":2804.800048828125,"documentHeight":12490,"viewportHeight":696}}
[2026-08-06T17:18:16.216Z] {"timestamp":1786036694353,"kind":"scroll","url":"http://localhost:3000/","viewport":{"width":1182,"height":696},"payload":{"scrollX":0,"scrollY":2858.39990234375,"documentHeight":12543,"viewportHeight":696}}
[2026-08-06T17:18:18.227Z] {"timestamp":1786036696504,"kind":"scroll","url":"http://localhost:3000/","viewport":{"width":1182,"height":696},"payload":{"scrollX":0,"scrollY":2804.800048828125,"documentHeight":12490,"viewportHeight":696}}
[2026-08-06T17:18:24.228Z] {"timestamp":1786036702621,"kind":"scroll","url":"http://localhost:3000/","viewport":{"width":1182,"height":696},"payload":{"scrollX":0,"scrollY":2858.39990234375,"documentHeight":12543,"viewportHeight":696}}
[2026-08-06T17:18:26.226Z] {"timestamp":1786036704871,"kind":"scroll","url":"http://localhost:3000/","viewport":{"width":1182,"height":696},"payload":{"scrollX":0,"scrollY":2804.800048828125,"documentHeight":12490,"viewportHeight":696}}
[2026-08-06T17:18:28.217Z] {"timestamp":1786036707155,"kind":"scroll","url":"http://localhost:3000/","viewport":{"width":1182,"height":696},"payload":{"scrollX":0,"scrollY":2858.39990234375,"documentHeight":12543,"viewportHeight":696}}
[2026-08-06T17:18:30.227Z] {"timestamp":1786036709072,"kind":"scroll","url":"http://localhost:3000/","viewport":{"width":1182,"height":696},"payload":{"scrollX":0,"scrollY":2804.800048828125,"documentHeight":12490,"viewportHeight":696}}
[2026-08-06T17:18:32.221Z] {"timestamp":1786036711205,"kind":"scroll","url":"http://localhost:3000/","viewport":{"width":1182,"height":696},"payload":{"scrollX":0,"scrollY":2858.39990234375,"documentHeight":12543,"viewportHeight":696}}
[2026-08-06T17:18:34.223Z] {"timestamp":1786036713372,"kind":"scroll","url":"http://localhost:3000/","viewport":{"width":1182,"height":696},"payload":{"scrollX":0,"scrollY":2804.800048828125,"documentHeight":12490,"viewportHeight":696}}
[2026-08-06T17:18:36.224Z] {"timestamp":1786036716168,"kind":"scroll","url":"http://localhost:3000/","viewport":{"width":1478,"height":696},"payload":{"scrollX":0,"scrollY":2640,"documentHeight":12474,"viewportHeight":696}}
[2026-08-06T17:18:48.216Z] {"timestamp":1786036726314,"kind":"scroll","url":"http://localhost:3000/","viewport":{"width":1182,"height":696},"payload":{"scrollX":0,"scrollY":2804.800048828125,"documentHeight":12490,"viewportHeight":696}}
[2026-08-06T17:18:50.215Z] {"timestamp":1786036728772,"kind":"scroll","url":"http://localhost:3000/","viewport":{"width":1182,"height":696},"payload":{"scrollX":0,"scrollY":2858.39990234375,"documentHeight":12543,"viewportHeight":696}}
[2026-08-06T17:18:52.215Z] {"timestamp":1786036730905,"kind":"scroll","url":"http://localhost:3000/","viewport":{"width":1182,"height":696},"payload":{"scrollX":0,"scrollY":2804.800048828125,"documentHeight":12490,"viewportHeight":696}}
[2026-08-06T17:18:58.228Z] {"timestamp":1786036736672,"kind":"scroll","url":"http://localhost:3000/","viewport":{"width":1182,"height":696},"payload":{"scrollX":0,"scrollY":2858.39990234375,"documentHeight":12543,"viewportHeight":696}}
[2026-08-06T17:19:00.213Z] {"timestamp":1786036738890,"kind":"scroll","url":"http://localhost:3000/","viewport":{"width":1182,"height":696},"payload":{"scrollX":0,"scrollY":2804.800048828125,"documentHeight":12490,"viewportHeight":696}}
[2026-08-06T17:19:02.225Z] {"timestamp":1786036740906,"kind":"scroll","url":"http://localhost:3000/","viewport":{"width":1182,"height":696},"payload":{"scrollX":0,"scrollY":2858.39990234375,"documentHeight":12543,"viewportHeight":696}}
[2026-08-06T17:19:04.222Z] {"timestamp":1786036742806,"kind":"scroll","url":"http://localhost:3000/","viewport":{"width":1182,"height":696},"payload":{"scrollX":0,"scrollY":2804.800048828125,"documentHeight":12490,"viewportHeight":696}}
[2026-08-06T17:19:06.230Z] {"timestamp":1786036744823,"kind":"scroll","url":"http://localhost:3000/","viewport":{"width":1182,"height":696},"payload":{"scrollX":0,"scrollY":2858.39990234375,"documentHeight":12543,"viewportHeight":696}}
[2026-08-06T17:19:08.226Z] {"timestamp":1786036746957,"kind":"scroll","url":"http://localhost:3000/","viewport":{"width":1182,"height":696},"payload":{"scrollX":0,"scrollY":2804.800048828125,"documentHeight":12490,"viewportHeight":696}}
[2026-08-06T17:19:14.216Z] {"timestamp":1786036752657,"kind":"scroll","url":"http://localhost:3000/","viewport":{"width":1182,"height":696},"payload":{"scrollX":0,"scrollY":2858.39990234375,"documentHeight":12543,"viewportHeight":696}}
[2026-08-06T17:19:16.214Z] {"timestamp":1786036754874,"kind":"scroll","url":"http://localhost:3000/","viewport":{"width":1182,"height":696},"payload":{"scrollX":0,"scrollY":2804.800048828125,"documentHeight":12490,"viewportHeight":696}}
[2026-08-06T17:19:18.213Z] {"timestamp":1786036756924,"kind":"scroll","url":"http://localhost:3000/","viewport":{"width":1182,"height":696},"payload":{"scrollX":0,"scrollY":2858.39990234375,"documentHeight":12543,"viewportHeight":696}}
[2026-08-06T17:19:20.215Z] {"timestamp":1786036758842,"kind":"scroll","url":"http://localhost:3000/","viewport":{"width":1182,"height":696},"payload":{"scrollX":0,"scrollY":2804.800048828125,"documentHeight":12490,"viewportHeight":696}}
[2026-08-06T17:19:22.218Z] {"timestamp":1786036760974,"kind":"scroll","url":"http://localhost:3000/","viewport":{"width":1182,"height":696},"payload":{"scrollX":0,"scrollY":2858.39990234375,"documentHeight":12543,"viewportHeight":696}}
[2026-08-06T17:19:24.214Z] {"timestamp":1786036763107,"kind":"scroll","url":"http://localhost:3000/","viewport":{"width":1182,"height":696},"payload":{"scrollX":0,"scrollY":2804.800048828125,"documentHeight":12490,"viewportHeight":696}}
[2026-08-06T17:19:30.215Z] {"timestamp":1786036768824,"kind":"scroll","url":"http://localhost:3000/","viewport":{"width":1182,"height":696},"payload":{"scrollX":0,"scrollY":2858.39990234375,"documentHeight":12543,"viewportHeight":696}}
[2026-08-06T17:19:32.234Z] {"timestamp":1786036771043,"kind":"scroll","url":"http://localhost:3000/","viewport":{"width":1182,"height":696},"payload":{"scrollX":0,"scrollY":2804.800048828125,"documentHeight":12490,"viewportHeight":696}}
[2026-08-06T17:19:34.224Z] {"timestamp":1786036773091,"kind":"scroll","url":"http://localhost:3000/","viewport":{"width":1182,"height":696},"payload":{"scrollX":0,"scrollY":2858.39990234375,"documentHeight":12543,"viewportHeight":696}}
[2026-08-06T17:19:36.215Z] {"timestamp":1786036775025,"kind":"scroll","url":"http://localhost:3000/","viewport":{"width":1182,"height":696},"payload":{"scrollX":0,"scrollY":2804.800048828125,"documentHeight":12490,"viewportHeight":696}}
[2026-08-06T17:19:38.214Z] {"timestamp":1786036777126,"kind":"scroll","url":"http://localhost:3000/","viewport":{"width":1182,"height":696},"payload":{"scrollX":0,"scrollY":2858.39990234375,"documentHeight":12543,"viewportHeight":696}}
[2026-08-06T17:19:40.215Z] {"timestamp":1786036779259,"kind":"scroll","url":"http://localhost:3000/","viewport":{"width":1182,"height":696},"payload":{"scrollX":0,"scrollY":2804.800048828125,"documentHeight":12490,"viewportHeight":696}}
[2026-08-06T17:19:46.228Z] {"timestamp":1786036785042,"kind":"scroll","url":"http://localhost:3000/","viewport":{"width":1182,"height":696},"payload":{"scrollX":0,"scrollY":2858.39990234375,"documentHeight":12543,"viewportHeight":696}}
[2026-08-06T17:19:48.218Z] {"timestamp":1786036787047,"kind":"scroll","url":"http://localhost:3000/","viewport":{"width":1159,"height":696},"payload":{"scrollX":0,"scrollY":2858.39990234375,"documentHeight":12543,"viewportHeight":696}}
[2026-08-06T17:19:50.214Z] {"timestamp":1786036789859,"kind":"scroll","url":"http://localhost:3000/","viewport":{"width":1159,"height":696},"payload":{"scrollX":0,"scrollY":2858.39990234375,"documentHeight":12543,"viewportHeight":696}}
[2026-08-06T17:19:54.803Z] {"timestamp":1786036793068,"kind":"scroll","url":"http://localhost:3000/","viewport":{"width":1159,"height":696},"payload":{"scrollX":0,"scrollY":2804.800048828125,"documentHeight":12490,"viewportHeight":696}}
[2026-08-06T17:20:00.223Z] {"timestamp":1786036799948,"kind":"scroll","url":"http://localhost:3000/","viewport":{"width":1159,"height":696},"payload":{"scrollX":0,"scrollY":2858.39990234375,"documentHeight":12543,"viewportHeight":696}}
[2026-08-06T17:20:02.215Z] {"timestamp":1786036802114,"kind":"scroll","url":"http://localhost:3000/","viewport":{"width":1159,"height":696},"payload":{"scrollX":0,"scrollY":2804.800048828125,"documentHeight":12490,"viewportHeight":696}}
[2026-08-06T17:20:08.221Z] {"timestamp":1786036808097,"kind":"scroll","url":"http://localhost:3000/","viewport":{"width":1159,"height":696},"payload":{"scrollX":0,"scrollY":2858.39990234375,"documentHeight":12543,"viewportHeight":696}}
[2026-08-06T17:20:12.224Z] {"timestamp":1786036810348,"kind":"scroll","url":"http://localhost:3000/","viewport":{"width":1159,"height":696},"payload":{"scrollX":0,"scrollY":2804.800048828125,"documentHeight":12490,"viewportHeight":696}}
[2026-08-06T17:20:14.220Z] {"timestamp":1786036812498,"kind":"scroll","url":"http://localhost:3000/","viewport":{"width":1159,"height":696},"payload":{"scrollX":0,"scrollY":2858.39990234375,"documentHeight":12543,"viewportHeight":696}}
[2026-08-06T17:20:16.225Z] {"timestamp":1786036814415,"kind":"scroll","url":"http://localhost:3000/","viewport":{"width":1159,"height":696},"payload":{"scrollX":0,"scrollY":2804.800048828125,"documentHeight":12490,"viewportHeight":696}}
[2026-08-06T17:20:18.225Z] {"timestamp":1786036816649,"kind":"scroll","url":"http://localhost:3000/","viewport":{"width":1159,"height":696},"payload":{"scrollX":0,"scrollY":2858.39990234375,"documentHeight":12543,"viewportHeight":696}}
[2026-08-06T17:20:20.226Z] {"timestamp":1786036818817,"kind":"scroll","url":"http://localhost:3000/","viewport":{"width":1159,"height":696},"payload":{"scrollX":0,"scrollY":2804.800048828125,"documentHeight":12490,"viewportHeight":696}}
[2026-08-06T17:20:26.221Z] {"timestamp":1786036824916,"kind":"scroll","url":"http://localhost:3000/","viewport":{"width":1159,"height":696},"payload":{"scrollX":0,"scrollY":2858.39990234375,"documentHeight":12543,"viewportHeight":696}}
[2026-08-06T17:20:28.226Z] {"timestamp":1786036827167,"kind":"scroll","url":"http://localhost:3000/","viewport":{"width":1159,"height":696},"payload":{"scrollX":0,"scrollY":2804.800048828125,"documentHeight":12490,"viewportHeight":696}}
[2026-08-06T17:20:30.228Z] {"timestamp":1786036829334,"kind":"scroll","url":"http://localhost:3000/","viewport":{"width":1159,"height":696},"payload":{"scrollX":0,"scrollY":2858.39990234375,"documentHeight":12543,"viewportHeight":696}}
[2026-08-06T17:20:32.223Z] {"timestamp":1786036831251,"kind":"scroll","url":"http://localhost:3000/","viewport":{"width":1159,"height":696},"payload":{"scrollX":0,"scrollY":2804.800048828125,"documentHeight":12490,"viewportHeight":696}}
[2026-08-06T17:20:34.223Z] {"timestamp":1786036833466,"kind":"scroll","url":"http://localhost:3000/","viewport":{"width":1159,"height":696},"payload":{"scrollX":0,"scrollY":2858.39990234375,"documentHeight":12543,"viewportHeight":696}}
[2026-08-06T17:20:36.224Z] {"timestamp":1786036835634,"kind":"scroll","url":"http://localhost:3000/","viewport":{"width":1159,"height":696},"payload":{"scrollX":0,"scrollY":2804.800048828125,"documentHeight":12490,"viewportHeight":696}}
[2026-08-06T17:20:42.214Z] {"timestamp":1786036841650,"kind":"scroll","url":"http://localhost:3000/","viewport":{"width":1159,"height":696},"payload":{"scrollX":0,"scrollY":2858.39990234375,"documentHeight":12543,"viewportHeight":696}}
[2026-08-06T17:20:44.216Z] {"timestamp":1786036843901,"kind":"scroll","url":"http://localhost:3000/","viewport":{"width":1159,"height":696},"payload":{"scrollX":0,"scrollY":2804.800048828125,"documentHeight":12490,"viewportHeight":696}}
[2026-08-06T17:20:46.224Z] {"timestamp":1786036846067,"kind":"scroll","url":"http://localhost:3000/","viewport":{"width":1159,"height":696},"payload":{"scrollX":0,"scrollY":2858.39990234375,"documentHeight":12543,"viewportHeight":696}}
[2026-08-06T17:20:48.217Z] {"timestamp":1786036847985,"kind":"scroll","url":"http://localhost:3000/","viewport":{"width":1159,"height":696},"payload":{"scrollX":0,"scrollY":2804.800048828125,"documentHeight":12490,"viewportHeight":696}}
[2026-08-06T17:20:50.223Z] {"timestamp":1786036850201,"kind":"scroll","url":"http://localhost:3000/","viewport":{"width":1159,"height":696},"payload":{"scrollX":0,"scrollY":2858.39990234375,"documentHeight":12543,"viewportHeight":696}}
[2026-08-06T17:20:54.214Z] {"timestamp":1786036852351,"kind":"scroll","url":"http://localhost:3000/","viewport":{"width":1159,"height":696},"payload":{"scrollX":0,"scrollY":2804.800048828125,"documentHeight":12490,"viewportHeight":696}}
[2026-08-06T17:21:00.216Z] {"timestamp":1786036858251,"kind":"scroll","url":"http://localhost:3000/","viewport":{"width":1159,"height":696},"payload":{"scrollX":0,"scrollY":2858.39990234375,"documentHeight":12543,"viewportHeight":696}}
[2026-08-06T17:21:02.224Z] {"timestamp":1786036860502,"kind":"scroll","url":"http://localhost:3000/","viewport":{"width":1159,"height":696},"payload":{"scrollX":0,"scrollY":2804.800048828125,"documentHeight":12490,"viewportHeight":696}}
[2026-08-06T17:21:04.219Z] {"timestamp":1786036862651,"kind":"scroll","url":"http://localhost:3000/","viewport":{"width":1159,"height":696},"payload":{"scrollX":0,"scrollY":2858.39990234375,"documentHeight":12543,"viewportHeight":696}}
[2026-08-06T17:21:06.225Z] {"timestamp":1786036864584,"kind":"scroll","url":"http://localhost:3000/","viewport":{"width":1159,"height":696},"payload":{"scrollX":0,"scrollY":2804.800048828125,"documentHeight":12490,"viewportHeight":696}}
[2026-08-06T17:21:08.224Z] {"timestamp":1786036866769,"kind":"scroll","url":"http://localhost:3000/","viewport":{"width":1159,"height":696},"payload":{"scrollX":0,"scrollY":2858.39990234375,"documentHeight":12543,"viewportHeight":696}}
[2026-08-06T17:21:10.224Z] {"timestamp":1786036868935,"kind":"scroll","url":"http://localhost:3000/","viewport":{"width":1159,"height":696},"payload":{"scrollX":0,"scrollY":2804.800048828125,"documentHeight":12490,"viewportHeight":696}}
[2026-08-06T17:21:16.222Z] {"timestamp":1786036874919,"kind":"scroll","url":"http://localhost:3000/","viewport":{"width":1159,"height":696},"payload":{"scrollX":0,"scrollY":2858.39990234375,"documentHeight":12543,"viewportHeight":696}}
[2026-08-06T17:21:18.219Z] {"timestamp":1786036877169,"kind":"scroll","url":"http://localhost:3000/","viewport":{"width":1159,"height":696},"payload":{"scrollX":0,"scrollY":2804.800048828125,"documentHeight":12490,"viewportHeight":696}}
[2026-08-06T17:21:20.224Z] {"timestamp":1786036879335,"kind":"scroll","url":"http://localhost:3000/","viewport":{"width":1159,"height":696},"payload":{"scrollX":0,"scrollY":2858.39990234375,"documentHeight":12543,"viewportHeight":696}}
[2026-08-06T17:21:22.226Z] {"timestamp":1786036881252,"kind":"scroll","url":"http://localhost:3000/","viewport":{"width":1159,"height":696},"payload":{"scrollX":0,"scrollY":2804.800048828125,"documentHeight":12490,"viewportHeight":696}}
[2026-08-06T17:21:24.228Z] {"timestamp":1786036883486,"kind":"scroll","url":"http://localhost:3000/","viewport":{"width":1159,"height":696},"payload":{"scrollX":0,"scrollY":2858.39990234375,"documentHeight":12543,"viewportHeight":696}}
[2026-08-06T17:21:26.225Z] {"timestamp":1786036885637,"kind":"scroll","url":"http://localhost:3000/","viewport":{"width":1159,"height":696},"payload":{"scrollX":0,"scrollY":2804.800048828125,"documentHeight":12490,"viewportHeight":696}}
[2026-08-06T17:21:32.226Z] {"timestamp":1786036891570,"kind":"scroll","url":"http://localhost:3000/","viewport":{"width":1159,"height":696},"payload":{"scrollX":0,"scrollY":2858.39990234375,"documentHeight":12543,"viewportHeight":696}}
[2026-08-06T17:21:34.220Z] {"timestamp":1786036893837,"kind":"scroll","url":"http://localhost:3000/","viewport":{"width":1159,"height":696},"payload":{"scrollX":0,"scrollY":2804.800048828125,"documentHeight":12490,"viewportHeight":696}}
[2026-08-06T17:21:36.226Z] {"timestamp":1786036896004,"kind":"scroll","url":"http://localhost:3000/","viewport":{"width":1159,"height":696},"payload":{"scrollX":0,"scrollY":2858.39990234375,"documentHeight":12543,"viewportHeight":696}}
[2026-08-06T17:21:38.231Z] {"timestamp":1786036897920,"kind":"scroll","url":"http://localhost:3000/","viewport":{"width":1159,"height":696},"payload":{"scrollX":0,"scrollY":2804.800048828125,"documentHeight":12490,"viewportHeight":696}}
[2026-08-06T17:21:40.221Z] {"timestamp":1786036900120,"kind":"scroll","url":"http://localhost:3000/","viewport":{"width":1159,"height":696},"payload":{"scrollX":0,"scrollY":2858.39990234375,"documentHeight":12543,"viewportHeight":696}}
[2026-08-06T17:21:44.219Z] {"timestamp":1786036902288,"kind":"scroll","url":"http://localhost:3000/","viewport":{"width":1159,"height":696},"payload":{"scrollX":0,"scrollY":2804.800048828125,"documentHeight":12490,"viewportHeight":696}}
[2026-08-06T17:21:50.217Z] {"timestamp":1786036908255,"kind":"scroll","url":"http://localhost:3000/","viewport":{"width":1159,"height":696},"payload":{"scrollX":0,"scrollY":2858.39990234375,"documentHeight":12543,"viewportHeight":696}}
[2026-08-06T17:21:52.225Z] {"timestamp":1786036910487,"kind":"scroll","url":"http://localhost:3000/","viewport":{"width":1159,"height":696},"payload":{"scrollX":0,"scrollY":2804.800048828125,"documentHeight":12490,"viewportHeight":696}}
[2026-08-06T17:21:54.216Z] {"timestamp":1786036912654,"kind":"scroll","url":"http://localhost:3000/","viewport":{"width":1159,"height":696},"payload":{"scrollX":0,"scrollY":2858.39990234375,"documentHeight":12543,"viewportHeight":696}}
[2026-08-06T17:21:56.213Z] {"timestamp":1786036914555,"kind":"scroll","url":"http://localhost:3000/","viewport":{"width":1159,"height":696},"payload":{"scrollX":0,"scrollY":2804.800048828125,"documentHeight":12490,"viewportHeight":696}}
[2026-08-06T17:21:58.229Z] {"timestamp":1786036916788,"kind":"scroll","url":"http://localhost:3000/","viewport":{"width":1159,"height":696},"payload":{"scrollX":0,"scrollY":2858.39990234375,"documentHeight":12543,"viewportHeight":696}}
[2026-08-06T17:22:00.216Z] {"timestamp":1786036918955,"kind":"scroll","url":"http://localhost:3000/","viewport":{"width":1159,"height":696},"payload":{"scrollX":0,"scrollY":2804.800048828125,"documentHeight":12490,"viewportHeight":696}}
[2026-08-06T17:22:06.232Z] {"timestamp":1786036924939,"kind":"scroll","url":"http://localhost:3000/","viewport":{"width":1159,"height":696},"payload":{"scrollX":0,"scrollY":2858.39990234375,"documentHeight":12543,"viewportHeight":696}}
[2026-08-06T17:22:08.218Z] {"timestamp":1786036927190,"kind":"scroll","url":"http://localhost:3000/","viewport":{"width":1159,"height":696},"payload":{"scrollX":0,"scrollY":2804.800048828125,"documentHeight":12490,"viewportHeight":696}}
[2026-08-06T17:22:10.213Z] {"timestamp":1786036929373,"kind":"scroll","url":"http://localhost:3000/","viewport":{"width":1159,"height":696},"payload":{"scrollX":0,"scrollY":2858.39990234375,"documentHeight":12543,"viewportHeight":696}}
[2026-08-06T17:22:12.219Z] {"timestamp":1786036931308,"kind":"scroll","url":"http://localhost:3000/","viewport":{"width":1159,"height":696},"payload":{"scrollX":0,"scrollY":2804.800048828125,"documentHeight":12490,"viewportHeight":696}}
[2026-08-06T17:22:14.218Z] {"timestamp":1786036933556,"kind":"scroll","url":"http://localhost:3000/","viewport":{"width":1159,"height":696},"payload":{"scrollX":0,"scrollY":2858.39990234375,"documentHeight":12543,"viewportHeight":696}}
[2026-08-06T17:22:16.229Z] {"timestamp":1786036935723,"kind":"scroll","url":"http://localhost:3000/","viewport":{"width":1159,"height":696},"payload":{"scrollX":0,"scrollY":2804.800048828125,"documentHeight":12490,"viewportHeight":696}}
[2026-08-06T17:22:22.230Z] {"timestamp":1786036941723,"kind":"scroll","url":"http://localhost:3000/","viewport":{"width":1159,"height":696},"payload":{"scrollX":0,"scrollY":2858.39990234375,"documentHeight":12543,"viewportHeight":696}}
[2026-08-06T17:22:24.216Z] {"timestamp":1786036943974,"kind":"scroll","url":"http://localhost:3000/","viewport":{"width":1159,"height":696},"payload":{"scrollX":0,"scrollY":2804.800048828125,"documentHeight":12490,"viewportHeight":696}}
[2026-08-06T17:22:26.218Z] {"timestamp":1786036946174,"kind":"scroll","url":"http://localhost:3000/","viewport":{"width":1159,"height":696},"payload":{"scrollX":0,"scrollY":2858.39990234375,"documentHeight":12543,"viewportHeight":696}}
[2026-08-06T17:22:28.219Z] {"timestamp":1786036948090,"kind":"scroll","url":"http://localhost:3000/","viewport":{"width":1159,"height":696},"payload":{"scrollX":0,"scrollY":2804.800048828125,"documentHeight":12490,"viewportHeight":696}}
[2026-08-06T17:22:32.218Z] {"timestamp":1786036950307,"kind":"scroll","url":"http://localhost:3000/","viewport":{"width":1159,"height":696},"payload":{"scrollX":0,"scrollY":2858.39990234375,"documentHeight":12543,"viewportHeight":696}}
[2026-08-06T17:22:34.218Z] {"timestamp":1786036952491,"kind":"scroll","url":"http://localhost:3000/","viewport":{"width":1159,"height":696},"payload":{"scrollX":0,"scrollY":2804.800048828125,"documentHeight":12490,"viewportHeight":696}}
[2026-08-06T17:22:40.231Z] {"timestamp":1786036958457,"kind":"scroll","url":"http://localhost:3000/","viewport":{"width":1159,"height":696},"payload":{"scrollX":0,"scrollY":2858.39990234375,"documentHeight":12543,"viewportHeight":696}}
[2026-08-06T17:22:42.215Z] {"timestamp":1786036960724,"kind":"scroll","url":"http://localhost:3000/","viewport":{"width":1159,"height":696},"payload":{"scrollX":0,"scrollY":2804.800048828125,"documentHeight":12490,"viewportHeight":696}}
[2026-08-06T17:22:44.213Z] {"timestamp":1786036962908,"kind":"scroll","url":"http://localhost:3000/","viewport":{"width":1159,"height":696},"payload":{"scrollX":0,"scrollY":2858.39990234375,"documentHeight":12543,"viewportHeight":696}}
[2026-08-06T17:22:46.214Z] {"timestamp":1786036964826,"kind":"scroll","url":"http://localhost:3000/","viewport":{"width":1159,"height":696},"payload":{"scrollX":0,"scrollY":2804.800048828125,"documentHeight":12490,"viewportHeight":696}}
[2026-08-06T17:22:48.214Z] {"timestamp":1786036967042,"kind":"scroll","url":"http://localhost:3000/","viewport":{"width":1159,"height":696},"payload":{"scrollX":0,"scrollY":2858.39990234375,"documentHeight":12543,"viewportHeight":696}}
[2026-08-06T17:22:50.214Z] {"timestamp":1786036969210,"kind":"scroll","url":"http://localhost:3000/","viewport":{"width":1159,"height":696},"payload":{"scrollX":0,"scrollY":2804.800048828125,"documentHeight":12490,"viewportHeight":696}}
[2026-08-06T17:22:56.226Z] {"timestamp":1786036975209,"kind":"scroll","url":"http://localhost:3000/","viewport":{"width":1159,"height":696},"payload":{"scrollX":0,"scrollY":2858.39990234375,"documentHeight":12543,"viewportHeight":696}}
[2026-08-06T17:22:58.232Z] {"timestamp":1786036977442,"kind":"scroll","url":"http://localhost:3000/","viewport":{"width":1159,"height":696},"payload":{"scrollX":0,"scrollY":2804.800048828125,"documentHeight":12490,"viewportHeight":696}}
[2026-08-06T17:23:00.214Z] {"timestamp":1786036979592,"kind":"scroll","url":"http://localhost:3000/","viewport":{"width":1159,"height":696},"payload":{"scrollX":0,"scrollY":2858.39990234375,"documentHeight":12543,"viewportHeight":696}}
[2026-08-06T17:23:02.230Z] {"timestamp":1786036981509,"kind":"scroll","url":"http://localhost:3000/","viewport":{"width":1159,"height":696},"payload":{"scrollX":0,"scrollY":2804.800048828125,"documentHeight":12490,"viewportHeight":696}}
[2026-08-06T17:23:04.224Z] {"timestamp":1786036983726,"kind":"scroll","url":"http://localhost:3000/","viewport":{"width":1159,"height":696},"payload":{"scrollX":0,"scrollY":2858.39990234375,"documentHeight":12543,"viewportHeight":696}}
[2026-08-06T17:23:06.235Z] {"timestamp":1786036985894,"kind":"scroll","url":"http://localhost:3000/","viewport":{"width":1159,"height":696},"payload":{"scrollX":0,"scrollY":2804.800048828125,"documentHeight":12490,"viewportHeight":696}}
[2026-08-06T17:23:12.218Z] {"timestamp":1786036991892,"kind":"scroll","url":"http://localhost:3000/","viewport":{"width":1159,"height":696},"payload":{"scrollX":0,"scrollY":2858.39990234375,"documentHeight":12543,"viewportHeight":696}}
[2026-08-06T17:23:14.215Z] {"timestamp":1786036994144,"kind":"scroll","url":"http://localhost:3000/","viewport":{"width":1159,"height":696},"payload":{"scrollX":0,"scrollY":2804.800048828125,"documentHeight":12490,"viewportHeight":696}}
[2026-08-06T17:23:18.228Z] {"timestamp":1786036996310,"kind":"scroll","url":"http://localhost:3000/","viewport":{"width":1159,"height":696},"payload":{"scrollX":0,"scrollY":2858.39990234375,"documentHeight":12543,"viewportHeight":696}}
[2026-08-06T17:23:20.219Z] {"timestamp":1786036998229,"kind":"scroll","url":"http://localhost:3000/","viewport":{"width":1159,"height":696},"payload":{"scrollX":0,"scrollY":2804.800048828125,"documentHeight":12490,"viewportHeight":696}}
[2026-08-06T17:23:22.216Z] {"timestamp":1786037000477,"kind":"scroll","url":"http://localhost:3000/","viewport":{"width":1159,"height":696},"payload":{"scrollX":0,"scrollY":2858.39990234375,"documentHeight":12543,"viewportHeight":696}}
[2026-08-06T17:23:24.219Z] {"timestamp":1786037002661,"kind":"scroll","url":"http://localhost:3000/","viewport":{"width":1159,"height":696},"payload":{"scrollX":0,"scrollY":2804.800048828125,"documentHeight":12490,"viewportHeight":696}}
[2026-08-06T17:23:30.218Z] {"timestamp":1786037008644,"kind":"scroll","url":"http://localhost:3000/","viewport":{"width":1159,"height":696},"payload":{"scrollX":0,"scrollY":2858.39990234375,"documentHeight":12543,"viewportHeight":696}}
[2026-08-06T17:23:32.215Z] {"timestamp":1786037010897,"kind":"scroll","url":"http://localhost:3000/","viewport":{"width":1159,"height":696},"payload":{"scrollX":0,"scrollY":2804.800048828125,"documentHeight":12490,"viewportHeight":696}}
[2026-08-06T17:23:34.218Z] {"timestamp":1786037013095,"kind":"scroll","url":"http://localhost:3000/","viewport":{"width":1159,"height":696},"payload":{"scrollX":0,"scrollY":2858.39990234375,"documentHeight":12543,"viewportHeight":696}}
[2026-08-06T17:23:36.221Z] {"timestamp":1786037015011,"kind":"scroll","url":"http://localhost:3000/","viewport":{"width":1159,"height":696},"payload":{"scrollX":0,"scrollY":2804.800048828125,"documentHeight":12490,"viewportHeight":696}}
[2026-08-06T17:23:38.218Z] {"timestamp":1786037017197,"kind":"scroll","url":"http://localhost:3000/","viewport":{"width":1159,"height":696},"payload":{"scrollX":0,"scrollY":2858.39990234375,"documentHeight":12543,"viewportHeight":696}}
[2026-08-06T17:23:40.219Z] {"timestamp":1786037019346,"kind":"scroll","url":"http://localhost:3000/","viewport":{"width":1159,"height":696},"payload":{"scrollX":0,"scrollY":2804.800048828125,"documentHeight":12490,"viewportHeight":696}}
[2026-08-06T17:23:46.220Z] {"timestamp":1786037025295,"kind":"scroll","url":"http://localhost:3000/","viewport":{"width":1159,"height":696},"payload":{"scrollX":0,"scrollY":2858.39990234375,"documentHeight":12543,"viewportHeight":696}}
[2026-08-06T17:23:48.221Z] {"timestamp":1786037027529,"kind":"scroll","url":"http://localhost:3000/","viewport":{"width":1159,"height":696},"payload":{"scrollX":0,"scrollY":2804.800048828125,"documentHeight":12490,"viewportHeight":696}}
[2026-08-06T17:23:50.215Z] {"timestamp":1786037029712,"kind":"scroll","url":"http://localhost:3000/","viewport":{"width":1159,"height":696},"payload":{"scrollX":0,"scrollY":2858.39990234375,"documentHeight":12543,"viewportHeight":696}}
[2026-08-06T17:23:52.233Z] {"timestamp":1786037031628,"kind":"scroll","url":"http://localhost:3000/","viewport":{"width":1159,"height":696},"payload":{"scrollX":0,"scrollY":2804.800048828125,"documentHeight":12490,"viewportHeight":696}}
[2026-08-06T17:23:54.218Z] {"timestamp":1786037033779,"kind":"scroll","url":"http://localhost:3000/","viewport":{"width":1159,"height":696},"payload":{"scrollX":0,"scrollY":2858.39990234375,"documentHeight":12543,"viewportHeight":696}}
[2026-08-06T17:23:56.230Z] {"timestamp":1786037035945,"kind":"scroll","url":"http://localhost:3000/","viewport":{"width":1159,"height":696},"payload":{"scrollX":0,"scrollY":2804.800048828125,"documentHeight":12490,"viewportHeight":696}}
[2026-08-06T17:24:02.219Z] {"timestamp":1786037041863,"kind":"scroll","url":"http://localhost:3000/","viewport":{"width":1159,"height":696},"payload":{"scrollX":0,"scrollY":2858.39990234375,"documentHeight":12543,"viewportHeight":696}}
[2026-08-06T17:24:04.216Z] {"timestamp":1786037044113,"kind":"scroll","url":"http://localhost:3000/","viewport":{"width":1159,"height":696},"payload":{"scrollX":0,"scrollY":2804.800048828125,"documentHeight":12490,"viewportHeight":696}}
[2026-08-06T17:24:08.227Z] {"timestamp":1786037046313,"kind":"scroll","url":"http://localhost:3000/","viewport":{"width":1159,"height":696},"payload":{"scrollX":0,"scrollY":2858.39990234375,"documentHeight":12543,"viewportHeight":696}}
[2026-08-06T17:24:10.222Z] {"timestamp":1786037048230,"kind":"scroll","url":"http://localhost:3000/","viewport":{"width":1159,"height":696},"payload":{"scrollX":0,"scrollY":2804.800048828125,"documentHeight":12490,"viewportHeight":696}}
[2026-08-06T17:24:12.222Z] {"timestamp":1786037050430,"kind":"scroll","url":"http://localhost:3000/","viewport":{"width":1159,"height":696},"payload":{"scrollX":0,"scrollY":2858.39990234375,"documentHeight":12543,"viewportHeight":696}}
[2026-08-06T17:24:14.218Z] {"timestamp":1786037052630,"kind":"scroll","url":"http://localhost:3000/","viewport":{"width":1159,"height":696},"payload":{"scrollX":0,"scrollY":2804.800048828125,"documentHeight":12490,"viewportHeight":696}}
[2026-08-06T17:24:20.221Z] {"timestamp":1786037058598,"kind":"scroll","url":"http://localhost:3000/","viewport":{"width":1159,"height":696},"payload":{"scrollX":0,"scrollY":2858.39990234375,"documentHeight":12543,"viewportHeight":696}}
[2026-08-06T17:24:22.219Z] {"timestamp":1786037060848,"kind":"scroll","url":"http://localhost:3000/","viewport":{"width":1159,"height":696},"payload":{"scrollX":0,"scrollY":2804.800048828125,"documentHeight":12490,"viewportHeight":696}}
[2026-08-06T17:24:24.224Z] {"timestamp":1786037063014,"kind":"scroll","url":"http://localhost:3000/","viewport":{"width":1159,"height":696},"payload":{"scrollX":0,"scrollY":2858.39990234375,"documentHeight":12543,"viewportHeight":696}}
[2026-08-06T17:24:26.220Z] {"timestamp":1786037064932,"kind":"scroll","url":"http://localhost:3000/","viewport":{"width":1159,"height":696},"payload":{"scrollX":0,"scrollY":2804.800048828125,"documentHeight":12490,"viewportHeight":696}}
[2026-08-06T17:24:28.219Z] {"timestamp":1786037067148,"kind":"scroll","url":"http://localhost:3000/","viewport":{"width":1159,"height":696},"payload":{"scrollX":0,"scrollY":2858.39990234375,"documentHeight":12543,"viewportHeight":696}}
[2026-08-06T17:24:30.215Z] {"timestamp":1786037069315,"kind":"scroll","url":"http://localhost:3000/","viewport":{"width":1159,"height":696},"payload":{"scrollX":0,"scrollY":2804.800048828125,"documentHeight":12490,"viewportHeight":696}}
[2026-08-06T17:24:36.220Z] {"timestamp":1786037075314,"kind":"scroll","url":"http://localhost:3000/","viewport":{"width":1159,"height":696},"payload":{"scrollX":0,"scrollY":2858.39990234375,"documentHeight":12543,"viewportHeight":696}}
[2026-08-06T17:24:38.236Z] {"timestamp":1786037077565,"kind":"scroll","url":"http://localhost:3000/","viewport":{"width":1159,"height":696},"payload":{"scrollX":0,"scrollY":2804.800048828125,"documentHeight":12490,"viewportHeight":696}}
[2026-08-06T17:24:40.221Z] {"timestamp":1786037079734,"kind":"scroll","url":"http://localhost:3000/","viewport":{"width":1159,"height":696},"payload":{"scrollX":0,"scrollY":2858.39990234375,"documentHeight":12543,"viewportHeight":696}}
[2026-08-06T17:24:42.218Z] {"timestamp":1786037081635,"kind":"scroll","url":"http://localhost:3000/","viewport":{"width":1159,"height":696},"payload":{"scrollX":0,"scrollY":2804.800048828125,"documentHeight":12490,"viewportHeight":696}}
[2026-08-06T17:24:44.218Z] {"timestamp":1786037083715,"kind":"scroll","url":"http://localhost:3000/","viewport":{"width":1159,"height":696},"payload":{"scrollX":0,"scrollY":2858.39990234375,"documentHeight":12543,"viewportHeight":696}}
[2026-08-06T17:24:46.218Z] {"timestamp":1786037085848,"kind":"scroll","url":"http://localhost:3000/","viewport":{"width":1159,"height":696},"payload":{"scrollX":0,"scrollY":2804.800048828125,"documentHeight":12490,"viewportHeight":696}}
[2026-08-06T17:24:48.220Z] {"timestamp":1786037087498,"kind":"scroll","url":"http://localhost:3000/","viewport":{"width":863,"height":696},"payload":{"scrollX":0,"scrollY":3101.60009765625,"documentHeight":13961,"viewportHeight":696}}
[2026-08-06T17:24:50.214Z] {"timestamp":1786037089615,"kind":"scroll","url":"http://localhost:3000/","viewport":{"width":863,"height":696},"payload":{"scrollX":0,"scrollY":3058.39990234375,"documentHeight":13950,"viewportHeight":696}}
[2026-08-06T17:24:52.214Z] {"timestamp":1786037091348,"kind":"scroll","url":"http://localhost:3000/","viewport":{"width":863,"height":696},"payload":{"scrollX":0,"scrollY":3101.60009765625,"documentHeight":13994,"viewportHeight":696}}
[2026-08-06T17:24:54.219Z] {"timestamp":1786037093698,"kind":"scroll","url":"http://localhost:3000/","viewport":{"width":863,"height":696},"payload":{"scrollX":0,"scrollY":3058.39990234375,"documentHeight":13950,"viewportHeight":696}}
[2026-08-06T17:24:56.213Z] {"timestamp":1786037095532,"kind":"scroll","url":"http://localhost:3000/","viewport":{"width":863,"height":696},"payload":{"scrollX":0,"scrollY":3101.60009765625,"documentHeight":13994,"viewportHeight":696}}
[2026-08-06T17:24:58.222Z] {"timestamp":1786037097250,"kind":"scroll","url":"http://localhost:3000/","viewport":{"width":863,"height":696},"payload":{"scrollX":0,"scrollY":3072,"documentHeight":13994,"viewportHeight":696}}
[2026-08-06T17:24:58.222Z] {"timestamp":1786037097783,"kind":"scroll","url":"http://localhost:3000/","viewport":{"width":863,"height":696},"payload":{"scrollX":0,"scrollY":1980,"documentHeight":13950,"viewportHeight":696}}
[2026-08-06T17:25:00.214Z] {"timestamp":1786037099449,"kind":"scroll","url":"http://localhost:3000/","viewport":{"width":863,"height":696},"payload":{"scrollX":0,"scrollY":2340,"documentHeight":13994,"viewportHeight":696}}
[2026-08-06T17:25:02.224Z] {"timestamp":1786037101716,"kind":"scroll","url":"http://localhost:3000/","viewport":{"width":863,"height":696},"payload":{"scrollX":0,"scrollY":2296.800048828125,"documentHeight":13918,"viewportHeight":696}}
[2026-08-06T17:25:04.213Z] {"timestamp":1786037103282,"kind":"scroll","url":"http://localhost:3000/","viewport":{"width":863,"height":696},"payload":{"scrollX":0,"scrollY":2340,"documentHeight":13961,"viewportHeight":696}}
[2026-08-06T17:25:06.213Z] {"timestamp":1786037105416,"kind":"scroll","url":"http://localhost:3000/","viewport":{"width":863,"height":696},"payload":{"scrollX":0,"scrollY":2296.800048828125,"documentHeight":13918,"viewportHeight":696}}
[2026-08-06T17:25:08.213Z] {"timestamp":1786037107150,"kind":"scroll","url":"http://localhost:3000/","viewport":{"width":863,"height":696},"payload":{"scrollX":0,"scrollY":2340,"documentHeight":13994,"viewportHeight":696}}
[2026-08-06T17:25:10.216Z] {"timestamp":1786037109500,"kind":"scroll","url":"http://localhost:3000/","viewport":{"width":863,"height":696},"payload":{"scrollX":0,"scrollY":2296.800048828125,"documentHeight":13950,"viewportHeight":696}}
[2026-08-06T17:25:12.218Z] {"timestamp":1786037111283,"kind":"scroll","url":"http://localhost:3000/","viewport":{"width":863,"height":696},"payload":{"scrollX":0,"scrollY":2340,"documentHeight":13994,"viewportHeight":696}}
[2026-08-06T17:25:12.218Z] {"timestamp":1786037111884,"kind":"scroll","url":"http://localhost:3000/","viewport":{"width":863,"height":696},"payload":{"scrollX":0,"scrollY":2179.199951171875,"documentHeight":13994,"viewportHeight":696}}
[2026-08-06T17:25:14.219Z] {"timestamp":1786037112417,"kind":"scroll","url":"http://localhost:3000/","viewport":{"width":863,"height":696},"payload":{"scrollX":0,"scrollY":1328,"documentHeight":13961,"viewportHeight":696}}
[2026-08-06T17:25:14.219Z] {"timestamp":1786037113167,"kind":"scroll","url":"http://localhost:3000/","viewport":{"width":863,"height":696},"payload":{"scrollX":0,"scrollY":821.5999755859375,"documentHeight":13961,"viewportHeight":696}}
[2026-08-06T17:25:14.219Z] {"timestamp":1786037113667,"kind":"scroll","url":"http://localhost:3000/","viewport":{"width":863,"height":696},"payload":{"scrollX":0,"scrollY":492,"documentHeight":13918,"viewportHeight":696}}
[2026-08-06T17:25:14.219Z] {"timestamp":1786037114167,"kind":"scroll","url":"http://localhost:3000/","viewport":{"width":863,"height":696},"payload":{"scrollX":0,"scrollY":2502.39990234375,"documentHeight":13918,"viewportHeight":696}}
[2026-08-06T17:25:16.214Z] {"timestamp":1786037115216,"kind":"scroll","url":"http://localhost:3000/","viewport":{"width":863,"height":696},"payload":{"scrollX":0,"scrollY":2698.39990234375,"documentHeight":13961,"viewportHeight":696}}
[2026-08-06T17:25:18.219Z] {"timestamp":1786037117500,"kind":"scroll","url":"http://localhost:3000/","viewport":{"width":863,"height":696},"payload":{"scrollX":0,"scrollY":2655.199951171875,"documentHeight":13918,"viewportHeight":696}}
[2026-08-06T17:25:18.220Z] {"timestamp":1786037118124,"kind":"scroll","url":"http://localhost:3000/","viewport":{"width":863,"height":696},"payload":{"scrollX":0,"scrollY":2652,"documentHeight":13918,"viewportHeight":696}}
[2026-08-06T17:25:20.217Z] {"timestamp":1786037118635,"kind":"scroll","url":"http://localhost:3000/","viewport":{"width":863,"height":696},"payload":{"scrollX":0,"scrollY":1709.5999755859375,"documentHeight":13950,"viewportHeight":696}}
[2026-08-06T17:25:20.217Z] {"timestamp":1786037119136,"kind":"scroll","url":"http://localhost:3000/","viewport":{"width":863,"height":696},"payload":{"scrollX":0,"scrollY":624,"documentHeight":13994,"viewportHeight":696}}
[2026-08-06T17:25:20.217Z] {"timestamp":1786037119701,"kind":"scroll","url":"http://localhost:3000/","viewport":{"width":863,"height":696},"payload":{"scrollX":0,"scrollY":384,"documentHeight":13994,"viewportHeight":696}}
[2026-08-06T17:25:22.213Z] {"timestamp":1786037120250,"kind":"scroll","url":"http://localhost:3000/","viewport":{"width":863,"height":696},"payload":{"scrollX":0,"scrollY":3.200000047683716,"documentHeight":13994,"viewportHeight":696}}
[2026-08-06T17:25:22.213Z] {"timestamp":1786037121484,"kind":"scroll","url":"http://localhost:3000/","viewport":{"width":863,"height":696},"payload":{"scrollX":0,"scrollY":28,"documentHeight":13950,"viewportHeight":696}}
[2026-08-06T17:25:22.213Z] {"timestamp":1786037122002,"kind":"scroll","url":"http://localhost:3000/","viewport":{"width":863,"height":696},"payload":{"scrollX":0,"scrollY":368.79998779296875,"documentHeight":13950,"viewportHeight":696}}
[2026-08-06T17:25:24.221Z] {"timestamp":1786037122568,"kind":"scroll","url":"http://localhost:3000/","viewport":{"width":863,"height":696},"payload":{"scrollX":0,"scrollY":442.3999938964844,"documentHeight":13950,"viewportHeight":696}}
[2026-08-06T17:29:50.221Z] {"timestamp":1786037389992,"kind":"scroll","url":"http://localhost:3000/","viewport":{"width":863,"height":696},"payload":{"scrollX":0,"scrollY":42.400001525878906,"documentHeight":13950,"viewportHeight":696}}
[2026-08-06T17:29:52.219Z] {"timestamp":1786037390494,"kind":"scroll","url":"http://localhost:3000/","viewport":{"width":863,"height":696},"payload":{"scrollX":0,"scrollY":835.2000122070312,"documentHeight":13950,"viewportHeight":696}}
[2026-08-06T17:29:52.219Z] {"timestamp":1786037390993,"kind":"scroll","url":"http://localhost:3000/","viewport":{"width":863,"height":696},"payload":{"scrollX":0,"scrollY":1752.800048828125,"documentHeight":13950,"viewportHeight":696}}
[2026-08-06T17:29:52.219Z] {"timestamp":1786037391496,"kind":"scroll","url":"http://localhost:3000/","viewport":{"width":863,"height":696},"payload":{"scrollX":0,"scrollY":2509.60009765625,"documentHeight":13994,"viewportHeight":696}}
[2026-08-06T17:29:52.219Z] {"timestamp":1786037392010,"kind":"scroll","url":"http://localhost:3000/","viewport":{"width":863,"height":696},"payload":{"scrollX":0,"scrollY":3345.60009765625,"documentHeight":13994,"viewportHeight":696}}
[2026-08-06T17:29:54.219Z] {"timestamp":1786037392510,"kind":"scroll","url":"http://localhost:3000/","viewport":{"width":863,"height":696},"payload":{"scrollX":0,"scrollY":4034.39990234375,"documentHeight":13994,"viewportHeight":696}}
[2026-08-06T17:29:54.219Z] {"timestamp":1786037393011,"kind":"scroll","url":"http://localhost:3000/","viewport":{"width":863,"height":696},"payload":{"scrollX":0,"scrollY":4584,"documentHeight":13994,"viewportHeight":696}}
[2026-08-06T17:29:54.219Z] {"timestamp":1786037393561,"kind":"scroll","url":"http://localhost:3000/","viewport":{"width":863,"height":696},"payload":{"scrollX":0,"scrollY":5090.39990234375,"documentHeight":13950,"viewportHeight":696}}
[2026-08-06T17:29:56.213Z] {"timestamp":1786037395448,"kind":"scroll","url":"http://localhost:3000/","viewport":{"width":863,"height":696},"payload":{"scrollX":0,"scrollY":5156,"documentHeight":13994,"viewportHeight":696}}
[2026-08-06T17:29:58.215Z] {"timestamp":1786037397728,"kind":"scroll","url":"http://localhost:3000/","viewport":{"width":863,"height":696},"payload":{"scrollX":0,"scrollY":5112.7998046875,"documentHeight":13950,"viewportHeight":696}}
[2026-08-06T17:30:00.214Z] {"timestamp":1786037399328,"kind":"scroll","url":"http://localhost:3000/","viewport":{"width":863,"height":696},"payload":{"scrollX":0,"scrollY":5156,"documentHeight":13994,"viewportHeight":696}}
[2026-08-06T17:30:02.224Z] {"timestamp":1786037401445,"kind":"scroll","url":"http://localhost:3000/","viewport":{"width":863,"height":696},"payload":{"scrollX":0,"scrollY":5112.7998046875,"documentHeight":13918,"viewportHeight":696}}
[2026-08-06T17:30:04.214Z] {"timestamp":1786037403212,"kind":"scroll","url":"http://localhost:3000/","viewport":{"width":863,"height":696},"payload":{"scrollX":0,"scrollY":5156,"documentHeight":13961,"viewportHeight":696}}
[2026-08-06T17:30:06.213Z] {"timestamp":1786037405576,"kind":"scroll","url":"http://localhost:3000/","viewport":{"width":863,"height":696},"payload":{"scrollX":0,"scrollY":5112.7998046875,"documentHeight":13918,"viewportHeight":696}}
[2026-08-06T17:30:08.214Z] {"timestamp":1786037407410,"kind":"scroll","url":"http://localhost:3000/","viewport":{"width":863,"height":696},"payload":{"scrollX":0,"scrollY":5156,"documentHeight":13994,"viewportHeight":696}}
[2026-08-06T17:30:10.350Z] {"timestamp":1786037409477,"kind":"scroll","url":"http://localhost:3000/","viewport":{"width":863,"height":696},"payload":{"scrollX":0,"scrollY":5112.7998046875,"documentHeight":13950,"viewportHeight":696}}
[2026-08-06T17:30:12.214Z] {"timestamp":1786037411878,"kind":"scroll","url":"http://localhost:3000/","viewport":{"width":863,"height":696},"payload":{"scrollX":0,"scrollY":5156,"documentHeight":13994,"viewportHeight":696}}
[2026-08-06T17:30:16.227Z] {"timestamp":1786037414744,"kind":"scroll","url":"http://localhost:3000/","viewport":{"width":863,"height":696},"payload":{"scrollX":0,"scrollY":5112.7998046875,"documentHeight":13918,"viewportHeight":696}}
[2026-08-06T17:30:16.227Z] {"timestamp":1786037416203,"kind":"focusin","url":"http://localhost:3000/","viewport":{"width":863,"height":696},"payload":{"target":{"tag":"a","id":null,"name":null,"type":null,"role":null,"ariaLabel":null,"testId":null,"dataLoc":"client\\src\\components\\Header.tsx:31","href":"#top","text":"CHANDIGARH UNIVERSITY GFG Community","selectorHint":"[data-loc=\"client\\src\\components\\Header.tsx:31\"]"}}}
[2026-08-06T17:30:18.218Z] {"timestamp":1786037416279,"kind":"scroll","url":"http://localhost:3000/","viewport":{"width":863,"height":696},"payload":{"scrollX":0,"scrollY":5156,"documentHeight":13961,"viewportHeight":696}}
[2026-08-06T17:30:18.218Z] {"timestamp":1786037416429,"kind":"click","url":"http://localhost:3000/","viewport":{"width":863,"height":696},"payload":{"target":{"tag":"div","id":null,"name":null,"type":null,"role":null,"ariaLabel":null,"testId":null,"dataLoc":"client\\src\\components\\Header.tsx:37","href":null,"text":"CHANDIGARH UNIVERSITY GFG Community","selectorHint":"[data-loc=\"client\\src\\components\\Header.tsx:37\"]"},"x":129,"y":62}}
[2026-08-06T17:30:18.218Z] {"timestamp":1786037416520,"kind":"navigate","url":"http://localhost:3000/#top","viewport":{"width":863,"height":696},"payload":{"reason":"popstate"}}
[2026-08-06T17:30:18.218Z] {"timestamp":1786037416521,"kind":"focusout","url":"http://localhost:3000/#top","viewport":{"width":863,"height":696},"payload":{"target":{"tag":"a","id":null,"name":null,"type":null,"role":null,"ariaLabel":null,"testId":null,"dataLoc":"client\\src\\components\\Header.tsx:31","href":"#top","text":"CHANDIGARH UNIVERSITY GFG Community","selectorHint":"[data-loc=\"client\\src\\components\\Header.tsx:31\"]"},"value":null}}
[2026-08-06T17:30:18.218Z] {"timestamp":1786037416554,"kind":"navigate","url":"http://localhost:3000/#top","viewport":{"width":863,"height":696},"payload":{"reason":"hashchange"}}
[2026-08-06T17:30:18.218Z] {"timestamp":1786037416794,"kind":"scroll","url":"http://localhost:3000/#top","viewport":{"width":863,"height":696},"payload":{"scrollX":0,"scrollY":4306.39990234375,"documentHeight":13961,"viewportHeight":696}}
[2026-08-06T17:30:18.218Z] {"timestamp":1786037416800,"kind":"focusin","url":"http://localhost:3000/#top","viewport":{"width":863,"height":696},"payload":{"target":{"tag":"a","id":null,"name":null,"type":null,"role":null,"ariaLabel":null,"testId":null,"dataLoc":"client\\src\\components\\Header.tsx:31","href":"#top","text":"CHANDIGARH UNIVERSITY GFG Community","selectorHint":"[data-loc=\"client\\src\\components\\Header.tsx:31\"]"}}}
[2026-08-06T17:30:18.218Z] {"timestamp":1786037416984,"kind":"click","url":"http://localhost:3000/#top","viewport":{"width":863,"height":696},"payload":{"target":{"tag":"div","id":null,"name":null,"type":null,"role":null,"ariaLabel":null,"testId":null,"dataLoc":"client\\src\\components\\Header.tsx:37","href":null,"text":"CHANDIGARH UNIVERSITY GFG Community","selectorHint":"[data-loc=\"client\\src\\components\\Header.tsx:37\"]"},"x":129,"y":62}}
[2026-08-06T17:30:18.218Z] {"timestamp":1786037416985,"kind":"navigate","url":"http://localhost:3000/#top","viewport":{"width":863,"height":696},"payload":{"reason":"popstate"}}
[2026-08-06T17:30:18.218Z] {"timestamp":1786037416985,"kind":"focusout","url":"http://localhost:3000/#top","viewport":{"width":863,"height":696},"payload":{"target":{"tag":"a","id":null,"name":null,"type":null,"role":null,"ariaLabel":null,"testId":null,"dataLoc":"client\\src\\components\\Header.tsx:31","href":"#top","text":"CHANDIGARH UNIVERSITY GFG Community","selectorHint":"[data-loc=\"client\\src\\components\\Header.tsx:31\"]"},"value":null}}
[2026-08-06T17:30:18.218Z] {"timestamp":1786037417049,"kind":"focusin","url":"http://localhost:3000/#top","viewport":{"width":863,"height":696},"payload":{"target":{"tag":"a","id":null,"name":null,"type":null,"role":null,"ariaLabel":null,"testId":null,"dataLoc":"client\\src\\components\\Header.tsx:31","href":"#top","text":"CHANDIGARH UNIVERSITY GFG Community","selectorHint":"[data-loc=\"client\\src\\components\\Header.tsx:31\"]"}}}
[2026-08-06T17:30:18.218Z] {"timestamp":1786037417205,"kind":"click","url":"http://localhost:3000/#top","viewport":{"width":863,"height":696},"payload":{"target":{"tag":"div","id":null,"name":null,"type":null,"role":null,"ariaLabel":null,"testId":null,"dataLoc":"client\\src\\components\\Header.tsx:37","href":null,"text":"CHANDIGARH UNIVERSITY GFG Community","selectorHint":"[data-loc=\"client\\src\\components\\Header.tsx:37\"]"},"x":129,"y":62}}
[2026-08-06T17:30:18.218Z] {"timestamp":1786037417205,"kind":"navigate","url":"http://localhost:3000/#top","viewport":{"width":863,"height":696},"payload":{"reason":"popstate"}}
[2026-08-06T17:30:18.218Z] {"timestamp":1786037417206,"kind":"focusout","url":"http://localhost:3000/#top","viewport":{"width":863,"height":696},"payload":{"target":{"tag":"a","id":null,"name":null,"type":null,"role":null,"ariaLabel":null,"testId":null,"dataLoc":"client\\src\\components\\Header.tsx:31","href":"#top","text":"CHANDIGARH UNIVERSITY GFG Community","selectorHint":"[data-loc=\"client\\src\\components\\Header.tsx:31\"]"},"value":null}}
[2026-08-06T17:30:18.218Z] {"timestamp":1786037417295,"kind":"scroll","url":"http://localhost:3000/#top","viewport":{"width":863,"height":696},"payload":{"scrollX":0,"scrollY":552.7999877929688,"documentHeight":13961,"viewportHeight":696}}
[2026-08-06T17:30:18.218Z] {"timestamp":1786037417795,"kind":"scroll","url":"http://localhost:3000/#top","viewport":{"width":863,"height":696},"payload":{"scrollX":0,"scrollY":71.19999694824219,"documentHeight":13961,"viewportHeight":696}}
[2026-08-06T17:30:18.218Z] {"timestamp":1786037417815,"kind":"focusin","url":"http://localhost:3000/#top","viewport":{"width":863,"height":696},"payload":{"target":{"tag":"a","id":null,"name":null,"type":null,"role":null,"ariaLabel":null,"testId":null,"dataLoc":"client\\src\\components\\Header.tsx:31","href":"#top","text":"CHANDIGARH UNIVERSITY GFG Community","selectorHint":"[data-loc=\"client\\src\\components\\Header.tsx:31\"]"}}}
[2026-08-06T17:30:18.218Z] {"timestamp":1786037418000,"kind":"click","url":"http://localhost:3000/#top","viewport":{"width":863,"height":696},"payload":{"target":{"tag":"div","id":null,"name":null,"type":null,"role":null,"ariaLabel":null,"testId":null,"dataLoc":"client\\src\\components\\Header.tsx:37","href":null,"text":"CHANDIGARH UNIVERSITY GFG Community","selectorHint":"[data-loc=\"client\\src\\components\\Header.tsx:37\"]"},"x":129,"y":62}}
[2026-08-06T17:30:18.218Z] {"timestamp":1786037418000,"kind":"navigate","url":"http://localhost:3000/#top","viewport":{"width":863,"height":696},"payload":{"reason":"popstate"}}
[2026-08-06T17:30:18.218Z] {"timestamp":1786037418001,"kind":"focusout","url":"http://localhost:3000/#top","viewport":{"width":863,"height":696},"payload":{"target":{"tag":"a","id":null,"name":null,"type":null,"role":null,"ariaLabel":null,"testId":null,"dataLoc":"client\\src\\components\\Header.tsx:31","href":"#top","text":"CHANDIGARH UNIVERSITY GFG Community","selectorHint":"[data-loc=\"client\\src\\components\\Header.tsx:31\"]"},"value":null}}
[2026-08-06T17:30:18.218Z] {"timestamp":1786037418073,"kind":"focusin","url":"http://localhost:3000/#top","viewport":{"width":863,"height":696},"payload":{"target":{"tag":"a","id":null,"name":null,"type":null,"role":null,"ariaLabel":null,"testId":null,"dataLoc":"client\\src\\components\\Header.tsx:31","href":"#top","text":"CHANDIGARH UNIVERSITY GFG Community","selectorHint":"[data-loc=\"client\\src\\components\\Header.tsx:31\"]"}}}
[2026-08-06T17:30:18.218Z] {"timestamp":1786037418174,"kind":"click","url":"http://localhost:3000/#top","viewport":{"width":863,"height":696},"payload":{"target":{"tag":"div","id":null,"name":null,"type":null,"role":null,"ariaLabel":null,"testId":null,"dataLoc":"client\\src\\components\\Header.tsx:37","href":null,"text":"CHANDIGARH UNIVERSITY GFG Community","selectorHint":"[data-loc=\"client\\src\\components\\Header.tsx:37\"]"},"x":129,"y":62}}
[2026-08-06T17:30:18.218Z] {"timestamp":1786037418174,"kind":"navigate","url":"http://localhost:3000/#top","viewport":{"width":863,"height":696},"payload":{"reason":"popstate"}}
[2026-08-06T17:30:18.218Z] {"timestamp":1786037418174,"kind":"focusout","url":"http://localhost:3000/#top","viewport":{"width":863,"height":696},"payload":{"target":{"tag":"a","id":null,"name":null,"type":null,"role":null,"ariaLabel":null,"testId":null,"dataLoc":"client\\src\\components\\Header.tsx:31","href":"#top","text":"CHANDIGARH UNIVERSITY GFG Community","selectorHint":"[data-loc=\"client\\src\\components\\Header.tsx:31\"]"},"value":null}}
[2026-08-06T17:30:20.213Z] {"timestamp":1786037418246,"kind":"focusin","url":"http://localhost:3000/#top","viewport":{"width":863,"height":696},"payload":{"target":{"tag":"a","id":null,"name":null,"type":null,"role":null,"ariaLabel":null,"testId":null,"dataLoc":"client\\src\\components\\Header.tsx:31","href":"#top","text":"CHANDIGARH UNIVERSITY GFG Community","selectorHint":"[data-loc=\"client\\src\\components\\Header.tsx:31\"]"}}}
[2026-08-06T17:30:20.213Z] {"timestamp":1786037418355,"kind":"click","url":"http://localhost:3000/#top","viewport":{"width":863,"height":696},"payload":{"target":{"tag":"div","id":null,"name":null,"type":null,"role":null,"ariaLabel":null,"testId":null,"dataLoc":"client\\src\\components\\Header.tsx:37","href":null,"text":"CHANDIGARH UNIVERSITY GFG Community","selectorHint":"[data-loc=\"client\\src\\components\\Header.tsx:37\"]"},"x":129,"y":62}}
[2026-08-06T17:30:20.213Z] {"timestamp":1786037418355,"kind":"navigate","url":"http://localhost:3000/#top","viewport":{"width":863,"height":696},"payload":{"reason":"popstate"}}
[2026-08-06T17:30:20.213Z] {"timestamp":1786037418356,"kind":"focusout","url":"http://localhost:3000/#top","viewport":{"width":863,"height":696},"payload":{"target":{"tag":"a","id":null,"name":null,"type":null,"role":null,"ariaLabel":null,"testId":null,"dataLoc":"client\\src\\components\\Header.tsx:31","href":"#top","text":"CHANDIGARH UNIVERSITY GFG Community","selectorHint":"[data-loc=\"client\\src\\components\\Header.tsx:31\"]"},"value":null}}
[2026-08-06T17:30:20.213Z] {"timestamp":1786037418417,"kind":"focusin","url":"http://localhost:3000/#top","viewport":{"width":863,"height":696},"payload":{"target":{"tag":"a","id":null,"name":null,"type":null,"role":null,"ariaLabel":null,"testId":null,"dataLoc":"client\\src\\components\\Header.tsx:31","href":"#top","text":"CHANDIGARH UNIVERSITY GFG Community","selectorHint":"[data-loc=\"client\\src\\components\\Header.tsx:31\"]"}}}
[2026-08-06T17:30:20.213Z] {"timestamp":1786037418573,"kind":"click","url":"http://localhost:3000/#top","viewport":{"width":863,"height":696},"payload":{"target":{"tag":"div","id":null,"name":null,"type":null,"role":null,"ariaLabel":null,"testId":null,"dataLoc":"client\\src\\components\\Header.tsx:37","href":null,"text":"CHANDIGARH UNIVERSITY GFG Community","selectorHint":"[data-loc=\"client\\src\\components\\Header.tsx:37\"]"},"x":129,"y":62}}
[2026-08-06T17:30:20.213Z] {"timestamp":1786037418574,"kind":"navigate","url":"http://localhost:3000/#top","viewport":{"width":863,"height":696},"payload":{"reason":"popstate"}}
[2026-08-06T17:30:20.213Z] {"timestamp":1786037418574,"kind":"focusout","url":"http://localhost:3000/#top","viewport":{"width":863,"height":696},"payload":{"target":{"tag":"a","id":null,"name":null,"type":null,"role":null,"ariaLabel":null,"testId":null,"dataLoc":"client\\src\\components\\Header.tsx:31","href":"#top","text":"CHANDIGARH UNIVERSITY GFG Community","selectorHint":"[data-loc=\"client\\src\\components\\Header.tsx:31\"]"},"value":null}}
[2026-08-06T17:30:20.213Z] {"timestamp":1786037419340,"kind":"focusin","url":"http://localhost:3000/#top","viewport":{"width":863,"height":696},"payload":{"target":{"tag":"a","id":null,"name":null,"type":null,"role":null,"ariaLabel":null,"testId":null,"dataLoc":"client\\src\\components\\Header.tsx:31","href":"#top","text":"CHANDIGARH UNIVERSITY GFG Community","selectorHint":"[data-loc=\"client\\src\\components\\Header.tsx:31\"]"}}}
[2026-08-06T17:30:20.213Z] {"timestamp":1786037419555,"kind":"click","url":"http://localhost:3000/#top","viewport":{"width":863,"height":696},"payload":{"target":{"tag":"img","id":null,"name":null,"type":null,"role":null,"ariaLabel":null,"testId":null,"dataLoc":"client\\src\\components\\Header.tsx:54","href":null,"text":"","selectorHint":"[data-loc=\"client\\src\\components\\Header.tsx:54\"]"},"x":143,"y":25}}
[2026-08-06T17:30:20.213Z] {"timestamp":1786037419556,"kind":"navigate","url":"http://localhost:3000/#top","viewport":{"width":863,"height":696},"payload":{"reason":"popstate"}}
[2026-08-06T17:30:20.213Z] {"timestamp":1786037419556,"kind":"focusout","url":"http://localhost:3000/#top","viewport":{"width":863,"height":696},"payload":{"target":{"tag":"a","id":null,"name":null,"type":null,"role":null,"ariaLabel":null,"testId":null,"dataLoc":"client\\src\\components\\Header.tsx:31","href":"#top","text":"CHANDIGARH UNIVERSITY GFG Community","selectorHint":"[data-loc=\"client\\src\\components\\Header.tsx:31\"]"},"value":null}}
[2026-08-06T17:30:20.213Z] {"timestamp":1786037420040,"kind":"focusin","url":"http://localhost:3000/#top","viewport":{"width":863,"height":696},"payload":{"target":{"tag":"a","id":null,"name":null,"type":null,"role":null,"ariaLabel":null,"testId":null,"dataLoc":"client\\src\\components\\Header.tsx:31","href":"#top","text":"CHANDIGARH UNIVERSITY GFG Community","selectorHint":"[data-loc=\"client\\src\\components\\Header.tsx:31\"]"}}}
[2026-08-06T17:30:22.215Z] {"timestamp":1786037420257,"kind":"click","url":"http://localhost:3000/#top","viewport":{"width":863,"height":696},"payload":{"target":{"tag":"img","id":null,"name":null,"type":null,"role":null,"ariaLabel":null,"testId":null,"dataLoc":"client\\src\\components\\Header.tsx:40","href":null,"text":"","selectorHint":"[data-loc=\"client\\src\\components\\Header.tsx:40\"]"},"x":86,"y":39}}
[2026-08-06T17:30:22.215Z] {"timestamp":1786037420257,"kind":"navigate","url":"http://localhost:3000/#top","viewport":{"width":863,"height":696},"payload":{"reason":"popstate"}}
[2026-08-06T17:30:22.215Z] {"timestamp":1786037420257,"kind":"focusout","url":"http://localhost:3000/#top","viewport":{"width":863,"height":696},"payload":{"target":{"tag":"a","id":null,"name":null,"type":null,"role":null,"ariaLabel":null,"testId":null,"dataLoc":"client\\src\\components\\Header.tsx:31","href":"#top","text":"CHANDIGARH UNIVERSITY GFG Community","selectorHint":"[data-loc=\"client\\src\\components\\Header.tsx:31\"]"},"value":null}}
[2026-08-06T17:30:26.216Z] {"timestamp":1786037425978,"kind":"scroll","url":"http://localhost:3000/#top","viewport":{"width":863,"height":696},"payload":{"scrollX":0,"scrollY":67.19999694824219,"documentHeight":13994,"viewportHeight":696}}
[2026-08-06T17:30:28.214Z] {"timestamp":1786037426479,"kind":"scroll","url":"http://localhost:3000/#top","viewport":{"width":863,"height":696},"payload":{"scrollX":0,"scrollY":1473.5999755859375,"documentHeight":13994,"viewportHeight":696}}
[2026-08-06T17:30:28.214Z] {"timestamp":1786037426980,"kind":"scroll","url":"http://localhost:3000/#top","viewport":{"width":863,"height":696},"payload":{"scrollX":0,"scrollY":2346.39990234375,"documentHeight":13950,"viewportHeight":696}}
[2026-08-06T17:30:28.214Z] {"timestamp":1786037427495,"kind":"scroll","url":"http://localhost:3000/#top","viewport":{"width":863,"height":696},"payload":{"scrollX":0,"scrollY":3065.60009765625,"documentHeight":13950,"viewportHeight":696}}
[2026-08-06T17:30:28.214Z] {"timestamp":1786037428112,"kind":"scroll","url":"http://localhost:3000/#top","viewport":{"width":863,"height":696},"payload":{"scrollX":0,"scrollY":3853.60009765625,"documentHeight":13950,"viewportHeight":696}}
[2026-08-06T17:30:30.214Z] {"timestamp":1786037428613,"kind":"scroll","url":"http://localhost:3000/#top","viewport":{"width":863,"height":696},"payload":{"scrollX":0,"scrollY":5005.60009765625,"documentHeight":13994,"viewportHeight":696}}
[2026-08-06T17:30:30.214Z] {"timestamp":1786037429113,"kind":"scroll","url":"http://localhost:3000/#top","viewport":{"width":863,"height":696},"payload":{"scrollX":0,"scrollY":5673.60009765625,"documentHeight":13994,"viewportHeight":696}}
[2026-08-06T17:30:32.214Z] {"timestamp":1786037430745,"kind":"scroll","url":"http://localhost:3000/#top","viewport":{"width":863,"height":696},"payload":{"scrollX":0,"scrollY":4994.39990234375,"documentHeight":13918,"viewportHeight":696}}
[2026-08-06T17:30:34.798Z] {"timestamp":1786037432328,"kind":"scroll","url":"http://localhost:3000/#top","viewport":{"width":863,"height":696},"payload":{"scrollX":0,"scrollY":5037.60009765625,"documentHeight":13961,"viewportHeight":696}}
[2026-08-06T17:30:38.216Z] {"timestamp":1786037436262,"kind":"scroll","url":"http://localhost:3000/#top","viewport":{"width":863,"height":696},"payload":{"scrollX":0,"scrollY":4994.39990234375,"documentHeight":13918,"viewportHeight":696}}
[2026-08-06T17:30:40.807Z] {"timestamp":1786037438312,"kind":"scroll","url":"http://localhost:3000/#top","viewport":{"width":863,"height":696},"payload":{"scrollX":0,"scrollY":5037.60009765625,"documentHeight":13994,"viewportHeight":696}}
[2026-08-06T17:32:42.220Z] {"timestamp":1786037561500,"kind":"scroll","url":"http://localhost:3000/#top","viewport":{"width":863,"height":696},"payload":{"scrollX":0,"scrollY":4994.39990234375,"documentHeight":13950,"viewportHeight":696}}
[2026-08-06T17:32:44.800Z] {"timestamp":1786037563100,"kind":"scroll","url":"http://localhost:3000/#top","viewport":{"width":863,"height":696},"payload":{"scrollX":0,"scrollY":5037.60009765625,"documentHeight":13994,"viewportHeight":696}}
[2026-08-06T17:36:52.212Z] {"timestamp":1786037811747,"kind":"scroll","url":"http://localhost:3000/#top","viewport":{"width":863,"height":696},"payload":{"scrollX":0,"scrollY":4994.39990234375,"documentHeight":14198,"viewportHeight":696}}
[2026-08-06T17:36:54.228Z] {"timestamp":1786037812628,"kind":"scroll","url":"http://localhost:3000/#top","viewport":{"width":863,"height":696},"payload":{"scrollX":0,"scrollY":5036.7998046875,"documentHeight":14198,"viewportHeight":696}}
[2026-08-06T17:36:54.228Z] {"timestamp":1786037813127,"kind":"scroll","url":"http://localhost:3000/#top","viewport":{"width":863,"height":696},"payload":{"scrollX":0,"scrollY":5325.60009765625,"documentHeight":14198,"viewportHeight":696}}
[2026-08-06T17:36:54.228Z] {"timestamp":1786037813627,"kind":"scroll","url":"http://localhost:3000/#top","viewport":{"width":863,"height":696},"payload":{"scrollX":0,"scrollY":5292,"documentHeight":14242,"viewportHeight":696}}
[2026-08-06T17:36:56.228Z] {"timestamp":1786037815458,"kind":"scroll","url":"http://localhost:3000/#top","viewport":{"width":863,"height":696},"payload":{"scrollX":0,"scrollY":5159.2001953125,"documentHeight":14242,"viewportHeight":696}}
[2026-08-06T17:36:56.228Z] {"timestamp":1786037816092,"kind":"scroll","url":"http://localhost:3000/#top","viewport":{"width":863,"height":696},"payload":{"scrollX":0,"scrollY":4860,"documentHeight":14198,"viewportHeight":696}}
[2026-08-06T17:36:58.216Z] {"timestamp":1786037816743,"kind":"scroll","url":"http://localhost:3000/#top","viewport":{"width":863,"height":696},"payload":{"scrollX":0,"scrollY":4577.60009765625,"documentHeight":14198,"viewportHeight":696}}
[2026-08-06T17:36:58.216Z] {"timestamp":1786037817244,"kind":"scroll","url":"http://localhost:3000/#top","viewport":{"width":863,"height":696},"payload":{"scrollX":0,"scrollY":5380,"documentHeight":14198,"viewportHeight":696}}
[2026-08-06T17:36:58.216Z] {"timestamp":1786037817744,"kind":"scroll","url":"http://localhost:3000/#top","viewport":{"width":863,"height":696},"payload":{"scrollX":0,"scrollY":5557.60009765625,"documentHeight":14242,"viewportHeight":696}}
[2026-08-06T17:37:00.221Z] {"timestamp":1786037819677,"kind":"scroll","url":"http://localhost:3000/#top","viewport":{"width":863,"height":696},"payload":{"scrollX":0,"scrollY":5552.7998046875,"documentHeight":14198,"viewportHeight":696}}
[2026-08-06T17:37:02.212Z] {"timestamp":1786037820632,"kind":"click","url":"http://localhost:3000/#top","viewport":{"width":863,"height":696},"payload":{"target":{"tag":"div","id":null,"name":null,"type":null,"role":null,"ariaLabel":null,"testId":null,"dataLoc":"client\\src\\components\\PartnersSection.tsx:28","href":null,"text":"Campus Coding Club","selectorHint":"[data-loc=\"client\\src\\components\\PartnersSection.tsx:28\"]"},"x":93,"y":381}}
[2026-08-06T17:37:02.212Z] {"timestamp":1786037821544,"kind":"scroll","url":"http://localhost:3000/#top","viewport":{"width":863,"height":696},"payload":{"scrollX":0,"scrollY":5596,"documentHeight":14209,"viewportHeight":696}}
[2026-08-06T17:37:04.214Z] {"timestamp":1786037822492,"kind":"click","url":"http://localhost:3000/#top","viewport":{"width":863,"height":696},"payload":{"target":{"tag":"div","id":null,"name":null,"type":null,"role":null,"ariaLabel":null,"testId":null,"dataLoc":"client\\src\\components\\PartnersSection.tsx:28","href":null,"text":"IEEE Student Branch","selectorHint":"[data-loc=\"client\\src\\components\\PartnersSection.tsx:28\"]"},"x":291,"y":370}}
[2026-08-06T17:37:04.214Z] {"timestamp":1786037823825,"kind":"scroll","url":"http://localhost:3000/#top","viewport":{"width":863,"height":696},"payload":{"scrollX":0,"scrollY":5552.7998046875,"documentHeight":14166,"viewportHeight":696}}
[2026-08-06T17:37:04.214Z] {"timestamp":1786037824117,"kind":"click","url":"http://localhost:3000/#top","viewport":{"width":863,"height":696},"payload":{"target":{"tag":"div","id":null,"name":null,"type":null,"role":null,"ariaLabel":null,"testId":null,"dataLoc":"client\\src\\components\\PartnersSection.tsx:28","href":null,"text":"Google Developer Group","selectorHint":"[data-loc=\"client\\src\\components\\PartnersSection.tsx:28\"]"},"x":461,"y":371}}
[2026-08-06T17:37:06.214Z] {"timestamp":1786037825383,"kind":"click","url":"http://localhost:3000/#top","viewport":{"width":863,"height":696},"payload":{"target":{"tag":"div","id":null,"name":null,"type":null,"role":null,"ariaLabel":null,"testId":null,"dataLoc":"client\\src\\components\\PartnersSection.tsx:28","href":null,"text":"Open Source Society","selectorHint":"[data-loc=\"client\\src\\components\\PartnersSection.tsx:28\"]"},"x":721,"y":397}}
[2026-08-06T17:37:06.214Z] {"timestamp":1786037825413,"kind":"scroll","url":"http://localhost:3000/#top","viewport":{"width":863,"height":696},"payload":{"scrollX":0,"scrollY":5596,"documentHeight":14209,"viewportHeight":696}}
[2026-08-06T17:37:06.214Z] {"timestamp":1786037825590,"kind":"click","url":"http://localhost:3000/#top","viewport":{"width":863,"height":696},"payload":{"target":{"tag":"div","id":null,"name":null,"type":null,"role":null,"ariaLabel":null,"testId":null,"dataLoc":"client\\src\\components\\PartnersSection.tsx:28","href":null,"text":"Open Source Society","selectorHint":"[data-loc=\"client\\src\\components\\PartnersSection.tsx:28\"]"},"x":721,"y":397}}
[2026-08-06T17:37:06.214Z] {"timestamp":1786037825804,"kind":"click","url":"http://localhost:3000/#top","viewport":{"width":863,"height":696},"payload":{"target":{"tag":"div","id":null,"name":null,"type":null,"role":null,"ariaLabel":null,"testId":null,"dataLoc":"client\\src\\components\\PartnersSection.tsx:28","href":null,"text":"Open Source Society","selectorHint":"[data-loc=\"client\\src\\components\\PartnersSection.tsx:28\"]"},"x":721,"y":397}}
[2026-08-06T17:37:06.214Z] {"timestamp":1786037825990,"kind":"click","url":"http://localhost:3000/#top","viewport":{"width":863,"height":696},"payload":{"target":{"tag":"div","id":null,"name":null,"type":null,"role":null,"ariaLabel":null,"testId":null,"dataLoc":"client\\src\\components\\PartnersSection.tsx:28","href":null,"text":"Open Source Society","selectorHint":"[data-loc=\"client\\src\\components\\PartnersSection.tsx:28\"]"},"x":721,"y":397}}
[2026-08-06T17:37:08.214Z] {"timestamp":1786037826217,"kind":"click","url":"http://localhost:3000/#top","viewport":{"width":863,"height":696},"payload":{"target":{"tag":"div","id":null,"name":null,"type":null,"role":null,"ariaLabel":null,"testId":null,"dataLoc":"client\\src\\components\\PartnersSection.tsx:28","href":null,"text":"Open Source Society","selectorHint":"[data-loc=\"client\\src\\components\\PartnersSection.tsx:28\"]"},"x":721,"y":397}}
[2026-08-06T17:37:08.214Z] {"timestamp":1786037827545,"kind":"scroll","url":"http://localhost:3000/#top","viewport":{"width":863,"height":696},"payload":{"scrollX":0,"scrollY":5552.7998046875,"documentHeight":14198,"viewportHeight":696}}
[2026-08-06T17:37:10.212Z] {"timestamp":1786037828810,"kind":"scroll","url":"http://localhost:3000/#top","viewport":{"width":863,"height":696},"payload":{"scrollX":0,"scrollY":5516,"documentHeight":14198,"viewportHeight":696}}
[2026-08-06T17:37:10.212Z] {"timestamp":1786037829310,"kind":"scroll","url":"http://localhost:3000/#top","viewport":{"width":863,"height":696},"payload":{"scrollX":0,"scrollY":5252,"documentHeight":14242,"viewportHeight":696}}
[2026-08-06T17:37:10.212Z] {"timestamp":1786037829810,"kind":"scroll","url":"http://localhost:3000/#top","viewport":{"width":863,"height":696},"payload":{"scrollX":0,"scrollY":5016.7998046875,"documentHeight":14242,"viewportHeight":696}}
[2026-08-06T17:37:12.230Z] {"timestamp":1786037830393,"kind":"scroll","url":"http://localhost:3000/#top","viewport":{"width":863,"height":696},"payload":{"scrollX":0,"scrollY":5441.60009765625,"documentHeight":14242,"viewportHeight":696}}
[2026-08-06T17:37:12.230Z] {"timestamp":1786037831609,"kind":"scroll","url":"http://localhost:3000/#top","viewport":{"width":863,"height":696},"payload":{"scrollX":0,"scrollY":5277.60009765625,"documentHeight":14198,"viewportHeight":696}}
[2026-08-06T17:37:14.214Z] {"timestamp":1786037833443,"kind":"scroll","url":"http://localhost:3000/#top","viewport":{"width":863,"height":696},"payload":{"scrollX":0,"scrollY":5320.7998046875,"documentHeight":14209,"viewportHeight":696}}
[2026-08-06T17:37:16.215Z] {"timestamp":1786037836044,"kind":"scroll","url":"http://localhost:3000/#top","viewport":{"width":863,"height":696},"payload":{"scrollX":0,"scrollY":5355.2001953125,"documentHeight":14209,"viewportHeight":696}}
[2026-08-06T17:37:18.215Z] {"timestamp":1786037836610,"kind":"scroll","url":"http://localhost:3000/#top","viewport":{"width":863,"height":696},"payload":{"scrollX":0,"scrollY":5108.7998046875,"documentHeight":14209,"viewportHeight":696}}
[2026-08-06T17:37:18.215Z] {"timestamp":1786037837112,"kind":"scroll","url":"http://localhost:3000/#top","viewport":{"width":863,"height":696},"payload":{"scrollX":0,"scrollY":4808.7998046875,"documentHeight":14166,"viewportHeight":696}}
[2026-08-06T17:37:18.215Z] {"timestamp":1786037837627,"kind":"scroll","url":"http://localhost:3000/#top","viewport":{"width":863,"height":696},"payload":{"scrollX":0,"scrollY":4410.39990234375,"documentHeight":14166,"viewportHeight":696}}
[2026-08-06T17:37:18.215Z] {"timestamp":1786037838128,"kind":"scroll","url":"http://localhost:3000/#top","viewport":{"width":863,"height":696},"payload":{"scrollX":0,"scrollY":4560,"documentHeight":14166,"viewportHeight":696}}
[2026-08-06T17:37:20.213Z] {"timestamp":1786037838629,"kind":"scroll","url":"http://localhost:3000/#top","viewport":{"width":863,"height":696},"payload":{"scrollX":0,"scrollY":5032,"documentHeight":14198,"viewportHeight":696}}
[2026-08-06T17:37:20.213Z] {"timestamp":1786037839144,"kind":"scroll","url":"http://localhost:3000/#top","viewport":{"width":863,"height":696},"payload":{"scrollX":0,"scrollY":5453.60009765625,"documentHeight":14242,"viewportHeight":696}}
[2026-08-06T17:37:20.213Z] {"timestamp":1786037839645,"kind":"scroll","url":"http://localhost:3000/#top","viewport":{"width":863,"height":696},"payload":{"scrollX":0,"scrollY":5656,"documentHeight":14242,"viewportHeight":696}}
[2026-08-06T17:37:20.213Z] {"timestamp":1786037840161,"kind":"scroll","url":"http://localhost:3000/#top","viewport":{"width":863,"height":696},"payload":{"scrollX":0,"scrollY":5785.60009765625,"documentHeight":14242,"viewportHeight":696}}
[2026-08-06T17:37:22.215Z] {"timestamp":1786037840661,"kind":"scroll","url":"http://localhost:3000/#top","viewport":{"width":863,"height":696},"payload":{"scrollX":0,"scrollY":6275.2001953125,"documentHeight":14242,"viewportHeight":696}}
[2026-08-06T17:37:22.215Z] {"timestamp":1786037841161,"kind":"scroll","url":"http://localhost:3000/#top","viewport":{"width":863,"height":696},"payload":{"scrollX":0,"scrollY":6198.39990234375,"documentHeight":14198,"viewportHeight":696}}
[2026-08-06T17:37:22.215Z] {"timestamp":1786037841661,"kind":"scroll","url":"http://localhost:3000/#top","viewport":{"width":863,"height":696},"payload":{"scrollX":0,"scrollY":6877.60009765625,"documentHeight":14198,"viewportHeight":696}}
[2026-08-06T17:37:22.215Z] {"timestamp":1786037842161,"kind":"scroll","url":"http://localhost:3000/#top","viewport":{"width":863,"height":696},"payload":{"scrollX":0,"scrollY":7456.7998046875,"documentHeight":14198,"viewportHeight":696}}
[2026-08-06T17:37:24.218Z] {"timestamp":1786037842795,"kind":"scroll","url":"http://localhost:3000/#top","viewport":{"width":863,"height":696},"payload":{"scrollX":0,"scrollY":7660,"documentHeight":14242,"viewportHeight":696}}
[2026-08-06T17:37:24.218Z] {"timestamp":1786037843294,"kind":"scroll","url":"http://localhost:3000/#top","viewport":{"width":863,"height":696},"payload":{"scrollX":0,"scrollY":8573.599609375,"documentHeight":14242,"viewportHeight":696}}
[2026-08-06T17:37:24.218Z] {"timestamp":1786037843801,"kind":"scroll","url":"http://localhost:3000/#top","viewport":{"width":863,"height":696},"payload":{"scrollX":0,"scrollY":8576.7998046875,"documentHeight":14242,"viewportHeight":696}}
[2026-08-06T17:37:26.215Z] {"timestamp":1786037844311,"kind":"scroll","url":"http://localhost:3000/#top","viewport":{"width":863,"height":696},"payload":{"scrollX":0,"scrollY":9112,"documentHeight":14242,"viewportHeight":696}}
[2026-08-06T17:37:26.215Z] {"timestamp":1786037844812,"kind":"scroll","url":"http://localhost:3000/#top","viewport":{"width":863,"height":696},"payload":{"scrollX":0,"scrollY":9418.400390625,"documentHeight":14198,"viewportHeight":696}}
[2026-08-06T17:37:26.215Z] {"timestamp":1786037845312,"kind":"scroll","url":"http://localhost:3000/#top","viewport":{"width":863,"height":696},"payload":{"scrollX":0,"scrollY":9834.400390625,"documentHeight":14198,"viewportHeight":696}}
[2026-08-06T17:37:26.215Z] {"timestamp":1786037846178,"kind":"scroll","url":"http://localhost:3000/#top","viewport":{"width":863,"height":696},"payload":{"scrollX":0,"scrollY":9880.7998046875,"documentHeight":14198,"viewportHeight":696}}
[2026-08-06T17:37:28.215Z] {"timestamp":1786037846679,"kind":"scroll","url":"http://localhost:3000/#top","viewport":{"width":863,"height":696},"payload":{"scrollX":0,"scrollY":10428,"documentHeight":14242,"viewportHeight":696}}
[2026-08-06T17:37:28.215Z] {"timestamp":1786037847195,"kind":"scroll","url":"http://localhost:3000/#top","viewport":{"width":863,"height":696},"payload":{"scrollX":0,"scrollY":10472,"documentHeight":14242,"viewportHeight":696}}
[2026-08-06T17:37:30.216Z] {"timestamp":1786037848860,"kind":"scroll","url":"http://localhost:3000/#top","viewport":{"width":863,"height":696},"payload":{"scrollX":0,"scrollY":10432.7998046875,"documentHeight":14198,"viewportHeight":696}}
[2026-08-06T17:37:32.216Z] {"timestamp":1786037850411,"kind":"scroll","url":"http://localhost:3000/#top","viewport":{"width":863,"height":696},"payload":{"scrollX":0,"scrollY":10400,"documentHeight":14166,"viewportHeight":696}}
[2026-08-06T17:37:34.213Z] {"timestamp":1786037852760,"kind":"scroll","url":"http://localhost:3000/#top","viewport":{"width":863,"height":696},"payload":{"scrollX":0,"scrollY":10400,"documentHeight":14166,"viewportHeight":696}}
[2026-08-06T17:37:36.216Z] {"timestamp":1786037854644,"kind":"scroll","url":"http://localhost:3000/#top","viewport":{"width":863,"height":696},"payload":{"scrollX":0,"scrollY":10443.2001953125,"documentHeight":14209,"viewportHeight":696}}
[2026-08-06T17:37:38.215Z] {"timestamp":1786037856411,"kind":"scroll","url":"http://localhost:3000/#top","viewport":{"width":863,"height":696},"payload":{"scrollX":0,"scrollY":10476,"documentHeight":14242,"viewportHeight":696}}
[2026-08-06T17:37:38.215Z] {"timestamp":1786037856911,"kind":"scroll","url":"http://localhost:3000/#top","viewport":{"width":863,"height":696},"payload":{"scrollX":0,"scrollY":10432.7998046875,"documentHeight":14198,"viewportHeight":696}}
[2026-08-06T17:37:40.213Z] {"timestamp":1786037858511,"kind":"scroll","url":"http://localhost:3000/#top","viewport":{"width":863,"height":696},"payload":{"scrollX":0,"scrollY":10064.7998046875,"documentHeight":14242,"viewportHeight":696}}
[2026-08-06T17:37:40.213Z] {"timestamp":1786037859013,"kind":"scroll","url":"http://localhost:3000/#top","viewport":{"width":863,"height":696},"payload":{"scrollX":0,"scrollY":9864,"documentHeight":14242,"viewportHeight":696}}
[2026-08-06T17:37:40.213Z] {"timestamp":1786037859530,"kind":"scroll","url":"http://localhost:3000/#top","viewport":{"width":863,"height":696},"payload":{"scrollX":0,"scrollY":9585.599609375,"documentHeight":14242,"viewportHeight":696}}
[2026-08-06T17:37:40.213Z] {"timestamp":1786037860062,"kind":"scroll","url":"http://localhost:3000/#top","viewport":{"width":863,"height":696},"payload":{"scrollX":0,"scrollY":9240,"documentHeight":14242,"viewportHeight":696}}
[2026-08-06T17:37:42.213Z] {"timestamp":1786037860563,"kind":"scroll","url":"http://localhost:3000/#top","viewport":{"width":863,"height":696},"payload":{"scrollX":0,"scrollY":8644,"documentHeight":14242,"viewportHeight":696}}
[2026-08-06T17:37:42.213Z] {"timestamp":1786037861063,"kind":"scroll","url":"http://localhost:3000/#top","viewport":{"width":863,"height":696},"payload":{"scrollX":0,"scrollY":7946.39990234375,"documentHeight":14198,"viewportHeight":696}}
[2026-08-06T17:37:42.213Z] {"timestamp":1786037861580,"kind":"scroll","url":"http://localhost:3000/#top","viewport":{"width":863,"height":696},"payload":{"scrollX":0,"scrollY":7282.39990234375,"documentHeight":14198,"viewportHeight":696}}
[2026-08-06T17:37:42.213Z] {"timestamp":1786037862098,"kind":"scroll","url":"http://localhost:3000/#top","viewport":{"width":863,"height":696},"payload":{"scrollX":0,"scrollY":6996.7998046875,"documentHeight":14198,"viewportHeight":696}}
[2026-08-06T17:37:44.214Z] {"timestamp":1786037862629,"kind":"scroll","url":"http://localhost:3000/#top","viewport":{"width":863,"height":696},"payload":{"scrollX":0,"scrollY":7017.60009765625,"documentHeight":14209,"viewportHeight":696}}
[2026-08-06T17:37:46.217Z] {"timestamp":1786037864711,"kind":"scroll","url":"http://localhost:3000/#top","viewport":{"width":863,"height":696},"payload":{"scrollX":0,"scrollY":6974.39990234375,"documentHeight":14166,"viewportHeight":696}}
[2026-08-06T17:37:48.214Z] {"timestamp":1786037866528,"kind":"scroll","url":"http://localhost:3000/#top","viewport":{"width":863,"height":696},"payload":{"scrollX":0,"scrollY":7017.60009765625,"documentHeight":14209,"viewportHeight":696}}
[2026-08-06T17:37:50.218Z] {"timestamp":1786037868579,"kind":"scroll","url":"http://localhost:3000/#top","viewport":{"width":863,"height":696},"payload":{"scrollX":0,"scrollY":6974.39990234375,"documentHeight":14198,"viewportHeight":696}}
[2026-08-06T17:37:52.213Z] {"timestamp":1786037870412,"kind":"scroll","url":"http://localhost:3000/#top","viewport":{"width":863,"height":696},"payload":{"scrollX":0,"scrollY":7017.60009765625,"documentHeight":14242,"viewportHeight":696}}
[2026-08-06T17:37:52.213Z] {"timestamp":1786037870913,"kind":"scroll","url":"http://localhost:3000/#top","viewport":{"width":863,"height":696},"payload":{"scrollX":0,"scrollY":6776.7998046875,"documentHeight":14242,"viewportHeight":696}}
[2026-08-06T17:37:52.213Z] {"timestamp":1786037871413,"kind":"scroll","url":"http://localhost:3000/#top","viewport":{"width":863,"height":696},"payload":{"scrollX":0,"scrollY":5997.60009765625,"documentHeight":14242,"viewportHeight":696}}
[2026-08-06T17:37:52.213Z] {"timestamp":1786037871913,"kind":"scroll","url":"http://localhost:3000/#top","viewport":{"width":863,"height":696},"payload":{"scrollX":0,"scrollY":5501.60009765625,"documentHeight":14242,"viewportHeight":696}}
[2026-08-06T17:37:54.214Z] {"timestamp":1786037872414,"kind":"scroll","url":"http://localhost:3000/#top","viewport":{"width":863,"height":696},"payload":{"scrollX":0,"scrollY":4628.7998046875,"documentHeight":14242,"viewportHeight":696}}
[2026-08-06T17:37:54.214Z] {"timestamp":1786037872930,"kind":"scroll","url":"http://localhost:3000/#top","viewport":{"width":863,"height":696},"payload":{"scrollX":0,"scrollY":4034.39990234375,"documentHeight":14198,"viewportHeight":696}}
[2026-08-06T17:37:54.214Z] {"timestamp":1786037873430,"kind":"scroll","url":"http://localhost:3000/#top","viewport":{"width":863,"height":696},"payload":{"scrollX":0,"scrollY":3172.800048828125,"documentHeight":14198,"viewportHeight":696}}
[2026-08-06T17:37:54.214Z] {"timestamp":1786037873930,"kind":"scroll","url":"http://localhost:3000/#top","viewport":{"width":863,"height":696},"payload":{"scrollX":0,"scrollY":2410.39990234375,"documentHeight":14198,"viewportHeight":696}}
[2026-08-06T17:37:56.216Z] {"timestamp":1786037874430,"kind":"scroll","url":"http://localhost:3000/#top","viewport":{"width":863,"height":696},"payload":{"scrollX":0,"scrollY":1720,"documentHeight":14242,"viewportHeight":696}}
[2026-08-06T17:37:56.216Z] {"timestamp":1786037874930,"kind":"scroll","url":"http://localhost:3000/#top","viewport":{"width":863,"height":696},"payload":{"scrollX":0,"scrollY":764.7999877929688,"documentHeight":14242,"viewportHeight":696}}
[2026-08-06T17:37:56.216Z] {"timestamp":1786037875446,"kind":"scroll","url":"http://localhost:3000/#top","viewport":{"width":863,"height":696},"payload":{"scrollX":0,"scrollY":208.8000030517578,"documentHeight":14242,"viewportHeight":696}}
[2026-08-06T17:37:58.214Z] {"timestamp":1786037878122,"kind":"focusin","url":"http://localhost:3000/#top","viewport":{"width":863,"height":696},"payload":{"target":{"tag":"a","id":null,"name":null,"type":null,"role":null,"ariaLabel":null,"testId":null,"dataLoc":"client\\src\\components\\Header.tsx:31","href":"#top","text":"CHANDIGARH UNIVERSITY GFG Community","selectorHint":"[data-loc=\"client\\src\\components\\Header.tsx:31\"]"}}}
[2026-08-06T17:38:00.215Z] {"timestamp":1786037878344,"kind":"click","url":"http://localhost:3000/#top","viewport":{"width":863,"height":696},"payload":{"target":{"tag":"div","id":null,"name":null,"type":null,"role":null,"ariaLabel":null,"testId":null,"dataLoc":"client\\src\\components\\Header.tsx:37","href":null,"text":"CHANDIGARH UNIVERSITY GFG Community","selectorHint":"[data-loc=\"client\\src\\components\\Header.tsx:37\"]"},"x":154,"y":53}}
[2026-08-06T17:38:00.215Z] {"timestamp":1786037878345,"kind":"navigate","url":"http://localhost:3000/#top","viewport":{"width":863,"height":696},"payload":{"reason":"popstate"}}
[2026-08-06T17:38:00.215Z] {"timestamp":1786037878345,"kind":"focusout","url":"http://localhost:3000/#top","viewport":{"width":863,"height":696},"payload":{"target":{"tag":"a","id":null,"name":null,"type":null,"role":null,"ariaLabel":null,"testId":null,"dataLoc":"client\\src\\components\\Header.tsx:31","href":"#top","text":"CHANDIGARH UNIVERSITY GFG Community","selectorHint":"[data-loc=\"client\\src\\components\\Header.tsx:31\"]"},"value":null}}
[2026-08-06T17:38:00.215Z] {"timestamp":1786037878362,"kind":"scroll","url":"http://localhost:3000/#top","viewport":{"width":863,"height":696},"payload":{"scrollX":0,"scrollY":2.4000000953674316,"documentHeight":14242,"viewportHeight":696}}
[2026-08-06T17:38:00.215Z] {"timestamp":1786037879141,"kind":"focusin","url":"http://localhost:3000/#top","viewport":{"width":863,"height":696},"payload":{"target":{"tag":"a","id":null,"name":null,"type":null,"role":null,"ariaLabel":null,"testId":null,"dataLoc":"client\\src\\components\\Header.tsx:31","href":"#top","text":"CHANDIGARH UNIVERSITY GFG Community","selectorHint":"[data-loc=\"client\\src\\components\\Header.tsx:31\"]"}}}
[2026-08-06T17:38:00.215Z] {"timestamp":1786037879367,"kind":"click","url":"http://localhost:3000/#top","viewport":{"width":863,"height":696},"payload":{"target":{"tag":"img","id":null,"name":null,"type":null,"role":null,"ariaLabel":null,"testId":null,"dataLoc":"client\\src\\components\\Header.tsx:54","href":null,"text":"","selectorHint":"[data-loc=\"client\\src\\components\\Header.tsx:54\"]"},"x":134,"y":36}}
[2026-08-06T17:38:00.215Z] {"timestamp":1786037879367,"kind":"navigate","url":"http://localhost:3000/#top","viewport":{"width":863,"height":696},"payload":{"reason":"popstate"}}
[2026-08-06T17:38:00.215Z] {"timestamp":1786037879368,"kind":"focusout","url":"http://localhost:3000/#top","viewport":{"width":863,"height":696},"payload":{"target":{"tag":"a","id":null,"name":null,"type":null,"role":null,"ariaLabel":null,"testId":null,"dataLoc":"client\\src\\components\\Header.tsx:31","href":"#top","text":"CHANDIGARH UNIVERSITY GFG Community","selectorHint":"[data-loc=\"client\\src\\components\\Header.tsx:31\"]"},"value":null}}
[2026-08-06T17:38:18.616Z] {"timestamp":1786037898388,"kind":"focusin","url":"http://localhost:3000/#top","viewport":{"width":863,"height":696},"payload":{"target":{"tag":"a","id":null,"name":null,"type":null,"role":null,"ariaLabel":null,"testId":null,"dataLoc":"client\\src\\components\\Header.tsx:106","href":"/join","text":"Join Now","selectorHint":"[data-loc=\"client\\src\\components\\Header.tsx:106\"]"}}}
[2026-08-06T17:38:18.616Z] {"timestamp":1786037898612,"kind":"click","url":"http://localhost:3000/#top","viewport":{"width":863,"height":696},"payload":{"target":{"tag":"a","id":null,"name":null,"type":null,"role":null,"ariaLabel":null,"testId":null,"dataLoc":"client\\src\\components\\Header.tsx:106","href":"/join","text":"Join Now","selectorHint":"[data-loc=\"client\\src\\components\\Header.tsx:106\"]"},"x":799,"y":20}}
[2026-08-06T17:38:21.724Z] {"timestamp":1786037901498,"kind":"focusin","url":"http://localhost:3000/join","viewport":{"width":863,"height":696},"payload":{"target":{"tag":"a","id":null,"name":null,"type":null,"role":null,"ariaLabel":null,"testId":null,"dataLoc":"client\\src\\pages\\JoinChapter.tsx:22","href":"/","text":"Back to Home","selectorHint":"[data-loc=\"client\\src\\pages\\JoinChapter.tsx:22\"]"}}}
[2026-08-06T17:38:21.724Z] {"timestamp":1786037901721,"kind":"click","url":"http://localhost:3000/join","viewport":{"width":863,"height":696},"payload":{"target":{"tag":"svg","id":null,"name":null,"type":null,"role":null,"ariaLabel":null,"testId":null,"dataLoc":"client\\src\\pages\\JoinChapter.tsx:26","href":null,"text":"","selectorHint":"[data-loc=\"client\\src\\pages\\JoinChapter.tsx:26\"]"},"x":73,"y":65}}
[2026-08-06T17:38:27.791Z] {"timestamp":1786037906307,"kind":"scroll","url":"http://localhost:3000/","viewport":{"width":1159,"height":696},"payload":{"scrollX":0,"scrollY":4.800000190734863,"documentHeight":12811,"viewportHeight":696}}
[2026-08-06T17:38:27.791Z] {"timestamp":1786037906808,"kind":"scroll","url":"http://localhost:3000/","viewport":{"width":1159,"height":696},"payload":{"scrollX":0,"scrollY":1279.199951171875,"documentHeight":12811,"viewportHeight":696}}
[2026-08-06T17:38:27.791Z] {"timestamp":1786037907309,"kind":"scroll","url":"http://localhost:3000/","viewport":{"width":1159,"height":696},"payload":{"scrollX":0,"scrollY":2009.5999755859375,"documentHeight":12865,"viewportHeight":696}}
[2026-08-06T17:38:29.798Z] {"timestamp":1786037907825,"kind":"scroll","url":"http://localhost:3000/","viewport":{"width":1159,"height":696},"payload":{"scrollX":0,"scrollY":2620.800048828125,"documentHeight":12865,"viewportHeight":696}}
[2026-08-06T17:38:29.798Z] {"timestamp":1786037908391,"kind":"scroll","url":"http://localhost:3000/","viewport":{"width":1159,"height":696},"payload":{"scrollX":0,"scrollY":3203.199951171875,"documentHeight":12865,"viewportHeight":696}}
[2026-08-06T17:38:29.798Z] {"timestamp":1786037908975,"kind":"scroll","url":"http://localhost:3000/","viewport":{"width":1159,"height":696},"payload":{"scrollX":0,"scrollY":3826.39990234375,"documentHeight":12865,"viewportHeight":696}}
[2026-08-06T17:38:29.798Z] {"timestamp":1786037909491,"kind":"scroll","url":"http://localhost:3000/","viewport":{"width":1159,"height":696},"payload":{"scrollX":0,"scrollY":4437.60009765625,"documentHeight":12865,"viewportHeight":696}}
[2026-08-06T17:38:31.793Z] {"timestamp":1786037910007,"kind":"scroll","url":"http://localhost:3000/","viewport":{"width":1159,"height":696},"payload":{"scrollX":0,"scrollY":4964,"documentHeight":12811,"viewportHeight":696}}
[2026-08-06T17:38:31.793Z] {"timestamp":1786037910508,"kind":"scroll","url":"http://localhost:3000/","viewport":{"width":1159,"height":696},"payload":{"scrollX":0,"scrollY":4672,"documentHeight":12811,"viewportHeight":696}}
[2026-08-06T17:38:31.793Z] {"timestamp":1786037911109,"kind":"scroll","url":"http://localhost:3000/","viewport":{"width":1159,"height":696},"payload":{"scrollX":0,"scrollY":4676,"documentHeight":12811,"viewportHeight":696}}
[2026-08-06T17:38:33.798Z] {"timestamp":1786037913424,"kind":"scroll","url":"http://localhost:3000/","viewport":{"width":1159,"height":696},"payload":{"scrollX":0,"scrollY":4675.2001953125,"documentHeight":12811,"viewportHeight":696}}
[2026-08-06T17:38:35.792Z] {"timestamp":1786037915490,"kind":"scroll","url":"http://localhost:3000/","viewport":{"width":1159,"height":696},"payload":{"scrollX":0,"scrollY":4729.60009765625,"documentHeight":12865,"viewportHeight":696}}
[2026-08-06T17:38:41.801Z] {"timestamp":1786037920031,"kind":"scroll","url":"http://localhost:3000/","viewport":{"width":1159,"height":696},"payload":{"scrollX":0,"scrollY":4675.2001953125,"documentHeight":12811,"viewportHeight":696}}
[2026-08-06T17:39:03.799Z] {"timestamp":1786037942808,"kind":"scroll","url":"http://localhost:3000/","viewport":{"width":1159,"height":696},"payload":{"scrollX":0,"scrollY":4729.60009765625,"documentHeight":12865,"viewportHeight":696}}
[2026-08-06T17:39:05.792Z] {"timestamp":1786037945491,"kind":"scroll","url":"http://localhost:3000/","viewport":{"width":1159,"height":696},"payload":{"scrollX":0,"scrollY":4675.2001953125,"documentHeight":12811,"viewportHeight":696}}
[2026-08-06T17:39:09.800Z] {"timestamp":1786037948558,"kind":"scroll","url":"http://localhost:3000/","viewport":{"width":1159,"height":696},"payload":{"scrollX":0,"scrollY":4729.60009765625,"documentHeight":12865,"viewportHeight":696}}
[2026-08-06T17:39:29.788Z] {"timestamp":1786037968960,"kind":"scroll","url":"http://localhost:3000/","viewport":{"width":1159,"height":696},"payload":{"scrollX":0,"scrollY":4675.2001953125,"documentHeight":12811,"viewportHeight":696}}
[2026-08-06T17:39:31.792Z] {"timestamp":1786037970577,"kind":"scroll","url":"http://localhost:3000/","viewport":{"width":1159,"height":696},"payload":{"scrollX":0,"scrollY":4729.60009765625,"documentHeight":12865,"viewportHeight":696}}
[2026-08-06T17:39:31.792Z] {"timestamp":1786037971497,"kind":"scroll","url":"http://localhost:3000/","viewport":{"width":863,"height":696},"payload":{"scrollX":0,"scrollY":5074.39990234375,"documentHeight":14242,"viewportHeight":696}}
[2026-08-06T17:39:33.797Z] {"timestamp":1786037972777,"kind":"scroll","url":"http://localhost:3000/","viewport":{"width":863,"height":696},"payload":{"scrollX":0,"scrollY":5031.2001953125,"documentHeight":14198,"viewportHeight":696}}
[2026-08-06T17:39:35.796Z] {"timestamp":1786037974360,"kind":"scroll","url":"http://localhost:3000/","viewport":{"width":863,"height":696},"payload":{"scrollX":0,"scrollY":5074.39990234375,"documentHeight":14242,"viewportHeight":696}}
[2026-08-06T17:39:37.795Z] {"timestamp":1786037976494,"kind":"scroll","url":"http://localhost:3000/","viewport":{"width":863,"height":696},"payload":{"scrollX":0,"scrollY":5031.2001953125,"documentHeight":14166,"viewportHeight":696}}
[2026-08-06T17:39:39.801Z] {"timestamp":1786037978211,"kind":"scroll","url":"http://localhost:3000/","viewport":{"width":863,"height":696},"payload":{"scrollX":0,"scrollY":5074.39990234375,"documentHeight":14209,"viewportHeight":696}}
[2026-08-06T17:40:15.791Z] {"timestamp":1786038015419,"kind":"scroll","url":"http://localhost:3000/","viewport":{"width":863,"height":696},"payload":{"scrollX":0,"scrollY":5031.2001953125,"documentHeight":14166,"viewportHeight":696}}
[2026-08-06T17:40:17.788Z] {"timestamp":1786038016521,"kind":"scroll","url":"http://localhost:3000/","viewport":{"width":863,"height":696},"payload":{"scrollX":0,"scrollY":5074.39990234375,"documentHeight":14209,"viewportHeight":696}}
[2026-08-06T17:40:19.790Z] {"timestamp":1786038018586,"kind":"scroll","url":"http://localhost:3000/","viewport":{"width":863,"height":696},"payload":{"scrollX":0,"scrollY":5031.2001953125,"documentHeight":14166,"viewportHeight":696}}
[2026-08-06T17:40:21.789Z] {"timestamp":1786038020452,"kind":"scroll","url":"http://localhost:3000/","viewport":{"width":863,"height":696},"payload":{"scrollX":0,"scrollY":5074.39990234375,"documentHeight":14209,"viewportHeight":696}}
[2026-08-06T17:40:23.799Z] {"timestamp":1786038022736,"kind":"scroll","url":"http://localhost:3000/","viewport":{"width":863,"height":696},"payload":{"scrollX":0,"scrollY":5031.2001953125,"documentHeight":14198,"viewportHeight":696}}
[2026-08-06T17:40:25.788Z] {"timestamp":1786038025754,"kind":"scroll","url":"http://localhost:3000/","viewport":{"width":863,"height":696},"payload":{"scrollX":0,"scrollY":4935.2001953125,"documentHeight":14198,"viewportHeight":696}}
[2026-08-06T17:40:27.789Z] {"timestamp":1786038026288,"kind":"scroll","url":"http://localhost:3000/","viewport":{"width":863,"height":696},"payload":{"scrollX":0,"scrollY":4121.60009765625,"documentHeight":14242,"viewportHeight":696}}
[2026-08-06T17:40:27.789Z] {"timestamp":1786038026788,"kind":"scroll","url":"http://localhost:3000/","viewport":{"width":863,"height":696},"payload":{"scrollX":0,"scrollY":3189.60009765625,"documentHeight":14242,"viewportHeight":696}}
[2026-08-06T17:40:27.789Z] {"timestamp":1786038027305,"kind":"scroll","url":"http://localhost:3000/","viewport":{"width":863,"height":696},"payload":{"scrollX":0,"scrollY":2522.39990234375,"documentHeight":14242,"viewportHeight":696}}
[2026-08-06T17:40:29.788Z] {"timestamp":1786038027804,"kind":"scroll","url":"http://localhost:3000/","viewport":{"width":863,"height":696},"payload":{"scrollX":0,"scrollY":1700,"documentHeight":14242,"viewportHeight":696}}
[2026-08-06T17:40:29.789Z] {"timestamp":1786038028306,"kind":"scroll","url":"http://localhost:3000/","viewport":{"width":863,"height":696},"payload":{"scrollX":0,"scrollY":652,"documentHeight":14198,"viewportHeight":696}}
